Company_Key,Date,Date_Key,Open,High,Low,Close_Split_Adjusted,Adj_Close,Unadjusted_Close,Volume,Daily_Return_Pct,Stock_Splits
GME,2002-02-13,20020213,2.41,2.52,2.38,2.512500047683716,2.51,20.08,76216000,0.0,0.0
GME,2002-02-14,20020214,2.54,2.55,2.48,2.5,2.5,20.0,11021600,-0.003984,0.0
GME,2002-02-15,20020215,2.5,2.51,2.46,2.487499952316284,2.49,19.92,8389600,-0.004,0.0
GME,2002-02-19,20020219,2.47,2.47,2.34,2.387500047683716,2.39,19.12,7410400,-0.040161,0.0
GME,2002-02-20,20020220,2.4,2.47,2.38,2.46875,2.47,19.76,6892800,0.033473,0.0
GME,2002-02-21,20020221,2.46,2.48,2.44,2.4625000953674316,2.46,19.68,6976800,-0.004049,0.0
GME,2002-02-22,20020222,2.48,2.48,2.4,2.418750047683716,2.42,19.36,3525600,-0.01626,0.0
GME,2002-02-25,20020225,2.41,2.46,2.38,2.4375,2.44,19.52,3453600,0.008264,0.0
GME,2002-02-26,20020226,2.42,2.46,2.39,2.4375,2.44,19.52,2761600,0.0,0.0
GME,2002-02-27,20020227,2.42,2.42,2.38,2.393749952316284,2.39,19.12,4091200,-0.020492,0.0
GME,2002-02-28,20020228,2.4,2.43,2.39,2.387500047683716,2.39,19.12,2751200,0.0,0.0
GME,2002-03-01,20020301,2.38,2.44,2.37,2.421250104904175,2.42,19.36,1913600,0.012552,0.0
GME,2002-03-04,20020304,2.43,2.48,2.43,2.4625000953674316,2.46,19.68,3180800,0.016529,0.0
GME,2002-03-05,20020305,2.45,2.46,2.39,2.40625,2.41,19.28,3444800,-0.020325,0.0
GME,2002-03-06,20020306,2.4,2.43,2.4,2.418750047683716,2.42,19.36,1316800,0.004149,0.0
GME,2002-03-07,20020307,2.42,2.58,2.42,2.552500009536743,2.55,20.4,2700800,0.053719,0.0
GME,2002-03-08,20020308,2.54,2.62,2.54,2.612499952316284,2.61,20.88,1600800,0.023529,0.0
GME,2002-03-11,20020311,2.6,2.67,2.59,2.646250009536743,2.65,21.2,5462400,0.015326,0.0
GME,2002-03-12,20020312,2.62,2.74,2.62,2.6500000953674316,2.65,21.2,5819200,0.0,0.0
GME,2002-03-13,20020313,2.65,2.69,2.58,2.627500057220459,2.63,21.04,5063200,-0.007547,0.0
GME,2002-03-14,20020314,2.63,2.65,2.61,2.625,2.62,20.96,1696800,-0.003802,0.0
GME,2002-03-15,20020315,2.62,2.64,2.49,2.543750047683716,2.54,20.32,1708000,-0.030534,0.0
GME,2002-03-18,20020318,2.55,2.55,2.38,2.4124999046325684,2.41,19.28,2207200,-0.051181,0.0
GME,2002-03-19,20020319,2.43,2.44,2.33,2.3375000953674316,2.34,18.72,3229600,-0.029046,0.0
GME,2002-03-20,20020320,2.32,2.32,2.12,2.252500057220459,2.25,18.0,9236000,-0.038462,0.0
GME,2002-03-21,20020321,2.25,2.41,2.25,2.34375,2.34,18.72,4427200,0.04,0.0
GME,2002-03-22,20020322,2.34,2.45,2.31,2.4124999046325684,2.41,19.28,2494400,0.029915,0.0
GME,2002-03-25,20020325,2.44,2.48,2.4,2.4649999141693115,2.46,19.68,7571200,0.020747,0.0
GME,2002-03-26,20020326,2.5,2.51,2.47,2.497499942779541,2.5,20.0,1816800,0.01626,0.0
GME,2002-03-27,20020327,2.5,2.62,2.49,2.575000047683716,2.58,20.64,1369600,0.032,0.0
GME,2002-03-28,20020328,2.56,2.58,2.51,2.5250000953674316,2.53,20.24,1714400,-0.01938,0.0
GME,2002-04-01,20020401,2.51,2.51,2.38,2.3812499046325684,2.38,19.04,1880000,-0.059289,0.0
GME,2002-04-02,20020402,2.38,2.38,2.29,2.3299999237060547,2.33,18.64,2098400,-0.021008,0.0
GME,2002-04-03,20020403,2.33,2.35,2.31,2.325000047683716,2.33,18.64,567200,0.0,0.0
GME,2002-04-04,20020404,2.32,2.38,2.32,2.3687500953674316,2.37,18.96,763200,0.017167,0.0
GME,2002-04-05,20020405,2.37,2.42,2.31,2.3112499713897705,2.31,18.48,837600,-0.025316,0.0
GME,2002-04-08,20020408,2.33,2.33,2.22,2.2874999046325684,2.29,18.32,1558400,-0.008658,0.0
GME,2002-04-09,20020409,2.28,2.4,2.28,2.3687500953674316,2.37,18.96,3562400,0.034934,0.0
GME,2002-04-10,20020410,2.36,2.38,2.34,2.365000009536743,2.37,18.96,1302400,0.0,0.0
GME,2002-04-11,20020411,2.36,2.36,2.31,2.3125,2.31,18.48,1444000,-0.025316,0.0
GME,2002-04-12,20020412,2.33,2.33,2.26,2.28125,2.28,18.24,1236000,-0.012987,0.0
GME,2002-04-15,20020415,2.28,2.32,2.27,2.319999933242798,2.32,18.56,1559200,0.017544,0.0
GME,2002-04-16,20020416,2.34,2.4,2.34,2.375,2.38,19.04,1225600,0.025862,0.0
GME,2002-04-17,20020417,2.41,2.53,2.41,2.476249933242798,2.48,19.84,3348800,0.042017,0.0
GME,2002-04-18,20020418,2.48,2.52,2.47,2.476249933242798,2.48,19.84,984800,0.0,0.0
GME,2002-04-19,20020419,2.48,2.54,2.48,2.533750057220459,2.53,20.24,646400,0.020161,0.0
GME,2002-04-22,20020422,2.52,2.52,2.48,2.5,2.5,20.0,772800,-0.011858,0.0
GME,2002-04-23,20020423,2.49,2.53,2.44,2.4437499046325684,2.44,19.52,824800,-0.024,0.0
GME,2002-04-24,20020424,2.44,2.45,2.42,2.4262499809265137,2.43,19.44,1064800,-0.004098,0.0
GME,2002-04-25,20020425,2.43,2.43,2.4,2.424999952316284,2.42,19.36,1727200,-0.004115,0.0
GME,2002-04-26,20020426,2.41,2.45,2.41,2.40625,2.41,19.28,1653600,-0.004132,0.0
GME,2002-04-29,20020429,2.39,2.39,2.35,2.362499952316284,2.36,18.88,2562400,-0.020747,0.0
GME,2002-04-30,20020430,2.34,2.41,2.34,2.3812499046325684,2.38,19.04,6894400,0.008475,0.0
GME,2002-05-01,20020501,2.41,2.56,2.41,2.5625,2.56,20.48,1672000,0.07563,0.0
GME,2002-05-02,20020502,2.55,2.62,2.55,2.603749990463257,2.6,20.8,3316000,0.015625,0.0
GME,2002-05-03,20020503,2.6,2.6,2.57,2.5999999046325684,2.6,20.8,463200,0.0,0.0
GME,2002-05-06,20020506,2.6,2.82,2.6,2.71875,2.72,21.76,2146400,0.046154,0.0
GME,2002-05-07,20020507,2.71,2.75,2.68,2.6875,2.69,21.52,452800,-0.011029,0.0
GME,2002-05-08,20020508,2.71,2.81,2.71,2.799999952316284,2.8,22.4,658400,0.040892,0.0
GME,2002-05-09,20020509,2.81,2.9,2.81,2.856250047683716,2.86,22.88,847200,0.021429,0.0
GME,2002-05-10,20020510,2.88,2.93,2.75,2.757499933242798,2.76,22.08,696000,-0.034965,0.0
GME,2002-05-13,20020513,2.76,2.76,2.61,2.6875,2.69,21.52,1929600,-0.025362,0.0
GME,2002-05-14,20020514,2.75,2.8,2.6,2.5999999046325684,2.6,20.8,3958400,-0.033457,0.0
GME,2002-05-15,20020515,2.59,2.62,2.48,2.481250047683716,2.48,19.84,5829600,-0.046154,0.0
GME,2002-05-16,20020516,2.48,2.59,2.48,2.575000047683716,2.58,20.64,5286400,0.040323,0.0
GME,2002-05-17,20020517,2.59,2.69,2.59,2.653749942779541,2.65,21.2,4351200,0.027132,0.0
GME,2002-05-20,20020520,2.65,2.69,2.64,2.672499895095825,2.67,21.36,2336000,0.007547,0.0
GME,2002-05-21,20020521,2.83,2.83,2.56,2.5625,2.56,20.48,3872000,-0.041199,0.0
GME,2002-05-22,20020522,2.56,2.69,2.54,2.65625,2.66,21.28,1847200,0.039062,0.0
GME,2002-05-23,20020523,2.66,2.84,2.66,2.8012499809265137,2.8,22.4,2157600,0.052632,0.0
GME,2002-05-24,20020524,2.79,2.96,2.79,2.932499885559082,2.93,23.44,2212000,0.046429,0.0
GME,2002-05-28,20020528,2.94,3.04,2.91,3.026249885559082,3.03,24.24,2082400,0.03413,0.0
GME,2002-05-29,20020529,3.03,3.03,2.94,2.950000047683716,2.95,23.6,4728000,-0.026403,0.0
GME,2002-05-30,20020530,2.95,2.95,2.89,2.9075000286102295,2.91,23.28,3941600,-0.013559,0.0
GME,2002-05-31,20020531,2.91,3.04,2.91,3.023750066757202,3.02,24.16,2708000,0.037801,0.0
GME,2002-06-03,20020603,3.02,3.02,2.89,2.90625,2.91,23.28,1817600,-0.036424,0.0
GME,2002-06-04,20020604,2.9,2.99,2.86,2.9287500381469727,2.93,23.44,1933600,0.006873,0.0
GME,2002-06-05,20020605,2.94,2.96,2.89,2.90625,2.91,23.28,1752000,-0.006826,0.0
GME,2002-06-06,20020606,2.91,2.96,2.9,2.90625,2.91,23.28,1403200,0.0,0.0
GME,2002-06-07,20020607,2.88,2.9,2.82,2.8687500953674316,2.87,22.96,1752000,-0.013746,0.0
GME,2002-06-10,20020610,2.87,2.91,2.79,2.8125,2.81,22.48,854400,-0.020906,0.0
GME,2002-06-11,20020611,2.83,2.84,2.82,2.84375,2.84,22.72,323200,0.010676,0.0
GME,2002-06-12,20020612,2.81,2.82,2.73,2.799999952316284,2.8,22.4,532000,-0.014085,0.0
GME,2002-06-13,20020613,2.8,2.89,2.76,2.869999885559082,2.87,22.96,1297600,0.025,0.0
GME,2002-06-14,20020614,2.87,2.87,2.67,2.8137500286102295,2.81,22.48,718400,-0.020906,0.0
GME,2002-06-17,20020617,2.83,2.93,2.83,2.877500057220459,2.88,23.04,936800,0.024911,0.0
GME,2002-06-18,20020618,2.88,2.89,2.79,2.815000057220459,2.82,22.56,260000,-0.020833,0.0
GME,2002-06-19,20020619,2.81,2.89,2.81,2.875,2.88,23.04,905600,0.021277,0.0
GME,2002-06-20,20020620,2.86,2.86,2.72,2.737499952316284,2.74,21.92,509600,-0.048611,0.0
GME,2002-06-21,20020621,2.72,2.72,2.61,2.625,2.62,20.96,1016000,-0.043796,0.0
GME,2002-06-24,20020624,2.62,2.62,2.49,2.565000057220459,2.57,20.56,1092800,-0.019084,0.0
GME,2002-06-25,20020625,2.57,2.6,2.5,2.497499942779541,2.5,20.0,829600,-0.027237,0.0
GME,2002-06-26,20020626,2.47,2.47,2.3,2.3687500953674316,2.37,18.96,2882400,-0.052,0.0
GME,2002-06-27,20020627,2.39,2.5,2.36,2.5,2.5,20.0,1632000,0.054852,0.0
GME,2002-06-28,20020628,2.49,2.66,2.48,2.6237499713897705,2.62,20.96,3480000,0.048,0.0
GME,2002-07-01,20020701,2.61,2.62,2.46,2.4674999713897705,2.47,19.76,1088000,-0.057252,0.0
GME,2002-07-02,20020702,2.47,2.47,2.23,2.3450000286102295,2.35,18.8,1637600,-0.048583,0.0
GME,2002-07-03,20020703,2.34,2.39,2.16,2.3125,2.31,18.48,2226400,-0.017021,0.0
GME,2002-07-05,20020705,2.33,2.43,2.33,2.3762500286102295,2.38,19.04,455200,0.030303,0.0
GME,2002-07-08,20020708,2.39,2.54,2.37,2.476249933242798,2.48,19.84,1433600,0.042017,0.0
GME,2002-07-09,20020709,2.46,2.55,2.4,2.4375,2.44,19.52,2162400,-0.016129,0.0
GME,2002-07-10,20020710,2.44,2.51,2.37,2.4000000953674316,2.4,19.2,2144000,-0.016393,0.0
GME,2002-07-11,20020711,2.38,2.39,2.22,2.3037500381469727,2.3,18.4,2443200,-0.041667,0.0
GME,2002-07-12,20020712,2.3,2.3,2.2,2.211250066757202,2.21,17.68,1052800,-0.03913,0.0
GME,2002-07-15,20020715,2.21,2.21,1.98,2.0875000953674316,2.09,16.72,1300000,-0.054299,0.0
GME,2002-07-16,20020716,2.06,2.11,2.01,2.023750066757202,2.02,16.16,1246400,-0.033493,0.0
GME,2002-07-17,20020717,2.03,2.08,1.79,2.0112500190734863,2.01,16.08,6398400,-0.00495,0.0
GME,2002-07-18,20020718,2.01,2.05,2.0,2.005000114440918,2.01,16.08,1261600,0.0,0.0
GME,2002-07-19,20020719,1.99,2.0,1.96,1.972499966621399,1.97,15.76,1353600,-0.0199,0.0
GME,2002-07-22,20020722,1.97,2.06,1.95,1.975000023841858,1.98,15.84,999200,0.005076,0.0
GME,2002-07-23,20020723,1.99,2.05,1.91,2.0,2.0,16.0,2536000,0.010101,0.0
GME,2002-07-24,20020724,1.98,2.2,1.87,2.1987500190734863,2.2,17.6,1784800,0.1,0.0
GME,2002-07-25,20020725,2.2,2.2,2.08,2.122499942779541,2.12,16.96,560800,-0.036364,0.0
GME,2002-07-26,20020726,2.12,2.21,2.12,2.192500114440918,2.19,17.52,668800,0.033019,0.0
GME,2002-07-29,20020729,2.19,2.29,2.19,2.2874999046325684,2.29,18.32,936000,0.045662,0.0
GME,2002-07-30,20020730,2.29,2.3,2.21,2.2437500953674316,2.24,17.92,716800,-0.021834,0.0
GME,2002-07-31,20020731,2.22,2.22,2.15,2.1875,2.19,17.52,777600,-0.022321,0.0
GME,2002-08-01,20020801,2.17,2.17,2.03,2.086250066757202,2.09,16.72,1011200,-0.045662,0.0
GME,2002-08-02,20020802,2.07,2.07,1.86,1.8875000476837158,1.89,15.12,1099200,-0.095694,0.0
GME,2002-08-05,20020805,1.89,1.96,1.89,1.9187500476837158,1.92,15.36,702400,0.015873,0.0
GME,2002-08-06,20020806,1.94,1.99,1.94,1.9737499952316284,1.97,15.76,1688800,0.026042,0.0
GME,2002-08-07,20020807,1.98,2.0,1.93,1.9862500429153442,1.99,15.92,1560800,0.010152,0.0
GME,2002-08-08,20020808,1.98,1.98,1.73,1.8624999523162842,1.86,14.88,4937600,-0.065327,0.0
GME,2002-08-09,20020809,1.86,1.95,1.86,1.90625,1.91,15.28,946400,0.026882,0.0
GME,2002-08-12,20020812,1.9,2.03,1.9,2.03125,2.03,16.24,926400,0.062827,0.0
GME,2002-08-13,20020813,2.06,2.15,2.03,2.043750047683716,2.04,16.32,1760800,0.004926,0.0
GME,2002-08-14,20020814,2.04,2.22,2.04,2.1624999046325684,2.16,17.28,3224800,0.058824,0.0
GME,2002-08-15,20020815,2.25,2.34,2.25,2.262500047683716,2.26,18.08,3407200,0.046296,0.0
GME,2002-08-16,20020816,2.26,2.47,2.26,2.3662500381469727,2.37,18.96,1723200,0.048673,0.0
GME,2002-08-19,20020819,2.37,2.55,2.34,2.4937500953674316,2.49,19.92,1722400,0.050633,0.0
GME,2002-08-20,20020820,2.59,2.69,2.53,2.615000009536743,2.62,20.96,5432800,0.052209,0.0
GME,2002-08-21,20020821,2.62,2.69,2.57,2.6812500953674316,2.68,21.44,1994400,0.022901,0.0
GME,2002-08-22,20020822,2.65,2.69,2.55,2.5625,2.56,20.48,3035200,-0.044776,0.0
GME,2002-08-23,20020823,2.56,2.56,2.47,2.46875,2.47,19.76,1333600,-0.035156,0.0
GME,2002-08-26,20020826,2.47,2.59,2.47,2.5824999809265137,2.58,20.64,2069600,0.044534,0.0
GME,2002-08-27,20020827,2.59,2.63,2.56,2.5762500762939453,2.58,20.64,1864800,0.0,0.0
GME,2002-08-28,20020828,2.57,2.66,2.55,2.612499952316284,2.61,20.88,2461600,0.011628,0.0
GME,2002-08-29,20020829,2.6,2.68,2.56,2.6787500381469727,2.68,21.44,1388000,0.02682,0.0
GME,2002-08-30,20020830,2.7,2.75,2.6,2.5999999046325684,2.6,20.8,778400,-0.029851,0.0
GME,2002-09-03,20020903,2.6,2.6,2.44,2.5,2.5,20.0,1085600,-0.038462,0.0
GME,2002-09-04,20020904,2.53,2.57,2.33,2.325000047683716,2.33,18.64,2308800,-0.068,0.0
GME,2002-09-05,20020905,2.31,2.44,2.3,2.3975000381469727,2.4,19.2,1292800,0.030043,0.0
GME,2002-09-06,20020906,2.41,2.47,2.41,2.4512500762939453,2.45,19.6,1339200,0.020833,0.0
GME,2002-09-09,20020909,2.46,2.51,2.33,2.5062499046325684,2.51,20.08,1700000,0.02449,0.0
GME,2002-09-10,20020910,2.52,2.56,2.48,2.549999952316284,2.55,20.4,1416800,0.015936,0.0
GME,2002-09-11,20020911,2.58,2.61,2.58,2.5999999046325684,2.6,20.8,599200,0.019608,0.0
GME,2002-09-12,20020912,2.63,2.63,2.55,2.549999952316284,2.55,20.4,1172000,-0.019231,0.0
GME,2002-09-13,20020913,2.53,2.53,2.45,2.450000047683716,2.45,19.6,288000,-0.039216,0.0
GME,2002-09-16,20020916,2.45,2.53,2.45,2.526249885559082,2.53,20.24,484800,0.032653,0.0
GME,2002-09-17,20020917,2.56,2.61,2.48,2.552500009536743,2.55,20.4,388800,0.007905,0.0
GME,2002-09-18,20020918,2.54,2.55,2.48,2.512500047683716,2.51,20.08,408000,-0.015686,0.0
GME,2002-09-19,20020919,2.53,2.59,2.5,2.5350000858306885,2.54,20.32,3078400,0.011952,0.0
GME,2002-09-20,20020920,2.61,2.61,2.47,2.5062499046325684,2.51,20.08,737600,-0.011811,0.0
GME,2002-09-23,20020923,2.51,2.51,2.48,2.487499952316284,2.49,19.92,1595200,-0.007968,0.0
GME,2002-09-24,20020924,2.48,2.48,2.33,2.427500009536743,2.43,19.44,1099200,-0.024096,0.0
GME,2002-09-25,20020925,2.43,2.47,2.43,2.456249952316284,2.46,19.68,840000,0.012346,0.0
GME,2002-09-26,20020926,2.47,2.58,2.47,2.581249952316284,2.58,20.64,1353600,0.04878,0.0
GME,2002-09-27,20020927,2.58,2.77,2.58,2.6600000858306885,2.66,21.28,2938400,0.031008,0.0
GME,2002-09-30,20020930,2.66,2.67,2.43,2.5562500953674316,2.56,20.48,2290400,-0.037594,0.0
GME,2002-10-01,20021001,2.56,2.56,2.38,2.5,2.5,20.0,3411200,-0.023438,0.0
GME,2002-10-02,20021002,2.48,2.5,2.41,2.4749999046325684,2.47,19.76,1560000,-0.012,0.0
GME,2002-10-03,20021003,2.48,2.48,2.39,2.393749952316284,2.39,19.12,1212000,-0.032389,0.0
GME,2002-10-04,20021004,2.41,2.46,2.31,2.413749933242798,2.41,19.28,2060800,0.008368,0.0
GME,2002-10-07,20021007,2.39,2.4,2.33,2.325000047683716,2.33,18.64,1420800,-0.033195,0.0
GME,2002-10-08,20021008,2.35,2.41,2.35,2.362499952316284,2.36,18.88,1255200,0.012876,0.0
GME,2002-10-09,20021009,2.35,2.36,2.18,2.1837499141693115,2.18,17.44,1482400,-0.076271,0.0
GME,2002-10-10,20021010,2.19,2.34,2.16,2.288749933242798,2.29,18.32,2052800,0.050459,0.0
GME,2002-10-11,20021011,2.3,2.34,2.3,2.3212499618530273,2.32,18.56,1828000,0.0131,0.0
GME,2002-10-14,20021014,2.31,2.36,2.29,2.3424999713897705,2.34,18.72,673600,0.008621,0.0
GME,2002-10-15,20021015,2.44,2.48,2.4,2.4487500190734863,2.45,19.6,1840800,0.047009,0.0
GME,2002-10-16,20021016,2.44,2.46,2.39,2.4375,2.44,19.52,1138400,-0.004082,0.0
GME,2002-10-17,20021017,2.46,2.58,2.43,2.4725000858306885,2.47,19.76,1288800,0.012295,0.0
GME,2002-10-18,20021018,2.47,2.61,2.47,2.543750047683716,2.54,20.32,1427200,0.02834,0.0
GME,2002-10-21,20021021,2.55,2.62,2.51,2.606250047683716,2.61,20.88,1616800,0.027559,0.0
GME,2002-10-22,20021022,2.28,2.47,2.28,2.396250009536743,2.4,19.2,7187200,-0.08046,0.0
GME,2002-10-23,20021023,2.39,2.51,2.39,2.492500066757202,2.49,19.92,1184800,0.0375,0.0
GME,2002-10-24,20021024,2.51,2.56,2.51,2.549999952316284,2.55,20.4,1300800,0.024096,0.0
GME,2002-10-25,20021025,2.54,2.62,2.53,2.543750047683716,2.54,20.32,2435200,-0.003922,0.0
GME,2002-10-28,20021028,2.56,2.56,2.32,2.3187499046325684,2.32,18.56,4722400,-0.086614,0.0
GME,2002-10-29,20021029,2.32,2.32,2.23,2.25,2.25,18.0,4871200,-0.030172,0.0
GME,2002-10-30,20021030,2.29,2.32,2.24,2.25,2.25,18.0,4926400,0.0,0.0
GME,2002-10-31,20021031,2.27,2.27,2.22,2.237499952316284,2.24,17.92,1644000,-0.004444,0.0
GME,2002-11-01,20021101,2.24,2.24,2.15,2.203749895095825,2.2,17.6,2742400,-0.017857,0.0
GME,2002-11-04,20021104,2.23,2.29,2.23,2.259999990463257,2.26,18.08,1336800,0.027273,0.0
GME,2002-11-05,20021105,2.26,2.34,2.24,2.34375,2.34,18.72,2224800,0.035398,0.0
GME,2002-11-06,20021106,2.35,2.37,2.31,2.325000047683716,2.33,18.64,910400,-0.004274,0.0
GME,2002-11-07,20021107,2.31,2.35,2.28,2.3087499141693115,2.31,18.48,834400,-0.008584,0.0
GME,2002-11-08,20021108,2.31,2.31,2.13,2.1287500858306885,2.13,17.04,2266400,-0.077922,0.0
GME,2002-11-11,20021111,2.14,2.18,2.11,2.174999952316284,2.17,17.36,1081600,0.018779,0.0
GME,2002-11-12,20021112,2.18,2.38,2.18,2.299999952316284,2.3,18.4,2532000,0.059908,0.0
GME,2002-11-13,20021113,2.3,2.39,2.25,2.375,2.38,19.04,3766400,0.034783,0.0
GME,2002-11-14,20021114,2.39,2.44,2.34,2.375,2.38,19.04,1755200,0.0,0.0
GME,2002-11-15,20021115,2.39,2.55,2.39,2.521250009536743,2.52,20.16,2507200,0.058824,0.0
GME,2002-11-18,20021118,2.61,2.62,2.47,2.5299999713897705,2.53,20.24,4120000,0.003968,0.0
GME,2002-11-19,20021119,2.38,2.39,2.2,2.387500047683716,2.39,19.12,9400000,-0.055336,0.0
GME,2002-11-20,20021120,2.39,2.44,2.32,2.40625,2.41,19.28,2154400,0.008368,0.0
GME,2002-11-21,20021121,2.42,2.46,2.34,2.430000066757202,2.43,19.44,2915200,0.008299,0.0
GME,2002-11-22,20021122,2.43,2.43,2.29,2.3125,2.31,18.48,3816800,-0.049383,0.0
GME,2002-11-25,20021125,2.34,2.37,2.31,2.319999933242798,2.32,18.56,1702400,0.004329,0.0
GME,2002-11-26,20021126,2.32,2.35,2.26,2.3125,2.31,18.48,1782400,-0.00431,0.0
GME,2002-11-27,20021127,2.33,2.36,2.31,2.333750009536743,2.33,18.64,1418400,0.008658,0.0
GME,2002-11-29,20021129,2.39,2.39,2.33,2.325000047683716,2.33,18.64,461600,0.0,0.0
GME,2002-12-02,20021202,2.38,2.47,2.34,2.362499952316284,2.36,18.88,3728000,0.012876,0.0
GME,2002-12-03,20021203,2.34,2.42,2.28,2.382499933242798,2.38,19.04,1670400,0.008475,0.0
GME,2002-12-04,20021204,2.37,2.41,2.35,2.3499999046325684,2.35,18.8,1547200,-0.012605,0.0
GME,2002-12-05,20021205,2.36,2.47,2.35,2.40625,2.41,19.28,2463200,0.025532,0.0
GME,2002-12-06,20021206,2.39,2.41,2.34,2.4024999141693115,2.4,19.2,1127200,-0.004149,0.0
GME,2002-12-09,20021209,2.33,2.34,2.24,2.268749952316284,2.27,18.16,1407200,-0.054167,0.0
GME,2002-12-10,20021210,2.29,2.33,2.26,2.265000104904175,2.27,18.16,2289600,0.0,0.0
GME,2002-12-11,20021211,2.28,2.3,2.14,2.151249885559082,2.15,17.2,2988800,-0.052863,0.0
GME,2002-12-12,20021212,2.15,2.26,2.14,2.262500047683716,2.26,18.08,1598400,0.051163,0.0
GME,2002-12-13,20021213,2.21,2.21,1.98,1.975000023841858,1.98,15.84,5163200,-0.123894,0.0
GME,2002-12-16,20021216,2.0,2.04,1.99,2.0,2.0,16.0,3011200,0.010101,0.0
GME,2002-12-17,20021217,2.03,2.03,1.82,1.8624999523162842,1.86,14.88,6561600,-0.07,0.0
GME,2002-12-18,20021218,1.69,1.71,1.59,1.6649999618530273,1.66,13.28,15253600,-0.107527,0.0
GME,2002-12-19,20021219,1.24,1.31,1.13,1.1649999618530273,1.16,9.28,38963200,-0.301205,0.0
GME,2002-12-20,20021220,1.19,1.21,1.14,1.183750033378601,1.18,9.44,23508800,0.017241,0.0
GME,2002-12-23,20021223,1.18,1.2,1.16,1.1749999523162842,1.17,9.36,10243200,-0.008475,0.0
GME,2002-12-24,20021224,1.14,1.15,1.12,1.1437499523162842,1.14,9.12,4208000,-0.025641,0.0
GME,2002-12-26,20021226,1.16,1.17,1.14,1.149999976158142,1.15,9.2,2602400,0.008772,0.0
GME,2002-12-27,20021227,1.15,1.17,1.13,1.1687500476837158,1.17,9.36,4116000,0.017391,0.0
GME,2002-12-30,20021230,1.16,1.22,1.15,1.216249942779541,1.22,9.76,2522400,0.042735,0.0
GME,2002-12-31,20021231,1.22,1.23,1.16,1.225000023841858,1.23,9.84,2881600,0.008197,0.0
GME,2003-01-02,20030102,1.23,1.24,1.2,1.215000033378601,1.22,9.76,2815200,-0.00813,0.0
GME,2003-01-03,20030103,1.22,1.25,1.21,1.2337499856948853,1.23,9.84,1894400,0.008197,0.0
GME,2003-01-06,20030106,1.29,1.29,1.22,1.2350000143051147,1.24,9.92,2815200,0.00813,0.0
GME,2003-01-07,20030107,1.27,1.29,1.25,1.2625000476837158,1.26,10.08,3504000,0.016129,0.0
GME,2003-01-08,20030108,1.34,1.34,1.25,1.2687499523162842,1.27,10.16,3288800,0.007937,0.0
GME,2003-01-09,20030109,1.31,1.36,1.31,1.3250000476837158,1.33,10.64,10240800,0.047244,0.0
GME,2003-01-10,20030110,1.33,1.33,1.28,1.2975000143051147,1.3,10.4,2906400,-0.022556,0.0
GME,2003-01-13,20030113,1.33,1.34,1.3,1.318750023841858,1.32,10.56,1628800,0.015385,0.0
GME,2003-01-14,20030114,1.32,1.32,1.23,1.2374999523162842,1.24,9.92,5394400,-0.060606,0.0
GME,2003-01-15,20030115,1.24,1.24,1.09,1.1924999952316284,1.19,9.52,9749600,-0.040323,0.0
GME,2003-01-16,20030116,1.21,1.22,1.18,1.193750023841858,1.19,9.52,2660000,0.0,0.0
GME,2003-01-17,20030117,1.18,1.21,1.16,1.193750023841858,1.19,9.52,2741600,0.0,0.0
GME,2003-01-21,20030121,1.18,1.21,1.14,1.2062499523162842,1.21,9.68,3869600,0.016807,0.0
GME,2003-01-22,20030122,1.19,1.24,1.17,1.2374999523162842,1.24,9.92,2268800,0.024793,0.0
GME,2003-01-23,20030123,1.24,1.24,1.17,1.21875,1.22,9.76,2531200,-0.016129,0.0
GME,2003-01-24,20030124,1.19,1.2,1.13,1.1762499809265137,1.18,9.44,5676000,-0.032787,0.0
GME,2003-01-27,20030127,1.16,1.18,1.12,1.125,1.12,8.96,3596800,-0.050847,0.0
GME,2003-01-28,20030128,1.14,1.16,1.11,1.1237499713897705,1.12,8.96,5787200,0.0,0.0
GME,2003-01-29,20030129,1.12,1.14,1.1,1.125,1.12,8.96,3560800,0.0,0.0
GME,2003-01-30,20030130,1.14,1.15,1.06,1.1087499856948853,1.11,8.88,3940800,-0.008929,0.0
GME,2003-01-31,20030131,1.11,1.12,1.06,1.0625,1.06,8.48,2208000,-0.045045,0.0
GME,2003-02-03,20030203,1.08,1.1,1.02,1.0325000286102295,1.03,8.24,2149600,-0.028302,0.0
GME,2003-02-04,20030204,1.02,1.08,1.02,1.0612499713897705,1.06,8.48,2489600,0.029126,0.0
GME,2003-02-05,20030205,1.06,1.08,1.02,1.03125,1.03,8.24,3685600,-0.028302,0.0
GME,2003-02-06,20030206,1.03,1.05,0.98,1.0,1.0,8.0,3609600,-0.029126,0.0
GME,2003-02-07,20030207,1.0,1.02,0.99,0.9900000095367432,0.99,7.92,2403200,-0.01,0.0
GME,2003-02-10,20030210,0.98,1.0,0.96,0.9649999737739563,0.96,7.68,3335200,-0.030303,0.0
GME,2003-02-11,20030211,0.98,1.0,0.94,0.9487500190734863,0.95,7.6,5256000,-0.010417,0.0
GME,2003-02-12,20030212,0.96,1.02,0.96,1.0,1.0,8.0,2116000,0.052632,0.0
GME,2003-02-13,20030213,1.0,1.02,0.96,0.9900000095367432,0.99,7.92,3216800,-0.01,0.0
GME,2003-02-14,20030214,0.99,1.03,0.99,1.028749942779541,1.03,8.24,1928800,0.040404,0.0
GME,2003-02-18,20030218,1.12,1.28,1.12,1.274999976158142,1.27,10.16,14183200,0.23301,0.0
GME,2003-02-19,20030219,1.28,1.32,1.25,1.2999999523162842,1.3,10.4,4581600,0.023622,0.0
GME,2003-02-20,20030220,1.3,1.31,1.27,1.2737499475479126,1.27,10.16,2695200,-0.023077,0.0
GME,2003-02-21,20030221,1.28,1.33,1.28,1.3250000476837158,1.33,10.64,4217600,0.047244,0.0
GME,2003-02-24,20030224,1.31,1.34,1.25,1.2937500476837158,1.29,10.32,2048800,-0.030075,0.0
GME,2003-02-25,20030225,1.25,1.3,1.23,1.2887500524520874,1.29,10.32,2479200,0.0,0.0
GME,2003-02-26,20030226,1.28,1.31,1.27,1.2699999809265137,1.27,10.16,901600,-0.015504,0.0
GME,2003-02-27,20030227,1.25,1.35,1.24,1.2825000286102295,1.28,10.24,3037600,0.007874,0.0
GME,2003-02-28,20030228,1.29,1.32,1.27,1.3125,1.31,10.48,2528800,0.023438,0.0
GME,2003-03-03,20030303,1.32,1.36,1.32,1.347499966621399,1.35,10.8,1984000,0.030534,0.0
GME,2003-03-04,20030304,1.35,1.35,1.29,1.2999999523162842,1.3,10.4,1655200,-0.037037,0.0
GME,2003-03-05,20030305,1.29,1.32,1.28,1.3125,1.31,10.48,3040800,0.007692,0.0
GME,2003-03-06,20030306,1.31,1.37,1.29,1.350000023841858,1.35,10.8,1593600,0.030534,0.0
GME,2003-03-07,20030307,1.35,1.38,1.33,1.3650000095367432,1.37,10.96,2727200,0.014815,0.0
GME,2003-03-10,20030310,1.37,1.37,1.33,1.3250000476837158,1.33,10.64,1478400,-0.029197,0.0
GME,2003-03-11,20030311,1.34,1.36,1.33,1.340000033378601,1.34,10.72,871200,0.007519,0.0
GME,2003-03-12,20030312,1.34,1.4,1.33,1.375,1.38,11.04,2159200,0.029851,0.0
GME,2003-03-13,20030313,1.4,1.48,1.39,1.4424999952316284,1.44,11.52,5355200,0.043478,0.0
GME,2003-03-14,20030314,1.5,1.54,1.5,1.5125000476837158,1.51,12.08,7757600,0.048611,0.0
GME,2003-03-17,20030317,1.5,1.54,1.49,1.5187499523162842,1.52,12.16,2560000,0.006623,0.0
GME,2003-03-18,20030318,1.54,1.56,1.51,1.5125000476837158,1.51,12.08,1610400,-0.006579,0.0
GME,2003-03-19,20030319,1.52,1.55,1.5,1.5162500143051147,1.52,12.16,2491200,0.006623,0.0
GME,2003-03-20,20030320,1.41,1.48,1.38,1.475000023841858,1.48,11.84,5579200,-0.026316,0.0
GME,2003-03-21,20030321,1.48,1.54,1.48,1.5149999856948853,1.51,12.08,2633600,0.02027,0.0
GME,2003-03-24,20030324,1.5,1.5,1.46,1.471250057220459,1.47,11.76,1311200,-0.02649,0.0
GME,2003-03-25,20030325,1.47,1.5,1.45,1.4874999523162842,1.49,11.92,2338400,0.013605,0.0
GME,2003-03-26,20030326,1.48,1.51,1.47,1.5,1.5,12.0,3872000,0.006711,0.0
GME,2003-03-27,20030327,1.49,1.52,1.47,1.5,1.5,12.0,1572800,0.0,0.0
GME,2003-03-28,20030328,1.5,1.54,1.46,1.5049999952316284,1.5,12.0,1539200,0.0,0.0
GME,2003-03-31,20030331,1.5,1.52,1.46,1.5,1.5,12.0,2738400,0.0,0.0
GME,2003-04-01,20030401,1.5,1.52,1.48,1.5012500286102295,1.5,12.0,1600800,0.0,0.0
GME,2003-04-02,20030402,1.52,1.55,1.52,1.5225000381469727,1.52,12.16,2104800,0.013333,0.0
GME,2003-04-03,20030403,1.52,1.54,1.5,1.497499942779541,1.5,12.0,1254400,-0.013158,0.0
GME,2003-04-04,20030404,1.52,1.61,1.5,1.6100000143051147,1.61,12.88,2118400,0.073333,0.0
GME,2003-04-07,20030407,1.62,1.67,1.61,1.618749976158142,1.62,12.96,5702400,0.006211,0.0
GME,2003-04-08,20030408,1.62,1.66,1.58,1.600000023841858,1.6,12.8,2711200,-0.012346,0.0
GME,2003-04-09,20030409,1.59,1.62,1.56,1.5700000524520874,1.57,12.56,1153600,-0.01875,0.0
GME,2003-04-10,20030410,1.55,1.58,1.5,1.5412499904632568,1.54,12.32,852000,-0.019108,0.0
GME,2003-04-11,20030411,1.59,1.61,1.55,1.5525000095367432,1.55,12.4,1669600,0.006494,0.0
GME,2003-04-14,20030414,1.58,1.6,1.55,1.59375,1.59,12.72,874400,0.025806,0.0
GME,2003-04-15,20030415,1.58,1.59,1.57,1.568750023841858,1.57,12.56,707200,-0.012579,0.0
GME,2003-04-16,20030416,1.57,1.61,1.57,1.5787500143051147,1.58,12.64,2460800,0.006369,0.0
GME,2003-04-17,20030417,1.57,1.59,1.55,1.5475000143051147,1.55,12.4,1225600,-0.018987,0.0
GME,2003-04-21,20030421,1.55,1.58,1.55,1.5750000476837158,1.58,12.64,614400,0.019355,0.0
GME,2003-04-22,20030422,1.58,1.63,1.54,1.587499976158142,1.59,12.72,1528000,0.006329,0.0
GME,2003-04-23,20030423,1.6,1.64,1.59,1.625,1.62,12.96,742400,0.018868,0.0
GME,2003-04-24,20030424,1.61,1.62,1.51,1.5499999523162842,1.55,12.4,2826400,-0.04321,0.0
GME,2003-04-25,20030425,1.57,1.57,1.5,1.5099999904632568,1.51,12.08,979200,-0.025806,0.0
GME,2003-04-28,20030428,1.52,1.56,1.52,1.534999966621399,1.53,12.24,1275200,0.013245,0.0
GME,2003-04-29,20030429,1.56,1.6,1.56,1.5850000381469727,1.59,12.72,1404000,0.039216,0.0
GME,2003-04-30,20030430,1.52,1.53,1.48,1.493749976158142,1.49,11.92,4572800,-0.062893,0.0
GME,2003-05-01,20030501,1.49,1.5,1.38,1.4249999523162842,1.42,11.36,6383200,-0.04698,0.0
GME,2003-05-02,20030502,1.48,1.49,1.41,1.4075000286102295,1.41,11.28,3861600,-0.007042,0.0
GME,2003-05-05,20030505,1.41,1.5,1.41,1.496250033378601,1.5,12.0,5194400,0.06383,0.0
GME,2003-05-06,20030506,1.5,1.55,1.47,1.4674999713897705,1.47,11.76,2504800,-0.02,0.0
GME,2003-05-07,20030507,1.51,1.66,1.51,1.659999966621399,1.66,13.28,7851200,0.129252,0.0
GME,2003-05-08,20030508,1.65,1.65,1.61,1.631250023841858,1.63,13.04,3544800,-0.018072,0.0
GME,2003-05-09,20030509,1.63,1.67,1.63,1.6612499952316284,1.66,13.28,2789600,0.018405,0.0
GME,2003-05-12,20030512,1.65,1.74,1.62,1.7137500047683716,1.71,13.68,2990400,0.03012,0.0
GME,2003-05-13,20030513,1.62,1.67,1.62,1.628749966621399,1.63,13.04,5832000,-0.046784,0.0
GME,2003-05-14,20030514,1.65,1.71,1.65,1.6687500476837158,1.67,13.36,3248000,0.02454,0.0
GME,2003-05-15,20030515,1.68,1.69,1.62,1.6237499713897705,1.62,12.96,2109600,-0.02994,0.0
GME,2003-05-16,20030516,1.61,1.64,1.6,1.625,1.62,12.96,3456800,0.0,0.0
GME,2003-05-19,20030519,1.61,1.62,1.54,1.5537500381469727,1.55,12.4,1703200,-0.04321,0.0
GME,2003-05-20,20030520,1.56,1.59,1.47,1.5099999904632568,1.51,12.08,5705600,-0.025806,0.0
GME,2003-05-21,20030521,1.51,1.56,1.5,1.5437500476837158,1.54,12.32,3861600,0.019868,0.0
GME,2003-05-22,20030522,1.56,1.56,1.42,1.443750023841858,1.44,11.52,12603200,-0.064935,0.0
GME,2003-05-23,20030523,1.45,1.49,1.44,1.46875,1.47,11.76,3620000,0.020833,0.0
GME,2003-05-27,20030527,1.47,1.52,1.47,1.506250023841858,1.51,12.08,6578400,0.027211,0.0
GME,2003-05-28,20030528,1.58,1.59,1.53,1.558750033378601,1.56,12.48,5043200,0.033113,0.0
GME,2003-05-29,20030529,1.58,1.59,1.55,1.558750033378601,1.56,12.48,3565600,0.0,0.0
GME,2003-05-30,20030530,1.58,1.64,1.57,1.566249966621399,1.57,12.56,5804800,0.00641,0.0
GME,2003-06-02,20030602,1.57,1.63,1.57,1.5800000429153442,1.58,12.64,6280000,0.006369,0.0
GME,2003-06-03,20030603,1.6,1.6,1.56,1.5774999856948853,1.58,12.64,3224800,0.0,0.0
GME,2003-06-04,20030604,1.59,1.6,1.56,1.5750000476837158,1.58,12.64,2476000,0.0,0.0
GME,2003-06-05,20030605,1.58,1.61,1.57,1.6062500476837158,1.61,12.88,2214400,0.018987,0.0
GME,2003-06-06,20030606,1.61,1.65,1.6,1.6124999523162842,1.61,12.88,2603200,0.0,0.0
GME,2003-06-09,20030609,1.61,1.62,1.58,1.59375,1.59,12.72,1652800,-0.012422,0.0
GME,2003-06-10,20030610,1.59,1.61,1.58,1.59375,1.59,12.72,1913600,0.0,0.0
GME,2003-06-11,20030611,1.6,1.61,1.59,1.59375,1.59,12.72,985600,0.0,0.0
GME,2003-06-12,20030612,1.61,1.63,1.59,1.5887500047683716,1.59,12.72,2263200,0.0,0.0
GME,2003-06-13,20030613,1.58,1.62,1.58,1.59375,1.59,12.72,856800,0.0,0.0
GME,2003-06-16,20030616,1.6,1.66,1.6,1.6487499475479126,1.65,13.2,3298400,0.037736,0.0
GME,2003-06-17,20030617,1.66,1.78,1.66,1.7350000143051147,1.74,13.92,7159200,0.054545,0.0
GME,2003-06-18,20030618,1.73,1.75,1.71,1.7337499856948853,1.73,13.84,1871200,-0.005747,0.0
GME,2003-06-19,20030619,1.73,1.75,1.68,1.6924999952316284,1.69,13.52,2144800,-0.023121,0.0
GME,2003-06-20,20030620,1.69,1.72,1.68,1.6974999904632568,1.7,13.6,643200,0.005917,0.0
GME,2003-06-23,20030623,1.7,1.7,1.64,1.6375000476837158,1.64,13.12,2215200,-0.035294,0.0
GME,2003-06-24,20030624,1.64,1.68,1.64,1.6725000143051147,1.67,13.36,2541600,0.018293,0.0
GME,2003-06-25,20030625,1.68,1.68,1.65,1.649999976158142,1.65,13.2,876000,-0.011976,0.0
GME,2003-06-26,20030626,1.64,1.64,1.59,1.6174999475479126,1.62,12.96,3217600,-0.018182,0.0
GME,2003-06-27,20030627,1.62,1.63,1.57,1.568750023841858,1.57,12.56,4385600,-0.030864,0.0
GME,2003-06-30,20030630,1.57,1.62,1.57,1.6150000095367432,1.62,12.96,7811200,0.031847,0.0
GME,2003-07-01,20030701,1.63,1.65,1.59,1.6487499475479126,1.65,13.2,2725600,0.018519,0.0
GME,2003-07-02,20030702,1.65,1.73,1.64,1.7000000476837158,1.7,13.6,3976000,0.030303,0.0
GME,2003-07-03,20030703,1.69,1.69,1.66,1.662500023841858,1.66,13.28,698400,-0.023529,0.0
GME,2003-07-07,20030707,1.67,1.73,1.67,1.721250057220459,1.72,13.76,2100800,0.036145,0.0
GME,2003-07-08,20030708,1.73,1.84,1.72,1.8237500190734863,1.82,14.56,7599200,0.05814,0.0
GME,2003-07-09,20030709,1.83,1.86,1.8,1.8562500476837158,1.86,14.88,2591200,0.021978,0.0
GME,2003-07-10,20030710,1.84,1.85,1.79,1.787500023841858,1.79,14.32,2032800,-0.037634,0.0
GME,2003-07-11,20030711,1.78,1.8,1.74,1.756250023841858,1.76,14.08,3182400,-0.01676,0.0
GME,2003-07-14,20030714,1.79,1.83,1.79,1.7999999523162842,1.8,14.4,2216800,0.022727,0.0
GME,2003-07-15,20030715,1.81,1.82,1.74,1.7649999856948853,1.76,14.08,1241600,-0.022222,0.0
GME,2003-07-16,20030716,1.76,1.77,1.7,1.7024999856948853,1.7,13.6,1678400,-0.034091,0.0
GME,2003-07-17,20030717,1.66,1.69,1.62,1.6875,1.69,13.52,6809600,-0.005882,0.0
GME,2003-07-18,20030718,1.69,1.74,1.66,1.693750023841858,1.69,13.52,1889600,0.0,0.0
GME,2003-07-21,20030721,1.69,1.69,1.65,1.649999976158142,1.65,13.2,1136800,-0.023669,0.0
GME,2003-07-22,20030722,1.66,1.72,1.66,1.715000033378601,1.72,13.76,780800,0.042424,0.0
GME,2003-07-23,20030723,1.7,1.7,1.66,1.6575000286102295,1.66,13.28,1536800,-0.034884,0.0
GME,2003-07-24,20030724,1.67,1.71,1.67,1.681249976158142,1.68,13.44,3165600,0.012048,0.0
GME,2003-07-25,20030725,1.69,1.71,1.66,1.6875,1.69,13.52,4858400,0.005952,0.0
GME,2003-07-28,20030728,1.68,1.77,1.68,1.7625000476837158,1.76,14.08,1265600,0.04142,0.0
GME,2003-07-29,20030729,1.77,1.83,1.73,1.78125,1.78,14.24,1875200,0.011364,0.0
GME,2003-07-30,20030730,1.77,1.78,1.74,1.7687499523162842,1.77,14.16,1607200,-0.005618,0.0
GME,2003-07-31,20030731,1.77,1.77,1.69,1.7000000476837158,1.7,13.6,1833600,-0.039548,0.0
GME,2003-08-01,20030801,1.7,1.7,1.66,1.691249966621399,1.69,13.52,1719200,-0.005882,0.0
GME,2003-08-04,20030804,1.69,1.72,1.64,1.71875,1.72,13.76,1385600,0.017751,0.0
GME,2003-08-05,20030805,1.71,1.71,1.66,1.6749999523162842,1.67,13.36,1742400,-0.02907,0.0
GME,2003-08-06,20030806,1.66,1.66,1.6,1.6375000476837158,1.64,13.12,3007200,-0.017964,0.0
GME,2003-08-07,20030807,1.64,1.66,1.61,1.6425000429153442,1.64,13.12,1733600,0.0,0.0
GME,2003-08-08,20030808,1.65,1.66,1.59,1.590000033378601,1.59,12.72,3044800,-0.030488,0.0
GME,2003-08-11,20030811,1.59,1.62,1.57,1.5824999809265137,1.58,12.64,1729600,-0.006289,0.0
GME,2003-08-12,20030812,1.58,1.62,1.58,1.59375,1.59,12.72,1381600,0.006329,0.0
GME,2003-08-13,20030813,1.61,1.61,1.6,1.6062500476837158,1.61,12.88,1910400,0.012579,0.0
GME,2003-08-14,20030814,1.62,1.65,1.6,1.6375000476837158,1.64,13.12,3041600,0.018634,0.0
GME,2003-08-15,20030815,1.64,1.65,1.63,1.649999976158142,1.65,13.2,880000,0.006098,0.0
GME,2003-08-18,20030818,1.65,1.68,1.61,1.625,1.62,12.96,5063200,-0.018182,0.0
GME,2003-08-19,20030819,1.69,1.8,1.69,1.7899999618530273,1.79,14.32,9913600,0.104938,0.0
GME,2003-08-20,20030820,1.77,1.87,1.75,1.846250057220459,1.85,14.8,5542400,0.03352,0.0
GME,2003-08-21,20030821,1.84,1.98,1.83,1.9550000429153442,1.96,15.68,7432800,0.059459,0.0
GME,2003-08-22,20030822,2.01,2.05,2.0,2.0350000858306885,2.04,16.32,4632000,0.040816,0.0
GME,2003-08-25,20030825,2.05,2.08,2.05,2.0625,2.06,16.48,3606400,0.009804,0.0
GME,2003-08-26,20030826,2.03,2.05,1.97,1.993749976158142,1.99,15.92,4282400,-0.033981,0.0
GME,2003-08-27,20030827,1.98,2.07,1.98,2.049999952316284,2.05,16.4,1772800,0.030151,0.0
GME,2003-08-28,20030828,2.06,2.09,2.04,2.0625,2.06,16.48,2484000,0.004878,0.0
GME,2003-08-29,20030829,2.07,2.12,2.07,2.078749895095825,2.08,16.64,1029600,0.009709,0.0
GME,2003-09-02,20030902,2.09,2.17,2.09,2.1624999046325684,2.16,17.28,2410400,0.038462,0.0
GME,2003-09-03,20030903,2.17,2.23,2.17,2.221250057220459,2.22,17.76,3322400,0.027778,0.0
GME,2003-09-04,20030904,2.2,2.28,2.19,2.247499942779541,2.25,18.0,3259200,0.013514,0.0
GME,2003-09-05,20030905,2.23,2.26,2.22,2.25,2.25,18.0,3857600,0.0,0.0
GME,2003-09-08,20030908,2.25,2.26,2.16,2.2300000190734863,2.23,17.84,3529600,-0.008889,0.0
GME,2003-09-09,20030909,2.23,2.26,2.2,2.2125000953674316,2.21,17.68,2056800,-0.008969,0.0
GME,2003-09-10,20030910,2.19,2.2,2.14,2.1549999713897705,2.15,17.2,4885600,-0.027149,0.0
GME,2003-09-11,20030911,2.16,2.18,2.1,2.1237499713897705,2.12,16.96,2279200,-0.013953,0.0
GME,2003-09-12,20030912,2.12,2.12,1.96,2.101249933242798,2.1,16.8,8944000,-0.009434,0.0
GME,2003-09-15,20030915,2.1,2.17,2.1,2.1500000953674316,2.15,17.2,4904000,0.02381,0.0
GME,2003-09-16,20030916,2.16,2.16,2.1,2.106250047683716,2.11,16.88,2780000,-0.018605,0.0
GME,2003-09-17,20030917,2.12,2.19,2.11,2.158750057220459,2.16,17.28,1543200,0.023697,0.0
GME,2003-09-18,20030918,2.14,2.18,2.13,2.143749952316284,2.14,17.12,1971200,-0.009259,0.0
GME,2003-09-19,20030919,2.14,2.17,2.14,2.143749952316284,2.14,17.12,2948000,0.0,0.0
GME,2003-09-22,20030922,2.13,2.13,2.09,2.0975000858306885,2.1,16.8,1579200,-0.018692,0.0
GME,2003-09-23,20030923,2.1,2.15,2.08,2.143749952316284,2.14,17.12,2878400,0.019048,0.0
GME,2003-09-24,20030924,2.13,2.15,2.04,2.047499895095825,2.05,16.4,1897600,-0.042056,0.0
GME,2003-09-25,20030925,2.05,2.1,2.0,2.0,2.0,16.0,2580000,-0.02439,0.0
GME,2003-09-26,20030926,2.01,2.05,1.99,2.03125,2.03,16.24,2954400,0.015,0.0
GME,2003-09-29,20030929,2.03,2.04,1.96,2.0374999046325684,2.04,16.32,1711200,0.004926,0.0
GME,2003-09-30,20030930,2.05,2.06,1.97,1.9874999523162842,1.99,15.92,1328800,-0.02451,0.0
GME,2003-10-01,20031001,1.99,2.08,1.99,2.03125,2.03,16.24,2031200,0.020101,0.0
GME,2003-10-02,20031002,2.03,2.08,2.03,2.072499990463257,2.07,16.56,1287200,0.019704,0.0
GME,2003-10-03,20031003,2.09,2.12,2.06,2.0850000381469727,2.09,16.72,1417600,0.009662,0.0
GME,2003-10-06,20031006,2.1,2.16,2.06,2.15625,2.16,17.28,862400,0.033493,0.0
GME,2003-10-07,20031007,2.12,2.17,2.11,2.15625,2.16,17.28,1112000,0.0,0.0
GME,2003-10-08,20031008,2.16,2.18,2.13,2.134999990463257,2.13,17.04,1096000,-0.013889,0.0
GME,2003-10-09,20031009,2.15,2.21,2.15,2.1875,2.19,17.52,1604800,0.028169,0.0
GME,2003-10-10,20031010,2.19,2.2,2.14,2.177500009536743,2.18,17.44,1479200,-0.004566,0.0
GME,2003-10-13,20031013,2.17,2.33,2.16,2.3037500381469727,2.3,18.4,4789600,0.055046,0.0
GME,2003-10-14,20031014,2.29,2.36,2.28,2.356250047683716,2.36,18.88,2483200,0.026087,0.0
GME,2003-10-15,20031015,2.38,2.38,2.35,2.365000009536743,2.37,18.96,3519200,0.004237,0.0
GME,2003-10-16,20031016,2.36,2.36,2.31,2.3399999141693115,2.34,18.72,2020000,-0.012658,0.0
GME,2003-10-17,20031017,2.31,2.34,2.28,2.28125,2.28,18.24,1344000,-0.025641,0.0
GME,2003-10-20,20031020,2.28,2.31,2.23,2.2562499046325684,2.26,18.08,2658400,-0.008772,0.0
GME,2003-10-21,20031021,2.26,2.27,2.24,2.2512500286102295,2.25,18.0,3004000,-0.004425,0.0
GME,2003-10-22,20031022,2.25,2.25,2.17,2.1937499046325684,2.19,17.52,3074400,-0.026667,0.0
GME,2003-10-23,20031023,2.15,2.2,2.12,2.1262500286102295,2.13,17.04,3544000,-0.027397,0.0
GME,2003-10-24,20031024,2.11,2.11,1.96,2.0087499618530273,2.01,16.08,5844000,-0.056338,0.0
GME,2003-10-27,20031027,2.02,2.1,2.02,2.0850000381469727,2.09,16.72,1797600,0.039801,0.0
GME,2003-10-28,20031028,2.11,2.22,2.11,2.168750047683716,2.17,17.36,2028000,0.038278,0.0
GME,2003-10-29,20031029,2.16,2.16,2.1,2.125,2.12,16.96,999200,-0.023041,0.0
GME,2003-10-30,20031030,2.16,2.19,2.12,2.125,2.12,16.96,1977600,0.0,0.0
GME,2003-10-31,20031031,2.13,2.16,2.09,2.1024999618530273,2.1,16.8,2096800,-0.009434,0.0
GME,2003-11-03,20031103,2.01,2.15,1.92,1.9524999856948853,1.95,15.6,8729600,-0.071429,0.0
GME,2003-11-04,20031104,2.0,2.01,1.98,1.9837499856948853,1.98,15.84,5112800,0.015385,0.0
GME,2003-11-05,20031105,2.0,2.11,2.0,2.0875000953674316,2.09,16.72,4628800,0.055556,0.0
GME,2003-11-06,20031106,2.09,2.2,2.05,2.112499952316284,2.11,16.88,6298400,0.009569,0.0
GME,2003-11-07,20031107,2.12,2.15,2.1,2.0999999046325684,2.1,16.8,1880000,-0.004739,0.0
GME,2003-11-10,20031110,2.1,2.1,2.06,2.081249952316284,2.08,16.64,2553600,-0.009524,0.0
GME,2003-11-11,20031111,2.07,2.11,2.07,2.112499952316284,2.11,16.88,3220000,0.014423,0.0
GME,2003-11-12,20031112,2.11,2.16,2.11,2.158750057220459,2.16,17.28,2810400,0.023697,0.0
GME,2003-11-13,20031113,2.15,2.15,2.08,2.0875000953674316,2.09,16.72,2245600,-0.032407,0.0
GME,2003-11-14,20031114,2.09,2.09,2.0,2.021250009536743,2.02,16.16,1969600,-0.033493,0.0
GME,2003-11-17,20031117,2.02,2.03,1.97,2.0,2.0,16.0,2148800,-0.009901,0.0
GME,2003-11-18,20031118,2.0,2.05,1.88,1.8937499523162842,1.89,15.12,5380000,-0.055,0.0
GME,2003-11-19,20031119,1.92,1.97,1.89,1.9262499809265137,1.93,15.44,2281600,0.021164,0.0
GME,2003-11-20,20031120,1.96,2.08,1.96,2.0274999141693115,2.03,16.24,6318400,0.051813,0.0
GME,2003-11-21,20031121,2.05,2.07,2.01,2.021250009536743,2.02,16.16,1628800,-0.004926,0.0
GME,2003-11-24,20031124,2.04,2.08,2.03,2.0587499141693115,2.06,16.48,1812000,0.019802,0.0
GME,2003-11-25,20031125,2.07,2.08,2.01,2.016249895095825,2.02,16.16,2044800,-0.019417,0.0
GME,2003-11-26,20031126,2.02,2.07,2.01,2.0199999809265137,2.02,16.16,1508000,0.0,0.0
GME,2003-11-28,20031128,2.03,2.04,2.01,2.018749952316284,2.02,16.16,765600,0.0,0.0
GME,2003-12-01,20031201,2.04,2.04,1.97,1.9987499713897705,2.0,16.0,3568000,-0.009901,0.0
GME,2003-12-02,20031202,1.99,1.99,1.89,1.90625,1.91,15.28,4720800,-0.045,0.0
GME,2003-12-03,20031203,1.92,1.94,1.91,1.912500023841858,1.91,15.28,3321600,0.0,0.0
GME,2003-12-04,20031204,1.91,1.91,1.77,1.8574999570846558,1.86,14.88,4660800,-0.026178,0.0
GME,2003-12-05,20031205,1.85,1.86,1.82,1.837499976158142,1.84,14.72,2948000,-0.010753,0.0
GME,2003-12-08,20031208,1.83,1.84,1.81,1.8337500095367432,1.83,14.64,1979200,-0.005435,0.0
GME,2003-12-09,20031209,1.84,1.86,1.79,1.787500023841858,1.79,14.32,1828000,-0.021858,0.0
GME,2003-12-10,20031210,1.79,1.82,1.78,1.8075000047683716,1.81,14.48,2492000,0.011173,0.0
GME,2003-12-11,20031211,1.81,1.92,1.81,1.912500023841858,1.91,15.28,3736800,0.055249,0.0
GME,2003-12-12,20031212,1.9,1.92,1.88,1.8925000429153442,1.89,15.12,1320800,-0.010471,0.0
GME,2003-12-15,20031215,1.92,1.93,1.8,1.8012499809265137,1.8,14.4,2688800,-0.047619,0.0
GME,2003-12-16,20031216,1.81,1.87,1.8,1.8674999475479126,1.87,14.96,2509600,0.038889,0.0
GME,2003-12-17,20031217,1.86,1.86,1.82,1.837499976158142,1.84,14.72,2261600,-0.016043,0.0
GME,2003-12-18,20031218,1.85,1.92,1.84,1.8937499523162842,1.89,15.12,2147200,0.027174,0.0
GME,2003-12-19,20031219,1.9,1.95,1.9,1.9237500429153442,1.92,15.36,2088000,0.015873,0.0
GME,2003-12-22,20031222,1.9,1.91,1.88,1.8799999952316284,1.88,15.04,1568800,-0.020833,0.0
GME,2003-12-23,20031223,1.89,1.97,1.89,1.966249942779541,1.97,15.76,1188000,0.047872,0.0
GME,2003-12-24,20031224,1.95,1.95,1.87,1.8737499713897705,1.87,14.96,893600,-0.050761,0.0
GME,2003-12-26,20031226,1.89,1.9,1.88,1.8825000524520874,1.88,15.04,596000,0.005348,0.0
GME,2003-12-29,20031229,1.89,1.92,1.86,1.9249999523162842,1.92,15.36,1125600,0.021277,0.0
GME,2003-12-30,20031230,1.92,1.95,1.92,1.941249966621399,1.94,15.52,1088800,0.010417,0.0
GME,2003-12-31,20031231,1.95,1.96,1.91,1.9262499809265137,1.93,15.44,1160800,-0.005155,0.0
GME,2004-01-02,20040102,1.98,1.98,1.88,1.8912500143051147,1.89,15.12,1301600,-0.020725,0.0
GME,2004-01-05,20040105,1.9,2.01,1.89,2.007499933242798,2.01,16.08,3140800,0.063492,0.0
GME,2004-01-06,20040106,2.12,2.3,2.12,2.25,2.25,18.0,10285600,0.119403,0.0
GME,2004-01-07,20040107,2.22,2.25,2.12,2.1312499046325684,2.13,17.04,3737600,-0.053333,0.0
GME,2004-01-08,20040108,2.24,2.36,2.2,2.3212499618530273,2.32,18.56,5824800,0.089202,0.0
GME,2004-01-09,20040109,2.27,2.32,2.24,2.2462499141693115,2.25,18.0,3762400,-0.030172,0.0
GME,2004-01-12,20040112,2.25,2.26,2.22,2.244999885559082,2.24,17.92,3532000,-0.004444,0.0
GME,2004-01-13,20040113,2.24,2.24,2.18,2.2274999618530273,2.23,17.84,1687200,-0.004464,0.0
GME,2004-01-14,20040114,2.23,2.23,2.19,2.197499990463257,2.2,17.6,1610400,-0.013453,0.0
GME,2004-01-15,20040115,2.21,2.21,2.14,2.174999952316284,2.17,17.36,2018400,-0.013636,0.0
GME,2004-01-16,20040116,2.21,2.21,2.17,2.1875,2.19,17.52,2268000,0.009217,0.0
GME,2004-01-20,20040120,2.18,2.24,2.16,2.174999952316284,2.17,17.36,2199200,-0.009132,0.0
GME,2004-01-21,20040121,2.18,2.2,2.15,2.182499885559082,2.18,17.44,2417600,0.004608,0.0
GME,2004-01-22,20040122,2.19,2.2,2.13,2.151249885559082,2.15,17.2,2157600,-0.013761,0.0
GME,2004-01-23,20040123,2.16,2.16,2.1,2.1237499713897705,2.12,16.96,1616800,-0.013953,0.0
GME,2004-01-26,20040126,2.13,2.15,2.08,2.1424999237060547,2.14,17.12,2102400,0.009434,0.0
GME,2004-01-27,20040127,2.16,2.17,2.12,2.1312499046325684,2.13,17.04,1401600,-0.004673,0.0
GME,2004-01-28,20040128,2.13,2.13,2.04,2.0687499046325684,2.07,16.56,1510400,-0.028169,0.0
GME,2004-01-29,20040129,2.06,2.12,1.99,2.0625,2.06,16.48,2201600,-0.004831,0.0
GME,2004-01-30,20040130,2.05,2.1,2.04,2.075000047683716,2.08,16.64,1152000,0.009709,0.0
GME,2004-02-02,20040202,2.13,2.13,2.04,2.043750047683716,2.04,16.32,2384000,-0.019231,0.0
GME,2004-02-03,20040203,2.05,2.08,2.03,2.036250114440918,2.04,16.32,1553600,0.0,0.0
GME,2004-02-04,20040204,2.03,2.05,2.01,2.0399999618530273,2.04,16.32,2297600,0.0,0.0
GME,2004-02-05,20040205,2.04,2.1,2.04,2.0625,2.06,16.48,1414400,0.009804,0.0
GME,2004-02-06,20040206,2.09,2.18,2.08,2.177500009536743,2.18,17.44,2170400,0.058252,0.0
GME,2004-02-09,20040209,2.17,2.17,2.09,2.0999999046325684,2.1,16.8,2311200,-0.036697,0.0
GME,2004-02-10,20040210,2.11,2.15,2.1,2.1500000953674316,2.15,17.2,1301600,0.02381,0.0
GME,2004-02-11,20040211,2.16,2.21,2.14,2.1875,2.19,17.52,1499200,0.018605,0.0
GME,2004-02-12,20040212,2.19,2.2,2.18,2.1875,2.19,17.52,1062400,0.0,0.0
GME,2004-02-13,20040213,2.2,2.2,2.14,2.1475000381469727,2.15,17.2,1412800,-0.018265,0.0
GME,2004-02-17,20040217,2.15,2.29,2.15,2.288749933242798,2.29,18.32,2278400,0.065116,0.0
GME,2004-02-18,20040218,2.3,2.33,2.21,2.2562499046325684,2.26,18.08,2777600,-0.0131,0.0
GME,2004-02-19,20040219,2.31,2.31,2.25,2.257499933242798,2.26,18.08,2091200,0.0,0.0
GME,2004-02-20,20040220,2.25,2.26,2.21,2.25,2.25,18.0,1675200,-0.004425,0.0
GME,2004-02-23,20040223,2.25,2.25,2.21,2.226249933242798,2.23,17.84,2349600,-0.008889,0.0
GME,2004-02-24,20040224,2.28,2.36,2.24,2.328749895095825,2.33,18.64,5475200,0.044843,0.0
GME,2004-02-25,20040225,2.33,2.37,2.31,2.331249952316284,2.33,18.64,1902400,0.0,0.0
GME,2004-02-26,20040226,2.25,2.32,2.23,2.309999942779541,2.31,18.48,2088000,-0.008584,0.0
GME,2004-02-27,20040227,2.32,2.34,2.3,2.331249952316284,2.33,18.64,1702400,0.008658,0.0
GME,2004-03-01,20040301,2.33,2.34,2.3,2.319999933242798,2.32,18.56,974400,-0.004292,0.0
GME,2004-03-02,20040302,2.32,2.34,2.25,2.268749952316284,2.27,18.16,2381600,-0.021552,0.0
GME,2004-03-03,20040303,2.28,2.32,2.23,2.286250114440918,2.29,18.32,1089600,0.008811,0.0
GME,2004-03-04,20040304,2.29,2.29,2.24,2.2512500286102295,2.25,18.0,1819200,-0.017467,0.0
GME,2004-03-05,20040305,2.23,2.28,2.21,2.262500047683716,2.26,18.08,823200,0.004444,0.0
GME,2004-03-08,20040308,2.26,2.27,2.22,2.2249999046325684,2.22,17.76,893600,-0.017699,0.0
GME,2004-03-09,20040309,2.25,2.25,2.2,2.216249942779541,2.22,17.76,1060800,0.0,0.0
GME,2004-03-10,20040310,2.22,2.26,2.12,2.1337499618530273,2.13,17.04,2227200,-0.040541,0.0
GME,2004-03-11,20040311,2.14,2.16,2.11,2.1075000762939453,2.11,16.88,1601600,-0.00939,0.0
GME,2004-03-12,20040312,2.12,2.24,2.12,2.237499952316284,2.24,17.92,1474400,0.061611,0.0
GME,2004-03-15,20040315,2.22,2.22,2.16,2.197499990463257,2.2,17.6,1458400,-0.017857,0.0
GME,2004-03-16,20040316,2.2,2.21,2.1,2.146250009536743,2.15,17.2,1356800,-0.022727,0.0
GME,2004-03-17,20040317,2.15,2.18,2.06,2.108750104904175,2.11,16.88,3562400,-0.018605,0.0
GME,2004-03-18,20040318,2.11,2.11,2.08,2.091249942779541,2.09,16.72,1796800,-0.009479,0.0
GME,2004-03-19,20040319,2.1,2.14,2.09,2.1337499618530273,2.13,17.04,2048800,0.019139,0.0
GME,2004-03-22,20040322,2.14,2.14,2.06,2.0637500286102295,2.06,16.48,1509600,-0.032864,0.0
GME,2004-03-23,20040323,2.1,2.12,2.08,2.125,2.12,16.96,1937600,0.029126,0.0
GME,2004-03-24,20040324,2.13,2.16,2.11,2.1237499713897705,2.12,16.96,2676000,0.0,0.0
GME,2004-03-25,20040325,2.15,2.18,2.14,2.15625,2.16,17.28,1376000,0.018868,0.0
GME,2004-03-26,20040326,2.16,2.19,2.15,2.184999942779541,2.18,17.44,2542400,0.009259,0.0
GME,2004-03-29,20040329,2.25,2.3,2.24,2.266249895095825,2.27,18.16,2706400,0.041284,0.0
GME,2004-03-30,20040330,2.26,2.27,2.22,2.244999885559082,2.24,17.92,1578400,-0.013216,0.0
GME,2004-03-31,20040331,2.26,2.27,2.23,2.252500057220459,2.25,18.0,1370400,0.004464,0.0
GME,2004-04-01,20040401,2.25,2.28,2.23,2.2412500381469727,2.24,17.92,1200000,-0.004444,0.0
GME,2004-04-02,20040402,2.27,2.31,2.26,2.2950000762939453,2.3,18.4,1431200,0.026786,0.0
GME,2004-04-05,20040405,2.3,2.32,2.28,2.307499885559082,2.31,18.48,1612800,0.004348,0.0
GME,2004-04-06,20040406,2.29,2.31,2.28,2.299999952316284,2.3,18.4,1045600,-0.004329,0.0
GME,2004-04-07,20040407,2.29,2.3,2.27,2.2899999618530273,2.29,18.32,870400,-0.004348,0.0
GME,2004-04-08,20040408,2.33,2.34,2.3,2.302500009536743,2.3,18.4,1216000,0.004367,0.0
GME,2004-04-12,20040412,2.3,2.33,2.29,2.3062500953674316,2.31,18.48,578400,0.004348,0.0
GME,2004-04-13,20040413,2.31,2.33,2.23,2.2437500953674316,2.24,17.92,1197600,-0.030303,0.0
GME,2004-04-14,20040414,2.22,2.29,2.18,2.2387499809265137,2.24,17.92,1248000,0.0,0.0
GME,2004-04-15,20040415,2.26,2.29,2.25,2.286250114440918,2.29,18.32,863200,0.022321,0.0
GME,2004-04-16,20040416,2.27,2.31,2.25,2.2774999141693115,2.28,18.24,993600,-0.004367,0.0
GME,2004-04-19,20040419,2.28,2.29,2.25,2.283750057220459,2.28,18.24,567200,0.0,0.0
GME,2004-04-20,20040420,2.3,2.3,2.25,2.2487499713897705,2.25,18.0,713600,-0.013158,0.0
GME,2004-04-21,20040421,2.26,2.33,2.25,2.3112499713897705,2.31,18.48,1426400,0.026667,0.0
GME,2004-04-22,20040422,2.31,2.34,2.3,2.317500114440918,2.32,18.56,1044000,0.004329,0.0
GME,2004-04-23,20040423,2.32,2.32,2.26,2.268749952316284,2.27,18.16,1183200,-0.021552,0.0
GME,2004-04-26,20040426,2.29,2.29,2.26,2.2699999809265137,2.27,18.16,544800,0.0,0.0
GME,2004-04-27,20040427,2.28,2.31,2.28,2.2850000858306885,2.29,18.32,961600,0.008811,0.0
GME,2004-04-28,20040428,2.27,2.28,2.25,2.2487499713897705,2.25,18.0,1119200,-0.017467,0.0
GME,2004-04-29,20040429,2.26,2.26,2.2,2.21875,2.22,17.76,880000,-0.013333,0.0
GME,2004-04-30,20040430,2.23,2.23,2.17,2.2012500762939453,2.2,17.6,2173600,-0.009009,0.0
GME,2004-05-03,20040503,2.2,2.27,2.19,2.221250057220459,2.22,17.76,1444000,0.009091,0.0
GME,2004-05-04,20040504,2.22,2.31,2.22,2.2725000381469727,2.27,18.16,1389600,0.022523,0.0
GME,2004-05-05,20040505,2.27,2.29,2.25,2.259999990463257,2.26,18.08,812800,-0.004405,0.0
GME,2004-05-06,20040506,2.25,2.27,2.22,2.2562499046325684,2.26,18.08,1055200,0.0,0.0
GME,2004-05-07,20040507,2.24,2.26,2.2,2.200000047683716,2.2,17.6,1816000,-0.026549,0.0
GME,2004-05-10,20040510,2.19,2.23,2.14,2.1500000953674316,2.15,17.2,1288800,-0.022727,0.0
GME,2004-05-11,20040511,2.18,2.21,2.17,2.1875,2.19,17.52,2290400,0.018605,0.0
GME,2004-05-12,20040512,2.18,2.2,2.1,2.1675000190734863,2.17,17.36,1540800,-0.009132,0.0
GME,2004-05-13,20040513,2.17,2.21,2.12,2.15625,2.16,17.28,1621600,-0.004608,0.0
GME,2004-05-14,20040514,2.16,2.17,2.12,2.1337499618530273,2.13,17.04,1024000,-0.013889,0.0
GME,2004-05-17,20040517,2.12,2.12,2.06,2.0662500858306885,2.07,16.56,1733600,-0.028169,0.0
GME,2004-05-18,20040518,2.03,2.03,1.91,1.96875,1.97,15.76,5284800,-0.048309,0.0
GME,2004-05-19,20040519,2.02,2.06,1.92,1.9375,1.94,15.52,3824800,-0.015228,0.0
GME,2004-05-20,20040520,1.96,2.0,1.89,1.9162499904632568,1.92,15.36,3968000,-0.010309,0.0
GME,2004-05-21,20040521,1.93,1.94,1.92,1.9249999523162842,1.92,15.36,2605600,0.0,0.0
GME,2004-05-24,20040524,1.94,2.0,1.91,1.9237500429153442,1.92,15.36,1155200,0.0,0.0
GME,2004-05-25,20040525,1.92,1.93,1.91,1.9249999523162842,1.92,15.36,3429600,0.0,0.0
GME,2004-05-26,20040526,1.93,1.98,1.91,1.962499976158142,1.96,15.68,3244000,0.020833,0.0
GME,2004-05-27,20040527,1.96,1.99,1.95,1.966249942779541,1.97,15.76,1440800,0.005102,0.0
GME,2004-05-28,20040528,1.97,1.98,1.95,1.9524999856948853,1.95,15.6,1972000,-0.010152,0.0
GME,2004-06-01,20040601,1.95,1.98,1.94,1.940000057220459,1.94,15.52,2676800,-0.005128,0.0
GME,2004-06-02,20040602,1.94,1.96,1.94,1.9450000524520874,1.95,15.6,3504800,0.005155,0.0
GME,2004-06-03,20040603,1.95,1.95,1.9,1.912500023841858,1.91,15.28,5264800,-0.020513,0.0
GME,2004-06-04,20040604,1.92,1.96,1.92,1.9487500190734863,1.95,15.6,3554400,0.020942,0.0
GME,2004-06-07,20040607,1.98,2.01,1.97,1.993749976158142,1.99,15.92,2432000,0.020513,0.0
GME,2004-06-08,20040608,1.99,2.01,1.98,1.993749976158142,1.99,15.92,1524000,0.0,0.0
GME,2004-06-09,20040609,1.99,2.04,1.99,2.0087499618530273,2.01,16.08,3109600,0.01005,0.0
GME,2004-06-10,20040610,2.01,2.01,1.96,1.9774999618530273,1.98,15.84,2831200,-0.014925,0.0
GME,2004-06-14,20040614,1.97,1.97,1.91,1.9262499809265137,1.93,15.44,2829600,-0.025253,0.0
GME,2004-06-15,20040615,1.94,1.97,1.91,1.9249999523162842,1.92,15.36,3318400,-0.005181,0.0
GME,2004-06-16,20040616,1.93,1.98,1.93,1.972499966621399,1.97,15.76,1603200,0.026042,0.0
GME,2004-06-17,20040617,1.96,1.96,1.92,1.9387500286102295,1.94,15.52,1549600,-0.015228,0.0
GME,2004-06-18,20040618,1.94,1.94,1.88,1.878749966621399,1.88,15.04,2098400,-0.030928,0.0
GME,2004-06-21,20040621,1.88,1.9,1.88,1.875,1.88,15.04,3212800,0.0,0.0
GME,2004-06-22,20040622,1.88,1.88,1.81,1.8174999952316284,1.82,14.56,4074400,-0.031915,0.0
GME,2004-06-23,20040623,1.83,1.86,1.81,1.8550000190734863,1.86,14.88,4132000,0.021978,0.0
GME,2004-06-24,20040624,1.86,1.87,1.84,1.841249942779541,1.84,14.72,2618400,-0.010753,0.0
GME,2004-06-25,20040625,1.85,1.89,1.82,1.8875000476837158,1.89,15.12,4368000,0.027174,0.0
GME,2004-06-28,20040628,1.89,1.91,1.87,1.8762500286102295,1.88,15.04,1071200,-0.005291,0.0
GME,2004-06-29,20040629,1.89,1.89,1.86,1.8624999523162842,1.86,14.88,951200,-0.010638,0.0
GME,2004-06-30,20040630,1.88,1.92,1.87,1.902500033378601,1.9,15.2,2249600,0.021505,0.0
GME,2004-07-01,20040701,1.9,1.91,1.83,1.850000023841858,1.85,14.8,1580800,-0.026316,0.0
GME,2004-07-02,20040702,1.86,1.88,1.85,1.8574999570846558,1.86,14.88,1110400,0.005405,0.0
GME,2004-07-06,20040706,1.86,1.88,1.82,1.84375,1.84,14.72,1435200,-0.010753,0.0
GME,2004-07-07,20040707,1.84,1.88,1.82,1.8224999904632568,1.82,14.56,2023200,-0.01087,0.0
GME,2004-07-08,20040708,1.82,1.84,1.81,1.837499976158142,1.84,14.72,2152000,0.010989,0.0
GME,2004-07-09,20040709,1.83,1.85,1.8,1.850000023841858,1.85,14.8,1757600,0.005435,0.0
GME,2004-07-12,20040712,1.84,1.88,1.82,1.875,1.88,15.04,1244000,0.016216,0.0
GME,2004-07-13,20040713,1.88,1.92,1.88,1.8925000429153442,1.89,15.12,3024800,0.005319,0.0
GME,2004-07-14,20040714,1.89,1.91,1.88,1.8937499523162842,1.89,15.12,2243200,0.0,0.0
GME,2004-07-15,20040715,1.88,1.9,1.88,1.8862500190734863,1.89,15.12,2975200,0.0,0.0
GME,2004-07-16,20040716,1.89,1.89,1.85,1.881250023841858,1.88,15.04,1953600,-0.005291,0.0
GME,2004-07-19,20040719,1.88,1.89,1.85,1.850000023841858,1.85,14.8,1305600,-0.015957,0.0
GME,2004-07-20,20040720,1.84,1.91,1.83,1.8975000381469727,1.9,15.2,1123200,0.027027,0.0
GME,2004-07-21,20040721,1.92,1.99,1.9,1.940000057220459,1.94,15.52,3187200,0.021053,0.0
GME,2004-07-22,20040722,1.94,1.94,1.89,1.9187500476837158,1.92,15.36,1840800,-0.010309,0.0
GME,2004-07-23,20040723,1.91,1.91,1.81,1.8200000524520874,1.82,14.56,2850400,-0.052083,0.0
GME,2004-07-26,20040726,1.83,1.85,1.82,1.8212499618530273,1.82,14.56,1063200,0.0,0.0
GME,2004-07-27,20040727,1.83,1.91,1.83,1.9112499952316284,1.91,15.28,1923200,0.049451,0.0
GME,2004-07-28,20040728,1.9,1.9,1.88,1.8887499570846558,1.89,15.12,1484800,-0.010471,0.0
GME,2004-07-29,20040729,1.89,1.93,1.89,1.9237500429153442,1.92,15.36,948800,0.015873,0.0
GME,2004-07-30,20040730,1.92,1.94,1.91,1.9249999523162842,1.92,15.36,649600,0.0,0.0
GME,2004-08-02,20040802,1.91,1.96,1.91,1.9600000381469727,1.96,15.68,728000,0.020833,0.0
GME,2004-08-03,20040803,1.95,1.97,1.9,1.912500023841858,1.91,15.28,2539200,-0.02551,0.0
GME,2004-08-04,20040804,1.91,1.94,1.89,1.899999976158142,1.9,15.2,1422400,-0.005236,0.0
GME,2004-08-05,20040805,1.89,1.9,1.86,1.868749976158142,1.87,14.96,1144000,-0.015789,0.0
GME,2004-08-06,20040806,1.85,1.88,1.81,1.875,1.88,15.04,2006400,0.005348,0.0
GME,2004-08-09,20040809,1.88,1.91,1.85,1.8587499856948853,1.86,14.88,1792800,-0.010638,0.0
GME,2004-08-10,20040810,1.87,1.94,1.87,1.8862500190734863,1.89,15.12,817600,0.016129,0.0
GME,2004-08-11,20040811,1.89,1.9,1.86,1.8799999952316284,1.88,15.04,982400,-0.005291,0.0
GME,2004-08-12,20040812,1.87,1.89,1.83,1.8637499809265137,1.86,14.88,961600,-0.010638,0.0
GME,2004-08-13,20040813,1.87,1.89,1.85,1.875,1.88,15.04,681600,0.010753,0.0
GME,2004-08-16,20040816,1.86,1.99,1.86,1.975000023841858,1.98,15.84,2464800,0.053191,0.0
GME,2004-08-17,20040817,1.98,2.03,1.96,2.0062499046325684,2.01,16.08,5612000,0.015152,0.0
GME,2004-08-18,20040818,2.0,2.09,1.99,2.0924999713897705,2.09,16.72,1912000,0.039801,0.0
GME,2004-08-19,20040819,2.08,2.15,2.06,2.143749952316284,2.14,17.12,3917600,0.023923,0.0
GME,2004-08-20,20040820,2.17,2.2,2.1,2.125,2.12,16.96,3558400,-0.009346,0.0
GME,2004-08-23,20040823,2.13,2.13,2.08,2.091249942779541,2.09,16.72,923200,-0.014151,0.0
GME,2004-08-24,20040824,2.1,2.15,2.1,2.119999885559082,2.12,16.96,1626400,0.014354,0.0
GME,2004-08-25,20040825,2.12,2.13,2.11,2.125,2.12,16.96,743200,0.0,0.0
GME,2004-08-26,20040826,2.12,2.13,2.1,2.108750104904175,2.11,16.88,623200,-0.004717,0.0
GME,2004-08-27,20040827,2.12,2.13,2.11,2.1237499713897705,2.12,16.96,968000,0.004739,0.0
GME,2004-08-30,20040830,2.12,2.17,2.11,2.1387500762939453,2.14,17.12,1219200,0.009434,0.0
GME,2004-08-31,20040831,2.14,2.15,2.09,2.0950000286102295,2.1,16.8,1634400,-0.018692,0.0
GME,2004-09-01,20040901,2.1,2.15,2.1,2.117500066757202,2.12,16.96,1335200,0.009524,0.0
GME,2004-09-02,20040902,2.12,2.17,2.12,2.1624999046325684,2.16,17.28,988000,0.018868,0.0
GME,2004-09-03,20040903,2.16,2.16,2.1,2.1575000286102295,2.16,17.28,797600,0.0,0.0
GME,2004-09-07,20040907,2.16,2.18,2.12,2.166249990463257,2.17,17.36,762400,0.00463,0.0
GME,2004-09-08,20040908,2.17,2.19,2.13,2.130000114440918,2.13,17.04,520800,-0.018433,0.0
GME,2004-09-09,20040909,2.13,2.17,2.12,2.1575000286102295,2.16,17.28,684000,0.014085,0.0
GME,2004-09-10,20040910,2.15,2.18,2.14,2.1549999713897705,2.15,17.2,618400,-0.00463,0.0
GME,2004-09-13,20040913,2.15,2.2,2.15,2.166249990463257,2.17,17.36,1047200,0.009302,0.0
GME,2004-09-14,20040914,2.15,2.22,2.15,2.1812500953674316,2.18,17.44,837600,0.004608,0.0
GME,2004-09-15,20040915,2.16,2.21,2.16,2.1912500858306885,2.19,17.52,900800,0.004587,0.0
GME,2004-09-16,20040916,2.2,2.23,2.19,2.2225000858306885,2.22,17.76,697600,0.013699,0.0
GME,2004-09-17,20040917,2.24,2.34,2.19,2.34375,2.34,18.72,3007200,0.054054,0.0
GME,2004-09-20,20040920,2.29,2.31,2.24,2.262500047683716,2.26,18.08,1695200,-0.034188,0.0
GME,2004-09-21,20040921,2.27,2.31,2.26,2.3125,2.31,18.48,1024800,0.022124,0.0
GME,2004-09-22,20040922,2.31,2.32,2.23,2.2750000953674316,2.28,18.24,1588800,-0.012987,0.0
GME,2004-09-23,20040923,2.28,2.28,2.22,2.231250047683716,2.23,17.84,1520000,-0.02193,0.0
GME,2004-09-24,20040924,2.23,2.29,2.22,2.28125,2.28,18.24,1889600,0.022422,0.0
GME,2004-09-27,20040927,2.28,2.28,2.24,2.240000009536743,2.24,17.92,750400,-0.017544,0.0
GME,2004-09-28,20040928,2.24,2.24,2.21,2.2225000858306885,2.22,17.76,1472000,-0.008929,0.0
GME,2004-09-29,20040929,2.21,2.27,2.21,2.271250009536743,2.27,18.16,1319200,0.022523,0.0
GME,2004-09-30,20040930,2.27,2.32,2.26,2.3137500286102295,2.31,18.48,2827200,0.017621,0.0
GME,2004-10-01,20041001,2.32,2.37,2.31,2.365000009536743,2.37,18.96,2232000,0.025974,0.0
GME,2004-10-04,20041004,2.38,2.51,2.33,2.4937500953674316,2.49,19.92,7313600,0.050633,0.0
GME,2004-10-05,20041005,2.47,2.56,2.47,2.528749942779541,2.53,20.24,2984800,0.016064,0.0
GME,2004-10-06,20041006,2.52,2.54,2.44,2.4862499237060547,2.49,19.92,4059200,-0.01581,0.0
GME,2004-10-07,20041007,2.42,2.43,2.28,2.365000009536743,2.37,18.96,7043200,-0.048193,0.0
GME,2004-10-08,20041008,2.36,2.38,2.33,2.3399999141693115,2.34,18.72,3828800,-0.012658,0.0
GME,2004-10-11,20041011,2.35,2.41,2.34,2.390000104904175,2.39,19.12,2159200,0.021368,0.0
GME,2004-10-12,20041012,2.39,2.41,2.34,2.4000000953674316,2.4,19.2,2926400,0.004184,0.0
GME,2004-10-13,20041013,2.41,2.43,2.35,2.356250047683716,2.36,18.88,1616000,-0.016667,0.0
GME,2004-10-14,20041014,2.36,2.36,2.29,2.3062500953674316,2.31,18.48,3718400,-0.021186,0.0
GME,2004-10-15,20041015,2.31,2.42,2.31,2.3862500190734863,2.39,19.12,3322400,0.034632,0.0
GME,2004-10-18,20041018,2.38,2.39,2.36,2.387500047683716,2.39,19.12,2380800,0.0,0.0
GME,2004-10-19,20041019,2.39,2.42,2.36,2.3662500381469727,2.37,18.96,1657600,-0.008368,0.0
GME,2004-10-20,20041020,2.35,2.39,2.33,2.3924999237060547,2.39,19.12,1814400,0.008439,0.0
GME,2004-10-21,20041021,2.4,2.45,2.38,2.434999942779541,2.43,19.44,1550400,0.016736,0.0
GME,2004-10-22,20041022,2.43,2.44,2.38,2.408750057220459,2.41,19.28,908800,-0.00823,0.0
GME,2004-10-25,20041025,2.4,2.4,2.37,2.4000000953674316,2.4,19.2,1267200,-0.004149,0.0
GME,2004-10-26,20041026,2.39,2.44,2.39,2.4312500953674316,2.43,19.44,2827200,0.0125,0.0
GME,2004-10-27,20041027,2.44,2.53,2.42,2.5012500286102295,2.5,20.0,2916000,0.028807,0.0
GME,2004-10-28,20041028,2.5,2.53,2.48,2.487499952316284,2.49,19.92,1605600,-0.004,0.0
GME,2004-10-29,20041029,2.48,2.49,2.42,2.4487500190734863,2.45,19.6,3236000,-0.016064,0.0
GME,2004-11-01,20041101,2.45,2.48,2.45,2.476249933242798,2.48,19.84,948000,0.012245,0.0
GME,2004-11-02,20041102,2.47,2.53,2.47,2.507499933242798,2.51,20.08,2162400,0.012097,0.0
GME,2004-11-03,20041103,2.52,2.54,2.48,2.494999885559082,2.49,19.92,3718400,-0.007968,0.0
GME,2004-11-04,20041104,2.49,2.56,2.46,2.5374999046325684,2.54,20.32,2680800,0.02008,0.0
GME,2004-11-05,20041105,2.68,2.71,2.62,2.6912500858306885,2.69,21.52,8309600,0.059055,0.0
GME,2004-11-08,20041108,2.85,2.89,2.78,2.856250047683716,2.86,22.88,7368800,0.063197,0.0
GME,2004-11-09,20041109,2.86,2.86,2.75,2.7487499713897705,2.75,22.0,7088800,-0.038462,0.0
GME,2004-11-10,20041110,2.75,2.75,2.67,2.674999952316284,2.67,21.36,5512800,-0.029091,0.0
GME,2004-11-11,20041111,2.69,2.7,2.58,2.6737499237060547,2.67,21.36,9748000,0.0,0.0
GME,2004-11-12,20041112,2.7,2.94,2.7,2.9375,2.94,23.52,16881600,0.101124,0.0
GME,2004-11-15,20041115,2.86,2.89,2.79,2.893749952316284,2.89,23.12,19627200,-0.017007,0.0
GME,2004-11-16,20041116,2.89,2.89,2.76,2.788749933242798,2.79,22.32,9755200,-0.034602,0.0
GME,2004-11-17,20041117,2.78,2.86,2.75,2.75,2.75,22.0,8394400,-0.014337,0.0
GME,2004-11-18,20041118,2.74,2.74,2.69,2.737499952316284,2.74,21.92,6096000,-0.003636,0.0
GME,2004-11-19,20041119,2.68,2.68,2.56,2.567500114440918,2.57,20.56,12897600,-0.062044,0.0
GME,2004-11-22,20041122,2.56,2.58,2.46,2.473750114440918,2.47,19.76,10712800,-0.038911,0.0
GME,2004-11-23,20041123,2.56,2.69,2.55,2.575000047683716,2.58,20.64,14652800,0.044534,0.0
GME,2004-11-24,20041124,2.61,2.68,2.6,2.684999942779541,2.68,21.44,7044800,0.03876,0.0
GME,2004-11-26,20041126,2.68,2.72,2.68,2.7125000953674316,2.71,21.68,1196000,0.011194,0.0
GME,2004-11-29,20041129,2.75,2.75,2.67,2.668750047683716,2.67,21.36,3623200,-0.01476,0.0
GME,2004-11-30,20041130,2.69,2.74,2.64,2.6362500190734863,2.64,21.12,4353600,-0.011236,0.0
GME,2004-12-01,20041201,2.65,2.66,2.62,2.637500047683716,2.64,21.12,4403200,0.0,0.0
GME,2004-12-02,20041202,2.64,2.67,2.62,2.632499933242798,2.63,21.04,2610400,-0.003788,0.0
GME,2004-12-03,20041203,2.61,2.63,2.59,2.625,2.62,20.96,4351200,-0.003802,0.0
GME,2004-12-06,20041206,2.63,2.66,2.62,2.630000114440918,2.63,21.04,2752800,0.003817,0.0
GME,2004-12-07,20041207,2.63,2.65,2.62,2.637500047683716,2.64,21.12,2380800,0.003802,0.0
GME,2004-12-08,20041208,2.65,2.68,2.62,2.677500009536743,2.68,21.44,4167200,0.015152,0.0
GME,2004-12-09,20041209,2.67,2.69,2.56,2.677500009536743,2.68,21.44,5212800,0.0,0.0
GME,2004-12-10,20041210,2.66,2.71,2.6,2.706249952316284,2.71,21.68,6703200,0.011194,0.0
GME,2004-12-13,20041213,2.72,2.73,2.66,2.6875,2.69,21.52,2736800,-0.00738,0.0
GME,2004-12-14,20041214,2.69,2.7,2.62,2.653749942779541,2.65,21.2,4604000,-0.01487,0.0
GME,2004-12-15,20041215,2.66,2.67,2.63,2.6575000286102295,2.66,21.28,3222400,0.003774,0.0
GME,2004-12-16,20041216,2.67,2.69,2.65,2.6837499141693115,2.68,21.44,2415200,0.007519,0.0
GME,2004-12-17,20041217,2.68,2.68,2.61,2.643749952316284,2.64,21.12,1572000,-0.014925,0.0
GME,2004-12-20,20041220,2.65,2.66,2.59,2.627500057220459,2.63,21.04,3081600,-0.003788,0.0
GME,2004-12-21,20041221,2.62,2.65,2.6,2.6500000953674316,2.65,21.2,2907200,0.007605,0.0
GME,2004-12-22,20041222,2.65,2.75,2.65,2.7412500381469727,2.74,21.92,3844000,0.033962,0.0
GME,2004-12-23,20041223,2.74,2.75,2.67,2.682499885559082,2.68,21.44,2253600,-0.021898,0.0
GME,2004-12-27,20041227,2.71,2.75,2.66,2.6649999618530273,2.66,21.28,2680000,-0.007463,0.0
GME,2004-12-28,20041228,2.67,2.79,2.66,2.78125,2.78,22.24,3252800,0.045113,0.0
GME,2004-12-29,20041229,2.78,2.8,2.76,2.791249990463257,2.79,22.32,2148000,0.003597,0.0
GME,2004-12-30,20041230,2.82,2.83,2.79,2.807499885559082,2.81,22.48,1840000,0.007168,0.0
GME,2004-12-31,20041231,2.81,2.82,2.79,2.7950000762939453,2.8,22.4,1420800,-0.003559,0.0
GME,2005-01-03,20050103,2.87,2.87,2.66,2.6912500858306885,2.69,21.52,4844800,-0.039286,0.0
GME,2005-01-04,20050104,2.69,2.7,2.57,2.6624999046325684,2.66,21.28,4378400,-0.011152,0.0
GME,2005-01-05,20050105,2.64,2.68,2.63,2.6600000858306885,2.66,21.28,3254400,0.0,0.0
GME,2005-01-06,20050106,2.66,2.67,2.64,2.643749952316284,2.64,21.12,4820800,-0.007519,0.0
GME,2005-01-07,20050107,2.49,2.49,2.34,2.4437499046325684,2.44,19.52,29349600,-0.075758,0.0
GME,2005-01-10,20050110,2.43,2.45,2.41,2.424999952316284,2.42,19.36,9423200,-0.008197,0.0
GME,2005-01-11,20050111,2.42,2.43,2.39,2.393749952316284,2.39,19.12,3978400,-0.012397,0.0
GME,2005-01-12,20050112,2.4,2.4,2.36,2.380000114440918,2.38,19.04,3815200,-0.004184,0.0
GME,2005-01-13,20050113,2.38,2.39,2.37,2.372499942779541,2.37,18.96,4097600,-0.004202,0.0
GME,2005-01-14,20050114,2.37,2.4,2.37,2.3812499046325684,2.38,19.04,2755200,0.004219,0.0
GME,2005-01-18,20050118,2.38,2.41,2.37,2.4149999618530273,2.41,19.28,3188000,0.012605,0.0
GME,2005-01-19,20050119,2.41,2.45,2.39,2.4200000762939453,2.42,19.36,4810400,0.004149,0.0
GME,2005-01-20,20050120,2.41,2.43,2.4,2.396250009536743,2.4,19.2,2950400,-0.008264,0.0
GME,2005-01-21,20050121,2.4,2.4,2.37,2.387500047683716,2.39,19.12,2614400,-0.004167,0.0
GME,2005-01-24,20050124,2.39,2.39,2.32,2.3350000381469727,2.34,18.72,2801600,-0.020921,0.0
GME,2005-01-25,20050125,2.33,2.37,2.33,2.336250066757202,2.34,18.72,4086400,0.0,0.0
GME,2005-01-26,20050126,2.34,2.4,2.34,2.390000104904175,2.39,19.12,1232000,0.021368,0.0
GME,2005-01-27,20050127,2.39,2.41,2.38,2.4049999713897705,2.4,19.2,1806400,0.004184,0.0
GME,2005-01-28,20050128,2.38,2.39,2.34,2.3499999046325684,2.35,18.8,4199200,-0.020833,0.0
GME,2005-01-31,20050131,2.36,2.39,2.36,2.3862500190734863,2.39,19.12,2201600,0.017021,0.0
GME,2005-02-01,20050201,2.38,2.42,2.38,2.408750057220459,2.41,19.28,2048000,0.008368,0.0
GME,2005-02-02,20050202,2.42,2.51,2.42,2.505000114440918,2.51,20.08,4252800,0.041494,0.0
GME,2005-02-03,20050203,2.5,2.5,2.43,2.4512500762939453,2.45,19.6,4172800,-0.023904,0.0
GME,2005-02-04,20050204,2.44,2.48,2.44,2.4574999809265137,2.46,19.68,1685600,0.004082,0.0
GME,2005-02-07,20050207,2.45,2.45,2.43,2.4375,2.44,19.52,3222400,-0.00813,0.0
GME,2005-02-08,20050208,2.42,2.44,2.42,2.4375,2.44,19.52,2110400,0.0,0.0
GME,2005-02-09,20050209,2.43,2.46,2.39,2.390000104904175,2.39,19.12,919200,-0.020492,0.0
GME,2005-02-10,20050210,2.4,2.41,2.37,2.365000009536743,2.37,18.96,1378400,-0.008368,0.0
GME,2005-02-11,20050211,2.38,2.41,2.35,2.393749952316284,2.39,19.12,1637600,0.008439,0.0
GME,2005-02-14,20050214,2.4,2.41,2.38,2.40625,2.41,19.28,1470400,0.008368,0.0
GME,2005-02-15,20050215,2.42,2.46,2.4,2.461250066757202,2.46,19.68,1599200,0.020747,0.0
GME,2005-02-16,20050216,2.46,2.48,2.45,2.4625000953674316,2.46,19.68,2590400,0.0,0.0
GME,2005-02-17,20050217,2.47,2.49,2.45,2.4700000286102295,2.47,19.76,1955200,0.004065,0.0
GME,2005-02-18,20050218,2.48,2.48,2.4,2.4412500858306885,2.44,19.52,1799200,-0.012146,0.0
GME,2005-02-22,20050222,2.44,2.44,2.34,2.338749885559082,2.34,18.72,1946400,-0.040984,0.0
GME,2005-02-23,20050223,2.36,2.37,2.34,2.3550000190734863,2.36,18.88,936000,0.008547,0.0
GME,2005-02-24,20050224,2.36,2.38,2.32,2.325000047683716,2.33,18.64,1944000,-0.012712,0.0
GME,2005-02-25,20050225,2.32,2.41,2.32,2.403749942779541,2.4,19.2,1598400,0.030043,0.0
GME,2005-02-28,20050228,2.4,2.45,2.4,2.4262499809265137,2.43,19.44,1068000,0.0125,0.0
GME,2005-03-01,20050301,2.45,2.56,2.42,2.533750057220459,2.53,20.24,3182400,0.041152,0.0
GME,2005-03-02,20050302,2.53,2.55,2.51,2.5350000858306885,2.54,20.32,2640000,0.003953,0.0
GME,2005-03-03,20050303,2.56,2.56,2.51,2.543750047683716,2.54,20.32,2439200,0.0,0.0
GME,2005-03-04,20050304,2.55,2.59,2.54,2.586250066757202,2.59,20.72,1810400,0.019685,0.0
GME,2005-03-07,20050307,2.59,2.63,2.57,2.601249933242798,2.6,20.8,1349600,0.003861,0.0
GME,2005-03-08,20050308,2.6,2.6,2.57,2.5662500858306885,2.57,20.56,1009600,-0.011538,0.0
GME,2005-03-09,20050309,2.57,2.57,2.53,2.5325000286102295,2.53,20.24,2252800,-0.015564,0.0
GME,2005-03-10,20050310,2.54,2.54,2.52,2.5374999046325684,2.54,20.32,1504800,0.003953,0.0
GME,2005-03-11,20050311,2.54,2.55,2.53,2.536250114440918,2.54,20.32,3028000,0.0,0.0
GME,2005-03-14,20050314,2.5,2.51,2.45,2.4574999809265137,2.46,19.68,5665600,-0.031496,0.0
GME,2005-03-15,20050315,2.46,2.66,2.45,2.648750066757202,2.65,21.2,6571200,0.077236,0.0
GME,2005-03-16,20050316,2.65,2.65,2.59,2.5999999046325684,2.6,20.8,1516000,-0.018868,0.0
GME,2005-03-17,20050317,2.59,2.64,2.59,2.6287500858306885,2.63,21.04,2931200,0.011538,0.0
GME,2005-03-18,20050318,2.66,2.67,2.61,2.627500057220459,2.63,21.04,1794400,0.0,0.0
GME,2005-03-21,20050321,2.63,2.63,2.55,2.5762500762939453,2.58,20.64,2173600,-0.019011,0.0
GME,2005-03-22,20050322,2.51,2.54,2.42,2.4375,2.44,19.52,8909600,-0.054264,0.0
GME,2005-03-23,20050323,2.62,2.8,2.61,2.7437500953674316,2.74,21.92,17444800,0.122951,0.0
GME,2005-03-24,20050324,2.78,2.87,2.72,2.8187499046325684,2.82,22.56,6767200,0.029197,0.0
GME,2005-03-28,20050328,2.88,2.95,2.88,2.927500009536743,2.93,23.44,8504000,0.039007,0.0
GME,2005-03-29,20050329,2.88,2.93,2.82,2.8212499618530273,2.82,22.56,3860000,-0.037543,0.0
GME,2005-03-30,20050330,2.81,2.85,2.78,2.8399999141693115,2.84,22.72,2196000,0.007092,0.0
GME,2005-03-31,20050331,2.83,2.84,2.75,2.7699999809265137,2.77,22.16,1920000,-0.024648,0.0
GME,2005-04-01,20050401,2.8,2.81,2.69,2.721250057220459,2.72,21.76,2340000,-0.018051,0.0
GME,2005-04-04,20050404,2.73,2.73,2.68,2.7225000858306885,2.72,21.76,2744800,0.0,0.0
GME,2005-04-05,20050405,2.74,2.76,2.72,2.7637500762939453,2.76,22.08,2912800,0.014706,0.0
GME,2005-04-06,20050406,2.76,2.8,2.74,2.7412500381469727,2.74,21.92,1942400,-0.007246,0.0
GME,2005-04-07,20050407,2.73,2.76,2.68,2.7487499713897705,2.75,22.0,2375200,0.00365,0.0
GME,2005-04-08,20050408,2.76,2.78,2.72,2.7225000858306885,2.72,21.76,2092000,-0.010909,0.0
GME,2005-04-11,20050411,2.73,2.73,2.67,2.6887500286102295,2.69,21.52,1980800,-0.011029,0.0
GME,2005-04-12,20050412,2.69,2.76,2.67,2.7437500953674316,2.74,21.92,2481600,0.018587,0.0
GME,2005-04-13,20050413,2.74,2.74,2.69,2.690000057220459,2.69,21.52,1120800,-0.018248,0.0
GME,2005-04-14,20050414,2.69,2.71,2.59,2.6137499809265137,2.61,20.88,1500000,-0.02974,0.0
GME,2005-04-15,20050415,2.61,2.71,2.61,2.7012500762939453,2.7,21.6,4920000,0.034483,0.0
GME,2005-04-18,20050418,2.67,3.21,2.6,2.963749885559082,2.96,23.68,62324800,0.096296,0.0
GME,2005-04-19,20050419,2.99,3.03,2.95,3.012500047683716,3.01,24.08,9079200,0.016892,0.0
GME,2005-04-20,20050420,3.0,3.03,2.9,2.927500009536743,2.93,23.44,6829600,-0.026578,0.0
GME,2005-04-21,20050421,2.95,3.0,2.94,2.990000009536743,2.99,23.92,6945600,0.020478,0.0
GME,2005-04-22,20050422,2.97,2.98,2.94,2.956249952316284,2.96,23.68,10447200,-0.010033,0.0
GME,2005-04-25,20050425,2.96,3.05,2.96,3.0450000762939453,3.05,24.4,8039200,0.030405,0.0
GME,2005-04-26,20050426,3.05,3.09,3.01,3.072499990463257,3.07,24.56,6420000,0.006557,0.0
GME,2005-04-27,20050427,3.05,3.07,3.0,3.0587499141693115,3.06,24.48,6429600,-0.003257,0.0
GME,2005-04-28,20050428,3.05,3.12,3.04,3.0662500858306885,3.07,24.56,7337600,0.003268,0.0
GME,2005-04-29,20050429,3.07,3.11,3.04,3.0762500762939453,3.08,24.64,3612000,0.003257,0.0
GME,2005-05-02,20050502,3.09,3.23,3.08,3.2049999237060547,3.2,25.6,4989600,0.038961,0.0
GME,2005-05-03,20050503,3.19,3.25,3.15,3.1875,3.19,25.52,7068000,-0.003125,0.0
GME,2005-05-04,20050504,3.17,3.24,3.12,3.143749952316284,3.14,25.12,4074400,-0.015674,0.0
GME,2005-05-05,20050505,3.15,3.28,3.14,3.2249999046325684,3.22,25.76,4544800,0.025478,0.0
GME,2005-05-06,20050506,3.21,3.25,3.18,3.228749990463257,3.23,25.84,2811200,0.003106,0.0
GME,2005-05-09,20050509,3.22,3.24,3.19,3.21875,3.22,25.76,2540800,-0.003096,0.0
GME,2005-05-10,20050510,3.22,3.23,3.19,3.2074999809265137,3.21,25.68,4499200,-0.003106,0.0
GME,2005-05-11,20050511,3.21,3.22,3.17,3.216249942779541,3.22,25.76,2894400,0.003115,0.0
GME,2005-05-12,20050512,3.22,3.26,3.19,3.2249999046325684,3.22,25.76,5621600,0.0,0.0
GME,2005-05-13,20050513,3.22,3.22,3.15,3.1862499713897705,3.19,25.52,5629600,-0.009317,0.0
GME,2005-05-16,20050516,3.21,3.23,3.17,3.208750009536743,3.21,25.68,2190400,0.00627,0.0
GME,2005-05-17,20050517,3.22,3.29,3.18,3.2750000953674316,3.28,26.24,4449600,0.021807,0.0
GME,2005-05-18,20050518,3.29,3.4,3.28,3.396250009536743,3.4,27.2,5760000,0.036585,0.0
GME,2005-05-19,20050519,3.45,3.52,3.42,3.502500057220459,3.5,28.0,5181600,0.029412,0.0
GME,2005-05-20,20050520,3.51,3.52,3.45,3.502500057220459,3.5,28.0,3736800,0.0,0.0
GME,2005-05-23,20050523,3.53,3.63,3.52,3.567500114440918,3.57,28.56,9228000,0.02,0.0
GME,2005-05-24,20050524,3.74,3.89,3.66,3.71875,3.72,29.76,19811200,0.042017,0.0
GME,2005-05-25,20050525,3.72,3.73,3.54,3.5737500190734863,3.57,28.56,6977600,-0.040323,0.0
GME,2005-05-26,20050526,3.58,3.69,3.55,3.6837499141693115,3.68,29.44,5831200,0.030812,0.0
GME,2005-05-27,20050527,3.75,3.76,3.69,3.733750104904175,3.73,29.84,5091200,0.013587,0.0
GME,2005-05-31,20050531,3.74,3.76,3.64,3.6449999809265137,3.64,29.12,4625600,-0.024129,0.0
GME,2005-06-01,20050601,3.65,3.79,3.61,3.755000114440918,3.76,30.08,9328800,0.032967,0.0
GME,2005-06-02,20050602,3.76,3.81,3.76,3.762500047683716,3.76,30.08,5056800,0.0,0.0
GME,2005-06-03,20050603,3.78,3.95,3.78,3.884999990463257,3.88,31.04,10910400,0.031915,0.0
GME,2005-06-06,20050606,3.9,4.09,3.84,4.066249847412109,4.07,32.56,11956800,0.048969,0.0
GME,2005-06-07,20050607,4.13,4.14,3.97,4.003749847412109,4.0,32.0,10453600,-0.017199,0.0
GME,2005-06-08,20050608,4.06,4.06,3.88,3.9000000953674316,3.9,31.2,10082400,-0.025,0.0
GME,2005-06-09,20050609,4.01,4.05,3.91,4.036250114440918,4.04,32.32,13045600,0.035897,0.0
GME,2005-06-10,20050610,4.09,4.12,4.06,4.096250057220459,4.1,32.8,5294400,0.014851,0.0
GME,2005-06-13,20050613,4.1,4.1,4.06,4.074999809265137,4.07,32.56,5081600,-0.007317,0.0
GME,2005-06-14,20050614,4.09,4.12,3.93,4.047500133514404,4.05,32.4,8160000,-0.004914,0.0
GME,2005-06-15,20050615,4.05,4.2,4.03,4.190000057220459,4.19,33.52,5979200,0.034568,0.0
GME,2005-06-16,20050616,4.25,4.29,4.07,4.12375020980835,4.12,32.96,5376800,-0.016706,0.0
GME,2005-06-17,20050617,4.13,4.19,4.12,4.133749961853027,4.13,33.04,5526400,0.002427,0.0
GME,2005-06-20,20050620,4.13,4.14,4.01,4.048749923706055,4.05,32.4,4430400,-0.01937,0.0
GME,2005-06-21,20050621,4.04,4.08,3.99,4.006249904632568,4.01,32.08,3296000,-0.009877,0.0
GME,2005-06-22,20050622,4.01,4.07,3.97,4.0625,4.06,32.48,5134400,0.012469,0.0
GME,2005-06-23,20050623,4.07,4.12,4.05,4.0625,4.06,32.48,4787200,0.0,0.0
GME,2005-06-24,20050624,4.07,4.07,4.01,4.012499809265137,4.01,32.08,5144800,-0.012315,0.0
GME,2005-06-27,20050627,4.03,4.03,3.94,3.947499990463257,3.95,31.6,2436000,-0.014963,0.0
GME,2005-06-28,20050628,4.0,4.07,3.99,4.052499771118164,4.05,32.4,4951200,0.025316,0.0
GME,2005-06-29,20050629,4.07,4.07,4.04,4.058750152587891,4.06,32.48,3894400,0.002469,0.0
GME,2005-06-30,20050630,4.06,4.14,4.06,4.088749885559082,4.09,32.72,3630400,0.007389,0.0
GME,2005-07-01,20050701,4.09,4.12,4.06,4.101250171661377,4.1,32.8,2636000,0.002445,0.0
GME,2005-07-05,20050705,4.03,4.14,4.0,4.136250019073486,4.14,33.12,5974400,0.009756,0.0
GME,2005-07-06,20050706,4.16,4.25,4.15,4.203750133514404,4.2,33.6,4544000,0.014493,0.0
GME,2005-07-07,20050707,4.2,4.28,4.13,4.277500152587891,4.28,34.24,3616000,0.019048,0.0
GME,2005-07-08,20050708,4.31,4.4,4.3,4.394999980926514,4.39,35.12,4782400,0.025701,0.0
GME,2005-07-11,20050711,4.46,4.46,4.4,4.433750152587891,4.43,35.44,4837600,0.009112,0.0
GME,2005-07-12,20050712,4.47,4.52,4.44,4.462500095367432,4.46,35.68,4825600,0.006772,0.0
GME,2005-07-13,20050713,4.49,4.5,4.38,4.434999942779541,4.43,35.44,6147200,-0.006726,0.0
GME,2005-07-14,20050714,4.44,4.49,4.41,4.421249866485596,4.42,35.36,4058400,-0.002257,0.0
GME,2005-07-15,20050715,4.43,4.44,4.36,4.398749828338623,4.4,35.2,3233600,-0.004525,0.0
GME,2005-07-18,20050718,4.4,4.4,4.32,4.372499942779541,4.37,34.96,4751200,-0.006818,0.0
GME,2005-07-19,20050719,4.39,4.4,4.36,4.372499942779541,4.37,34.96,5283200,0.0,0.0
GME,2005-07-20,20050720,4.37,4.42,4.37,4.409999847412109,4.41,35.28,2126400,0.009153,0.0
GME,2005-07-21,20050721,4.41,4.43,4.35,4.377500057220459,4.38,35.04,2002400,-0.006803,0.0
GME,2005-07-22,20050722,4.37,4.38,4.28,4.304999828338623,4.3,34.4,3260000,-0.018265,0.0
GME,2005-07-25,20050725,4.3,4.33,4.27,4.272500038146973,4.27,34.16,2082400,-0.006977,0.0
GME,2005-07-26,20050726,4.21,4.28,4.1,4.256249904632568,4.26,34.08,10003200,-0.002342,0.0
GME,2005-07-27,20050727,4.31,4.37,4.3,4.369999885559082,4.37,34.96,5293600,0.025822,0.0
GME,2005-07-28,20050728,4.37,4.44,4.37,4.418749809265137,4.42,35.36,4013600,0.011442,0.0
GME,2005-07-29,20050729,4.43,4.44,4.28,4.293749809265137,4.29,34.32,4046400,-0.029412,0.0
GME,2005-08-01,20050801,4.32,4.32,4.26,4.263750076293945,4.26,34.08,4022400,-0.006993,0.0
GME,2005-08-02,20050802,4.28,4.35,4.27,4.337500095367432,4.34,34.72,3236800,0.018779,0.0
GME,2005-08-03,20050803,4.34,4.34,4.28,4.288750171661377,4.29,34.32,2520000,-0.011521,0.0
GME,2005-08-04,20050804,4.29,4.29,4.18,4.183750152587891,4.18,33.44,2731200,-0.025641,0.0
GME,2005-08-05,20050805,4.17,4.19,3.96,4.025000095367432,4.03,32.24,8782400,-0.035885,0.0
GME,2005-08-08,20050808,4.03,4.08,4.01,4.026249885559082,4.03,32.24,2602400,0.0,0.0
GME,2005-08-09,20050809,4.03,4.14,4.03,4.112500190734863,4.11,32.88,7405600,0.019851,0.0
GME,2005-08-10,20050810,4.12,4.19,4.09,4.117499828338623,4.12,32.96,5344800,0.002433,0.0
GME,2005-08-11,20050811,4.12,4.12,4.05,4.0625,4.06,32.48,3891200,-0.014563,0.0
GME,2005-08-12,20050812,4.06,4.06,3.84,3.924999952316284,3.92,31.36,9870400,-0.034483,0.0
GME,2005-08-15,20050815,3.97,3.99,3.91,3.9437499046325684,3.94,31.52,6760000,0.005102,0.0
GME,2005-08-16,20050816,3.94,3.94,3.72,3.7587499618530273,3.76,30.08,8929600,-0.045685,0.0
GME,2005-08-17,20050817,3.66,3.72,3.58,3.6812500953674316,3.68,29.44,12528800,-0.021277,0.0
GME,2005-08-18,20050818,3.64,4.07,3.58,4.042500019073486,4.04,32.32,30152000,0.097826,0.0
GME,2005-08-19,20050819,4.05,4.19,3.96,4.122499942779541,4.12,32.96,9533600,0.019802,0.0
GME,2005-08-22,20050822,4.25,4.28,4.19,4.28125,4.28,34.24,9614400,0.038835,0.0
GME,2005-08-23,20050823,4.33,4.39,4.3,4.360000133514404,4.36,34.88,11461600,0.018692,0.0
GME,2005-08-24,20050824,4.35,4.36,4.28,4.3125,4.31,34.48,6655200,-0.011468,0.0
GME,2005-08-25,20050825,4.31,4.36,4.3,4.306250095367432,4.31,34.48,4289600,0.0,0.0
GME,2005-08-26,20050826,4.31,4.32,4.21,4.25124979019165,4.25,34.0,4119200,-0.013921,0.0
GME,2005-08-29,20050829,4.2,4.24,4.14,4.21875,4.22,33.76,5644800,-0.007059,0.0
GME,2005-08-30,20050830,4.22,4.28,4.09,4.164999961853027,4.16,33.28,5616000,-0.014218,0.0
GME,2005-08-31,20050831,4.19,4.24,4.14,4.21875,4.22,33.76,3615200,0.014423,0.0
GME,2005-09-01,20050901,4.21,4.26,4.17,4.1875,4.19,33.52,4422400,-0.007109,0.0
GME,2005-09-02,20050902,4.18,4.23,4.18,4.228750228881836,4.23,33.84,2591200,0.009547,0.0
GME,2005-09-06,20050906,4.28,4.47,4.27,4.465000152587891,4.47,35.76,10426400,0.056738,0.0
GME,2005-09-07,20050907,4.47,4.55,4.42,4.528749942779541,4.53,36.24,4876000,0.013423,0.0
GME,2005-09-08,20050908,4.52,4.54,4.47,4.50124979019165,4.5,36.0,4820800,-0.006623,0.0
GME,2005-09-09,20050909,4.5,4.59,4.48,4.517499923706055,4.52,36.16,3808800,0.004444,0.0
GME,2005-09-12,20050912,4.53,4.55,4.47,4.545000076293945,4.55,36.4,2681600,0.006637,0.0
GME,2005-09-13,20050913,4.55,4.57,4.51,4.53000020980835,4.53,36.24,3542400,-0.004396,0.0
GME,2005-09-14,20050914,4.53,4.8,4.53,4.587500095367432,4.59,36.72,10896000,0.013245,0.0
GME,2005-09-15,20050915,4.59,4.61,4.41,4.480000019073486,4.48,35.84,5410400,-0.023965,0.0
GME,2005-09-16,20050916,4.48,4.55,4.48,4.502500057220459,4.5,36.0,2892800,0.004464,0.0
GME,2005-09-19,20050919,4.53,4.57,4.44,4.497499942779541,4.5,36.0,5140800,0.0,0.0
GME,2005-09-20,20050920,4.5,4.52,4.4,4.413750171661377,4.41,35.28,5376800,-0.02,0.0
GME,2005-09-21,20050921,4.38,4.38,4.13,4.139999866485596,4.14,33.12,10058400,-0.061224,0.0
GME,2005-09-22,20050922,4.17,4.19,4.02,4.175000190734863,4.18,33.44,10666400,0.009662,0.0
GME,2005-09-23,20050923,4.18,4.28,4.18,4.224999904632568,4.22,33.76,4352800,0.009569,0.0
GME,2005-09-26,20050926,4.25,4.29,4.15,4.161250114440918,4.16,33.28,5928800,-0.014218,0.0
GME,2005-09-27,20050927,4.16,4.17,4.04,4.090000152587891,4.09,32.72,10540800,-0.016827,0.0
GME,2005-09-28,20050928,4.08,4.18,4.0,4.106249809265137,4.11,32.88,9587200,0.00489,0.0
GME,2005-09-29,20050929,4.12,4.12,3.98,4.012499809265137,4.01,32.08,10675200,-0.024331,0.0
GME,2005-09-30,20050930,4.01,4.01,3.83,3.9337499141693115,3.93,31.44,15973600,-0.01995,0.0
GME,2005-10-03,20051003,3.97,4.0,3.86,3.8712499141693115,3.87,30.96,8705600,-0.015267,0.0
GME,2005-10-04,20051004,3.89,4.05,3.88,3.934999942779541,3.93,31.44,8649600,0.015504,0.0
GME,2005-10-05,20051005,4.06,4.12,3.98,4.00124979019165,4.0,32.0,17377600,0.017812,0.0
GME,2005-10-06,20051006,3.99,3.99,3.86,3.875,3.88,31.04,10563200,-0.03,0.0
GME,2005-10-07,20051007,3.91,3.95,3.81,3.8375000953674316,3.84,30.72,52832800,-0.010309,0.0
GME,2005-10-10,20051010,3.88,3.95,3.85,3.9049999713897705,3.9,31.2,14907200,0.015625,0.0
GME,2005-10-11,20051011,3.94,3.95,3.83,3.862499952316284,3.86,30.88,15512800,-0.010256,0.0
GME,2005-10-12,20051012,3.86,3.88,3.81,3.84375,3.84,30.72,13842400,-0.005181,0.0
GME,2005-10-13,20051013,3.75,3.84,3.74,3.8324999809265137,3.83,30.64,9798400,-0.002604,0.0
GME,2005-10-14,20051014,3.84,3.89,3.81,3.8687500953674316,3.87,30.96,9545600,0.010444,0.0
GME,2005-10-17,20051017,3.87,3.95,3.87,3.9437499046325684,3.94,31.52,8855200,0.018088,0.0
GME,2005-10-18,20051018,4.0,4.12,4.0,4.105000019073486,4.11,32.88,13924800,0.043147,0.0
GME,2005-10-19,20051019,4.11,4.31,4.09,4.244999885559082,4.24,33.92,13252800,0.03163,0.0
GME,2005-10-20,20051020,4.24,4.33,4.24,4.255000114440918,4.26,34.08,11249600,0.004717,0.0
GME,2005-10-21,20051021,4.27,4.35,4.23,4.261250019073486,4.26,34.08,6864800,0.0,0.0
GME,2005-10-24,20051024,4.31,4.34,4.24,4.338749885559082,4.34,34.72,5791200,0.018779,0.0
GME,2005-10-25,20051025,4.59,4.68,4.44,4.458749771118164,4.46,35.68,24702400,0.02765,0.0
GME,2005-10-26,20051026,4.47,4.48,4.22,4.235000133514404,4.24,33.92,13603200,-0.049327,0.0
GME,2005-10-27,20051027,4.24,4.28,4.09,4.130000114440918,4.13,33.04,9168800,-0.025943,0.0
GME,2005-10-28,20051028,4.19,4.31,4.11,4.309999942779541,4.31,34.48,8584000,0.043584,0.0
GME,2005-10-31,20051031,4.33,4.47,4.33,4.434999942779541,4.43,35.44,9989600,0.027842,0.0
GME,2005-11-01,20051101,4.43,4.52,4.39,4.449999809265137,4.45,35.6,8176800,0.004515,0.0
GME,2005-11-02,20051102,4.46,4.53,4.41,4.53125,4.53,36.24,9165600,0.017978,0.0
GME,2005-11-03,20051103,4.59,4.66,4.57,4.62375020980835,4.62,36.96,8779200,0.019868,0.0
GME,2005-11-04,20051104,4.64,4.65,4.53,4.547500133514404,4.55,36.4,6818400,-0.015152,0.0
GME,2005-11-07,20051107,4.6,4.68,4.51,4.650000095367432,4.65,37.2,5389600,0.021978,0.0
GME,2005-11-08,20051108,4.62,4.63,4.53,4.548749923706055,4.55,36.4,6180000,-0.021505,0.0
GME,2005-11-09,20051109,4.56,4.68,4.55,4.619999885559082,4.62,36.96,5386400,0.015385,0.0
GME,2005-11-10,20051110,4.57,4.62,4.45,4.597499847412109,4.6,36.8,10495200,-0.004329,0.0
GME,2005-11-11,20051111,4.58,4.59,4.49,4.488749980926514,4.49,35.92,5192800,-0.023913,0.0
GME,2005-11-14,20051114,4.49,4.56,4.35,4.513750076293945,4.51,36.08,13801600,0.004454,0.0
GME,2005-11-15,20051115,4.53,4.53,4.41,4.442500114440918,4.44,35.52,7923200,-0.015521,0.0
GME,2005-11-16,20051116,4.45,4.46,4.36,4.431250095367432,4.43,35.44,7541600,-0.002252,0.0
GME,2005-11-17,20051117,4.47,4.54,4.45,4.465000152587891,4.47,35.76,7339200,0.009029,0.0
GME,2005-11-18,20051118,4.59,4.62,4.4,4.533750057220459,4.53,36.24,21448000,0.013423,0.0
GME,2005-11-21,20051121,4.6,4.73,4.51,4.724999904632568,4.72,37.76,19488000,0.041943,0.0
GME,2005-11-22,20051122,4.72,4.77,4.5,4.572500228881836,4.57,36.56,27897600,-0.03178,0.0
GME,2005-11-23,20051123,4.57,4.6,4.43,4.432499885559082,4.43,35.44,26180000,-0.030635,0.0
GME,2005-11-25,20051125,4.48,4.67,4.47,4.567500114440918,4.57,36.56,11036000,0.031603,0.0
GME,2005-11-28,20051128,4.6,4.67,4.4,4.397500038146973,4.4,35.2,20941600,-0.037199,0.0
GME,2005-11-29,20051129,4.28,4.66,4.27,4.37375020980835,4.37,34.96,39403200,-0.006818,0.0
GME,2005-11-30,20051130,4.33,4.34,4.15,4.204999923706055,4.2,33.6,29410400,-0.038902,0.0
GME,2005-12-01,20051201,4.2,4.25,4.07,4.201250076293945,4.2,33.6,21526400,0.0,0.0
GME,2005-12-02,20051202,4.29,4.41,4.25,4.400000095367432,4.4,35.2,14757600,0.047619,0.0
GME,2005-12-05,20051205,4.41,4.46,4.36,4.360000133514404,4.36,34.88,10442400,-0.009091,0.0
GME,2005-12-06,20051206,4.41,4.44,4.37,4.375,4.38,35.04,8649600,0.004587,0.0
GME,2005-12-07,20051207,4.38,4.39,4.28,4.292500019073486,4.29,34.32,6916000,-0.020548,0.0
GME,2005-12-08,20051208,4.32,4.41,4.28,4.331250190734863,4.33,34.64,6964800,0.009324,0.0
GME,2005-12-09,20051209,4.31,4.31,4.2,4.243750095367432,4.24,33.92,8983200,-0.020785,0.0
GME,2005-12-12,20051212,4.29,4.3,4.26,4.268750190734863,4.27,34.16,6884000,0.007075,0.0
GME,2005-12-13,20051213,4.26,4.26,4.1,4.113749980926514,4.11,32.88,20328000,-0.037471,0.0
GME,2005-12-14,20051214,4.12,4.16,4.11,4.114999771118164,4.11,32.88,8283200,0.0,0.0
GME,2005-12-15,20051215,4.1,4.1,3.94,3.9512500762939453,3.95,31.6,29805600,-0.038929,0.0
GME,2005-12-16,20051216,3.95,3.97,3.91,3.942500114440918,3.94,31.52,14536000,-0.002532,0.0
GME,2005-12-19,20051219,3.95,3.98,3.86,3.858750104904175,3.86,30.88,9797600,-0.020305,0.0
GME,2005-12-20,20051220,3.86,3.89,3.78,3.8062500953674316,3.81,30.48,12994400,-0.012953,0.0
GME,2005-12-21,20051221,3.86,3.94,3.81,3.848750114440918,3.85,30.8,23754400,0.010499,0.0
GME,2005-12-22,20051222,3.82,3.84,3.78,3.817500114440918,3.82,30.56,10518400,-0.007792,0.0
GME,2005-12-23,20051223,3.82,3.87,3.81,3.828749895095825,3.83,30.64,5524000,0.002618,0.0
GME,2005-12-27,20051227,3.84,3.87,3.79,3.858750104904175,3.86,30.88,8728800,0.007833,0.0
GME,2005-12-28,20051228,3.89,4.03,3.88,3.940000057220459,3.94,31.52,11119200,0.020725,0.0
GME,2005-12-29,20051229,3.94,3.99,3.93,3.9700000286102295,3.97,31.76,10356800,0.007614,0.0
GME,2005-12-30,20051230,3.97,4.01,3.95,3.9774999618530273,3.98,31.84,9986400,0.002519,0.0
GME,2006-01-03,20060103,3.98,4.08,3.89,4.038750171661377,4.04,32.32,14340000,0.015075,0.0
GME,2006-01-04,20060104,4.04,4.19,4.04,4.181250095367432,4.18,33.44,18158400,0.034653,0.0
GME,2006-01-05,20060105,4.68,4.81,4.59,4.663750171661377,4.66,37.28,64004000,0.114833,0.0
GME,2006-01-06,20060106,4.69,4.85,4.53,4.815000057220459,4.82,38.56,25268800,0.034335,0.0
GME,2006-01-09,20060109,4.69,4.84,4.64,4.791250228881836,4.79,38.32,19167200,-0.006224,0.0
GME,2006-01-10,20060110,4.75,4.86,4.71,4.837500095367432,4.84,38.72,12179200,0.010438,0.0
GME,2006-01-11,20060111,4.84,4.92,4.79,4.897500038146973,4.9,39.2,16179200,0.012397,0.0
GME,2006-01-12,20060112,4.87,4.89,4.77,4.817500114440918,4.82,38.56,9652800,-0.016327,0.0
GME,2006-01-13,20060113,4.79,4.9,4.79,4.792500019073486,4.79,38.32,8151200,-0.006224,0.0
GME,2006-01-17,20060117,4.75,4.8,4.72,4.783750057220459,4.78,38.24,5452000,-0.002088,0.0
GME,2006-01-18,20060118,4.72,4.82,4.71,4.757500171661377,4.76,38.08,9820000,-0.004184,0.0
GME,2006-01-19,20060119,4.75,4.85,4.74,4.836249828338623,4.84,38.72,7996800,0.016807,0.0
GME,2006-01-20,20060120,4.84,4.86,4.75,4.764999866485596,4.76,38.08,6880800,-0.016529,0.0
GME,2006-01-23,20060123,4.75,4.79,4.69,4.762499809265137,4.76,38.08,6049600,0.0,0.0
GME,2006-01-24,20060124,4.75,4.81,4.74,4.762499809265137,4.76,38.08,4924800,0.0,0.0
GME,2006-01-25,20060125,4.77,4.81,4.74,4.788750171661377,4.79,38.32,5652800,0.006303,0.0
GME,2006-01-26,20060126,4.81,4.86,4.79,4.840000152587891,4.84,38.72,6236000,0.010438,0.0
GME,2006-01-27,20060127,4.84,5.14,4.83,4.892499923706055,4.89,39.12,14284800,0.010331,0.0
GME,2006-01-30,20060130,4.89,4.98,4.87,4.943749904632568,4.94,39.52,6882400,0.010225,0.0
GME,2006-01-31,20060131,4.95,5.05,4.91,5.038750171661377,5.04,40.32,10189600,0.020243,0.0
GME,2006-02-01,20060201,5.04,5.29,5.04,5.273749828338623,5.27,42.16,22532800,0.045635,0.0
GME,2006-02-02,20060202,5.26,5.26,5.13,5.257500171661377,5.26,42.08,14772800,-0.001898,0.0
GME,2006-02-03,20060203,5.28,5.45,5.23,5.321249961853027,5.32,42.56,13072000,0.011407,0.0
GME,2006-02-06,20060206,5.32,5.39,5.28,5.387499809265137,5.39,43.12,8327200,0.013158,0.0
GME,2006-02-07,20060207,5.39,5.41,5.22,5.236249923706055,5.24,41.92,8088800,-0.027829,0.0
GME,2006-02-08,20060208,5.24,5.24,5.01,5.21875,5.22,41.76,6632800,-0.003817,0.0
GME,2006-02-09,20060209,5.22,5.29,5.05,5.057499885559082,5.06,40.48,7375200,-0.030651,0.0
GME,2006-02-10,20060210,5.05,5.08,4.98,5.059999942779541,5.06,40.48,6680000,0.0,0.0
GME,2006-02-13,20060213,5.06,5.13,4.99,5.023749828338623,5.02,40.16,3857600,-0.007905,0.0
GME,2006-02-14,20060214,5.06,5.07,4.95,5.066249847412109,5.07,40.56,5366400,0.00996,0.0
GME,2006-02-15,20060215,5.07,5.2,5.03,5.078750133514404,5.08,40.64,7472800,0.001972,0.0
GME,2006-02-16,20060216,5.18,5.24,5.02,5.212500095367432,5.21,41.68,7809600,0.025591,0.0
GME,2006-02-17,20060217,5.23,5.23,5.12,5.143750190734863,5.14,41.12,5732000,-0.013436,0.0
GME,2006-02-21,20060221,5.12,5.15,5.03,5.06374979019165,5.06,40.48,4985600,-0.015564,0.0
GME,2006-02-22,20060222,5.06,5.24,5.03,5.130000114440918,5.13,41.04,4616800,0.013834,0.0
GME,2006-02-23,20060223,5.11,5.12,4.99,4.994999885559082,4.99,39.92,5284800,-0.02729,0.0
GME,2006-02-24,20060224,4.97,5.04,4.91,5.006249904632568,5.01,40.08,3040800,0.004008,0.0
GME,2006-02-27,20060227,5.0,5.07,4.99,5.03000020980835,5.03,40.24,4370400,0.003992,0.0
GME,2006-02-28,20060228,5.03,5.04,4.94,5.003749847412109,5.0,40.0,5433600,-0.005964,0.0
GME,2006-03-01,20060301,5.01,5.14,5.01,5.122499942779541,5.12,40.96,5396000,0.024,0.0
GME,2006-03-02,20060302,5.07,5.14,5.02,5.037499904632568,5.04,40.32,5779200,-0.015625,0.0
GME,2006-03-03,20060303,5.0,5.16,5.0,5.125,5.12,40.96,4959200,0.015873,0.0
GME,2006-03-06,20060306,5.03,5.2,5.03,5.098750114440918,5.1,40.8,4565600,-0.003906,0.0
GME,2006-03-07,20060307,5.1,5.1,4.95,4.992499828338623,4.99,39.92,5328800,-0.021569,0.0
GME,2006-03-08,20060308,4.97,4.97,4.8,4.84375,4.84,38.72,6636800,-0.03006,0.0
GME,2006-03-09,20060309,4.86,4.91,4.76,4.78125,4.78,38.24,4141600,-0.012397,0.0
GME,2006-03-10,20060310,4.76,4.88,4.66,4.849999904632568,4.85,38.8,5876800,0.014644,0.0
GME,2006-03-13,20060313,4.85,4.97,4.85,4.889999866485596,4.89,39.12,6683200,0.008247,0.0
GME,2006-03-14,20060314,4.89,5.12,4.88,5.054999828338623,5.05,40.4,10702400,0.03272,0.0
GME,2006-03-15,20060315,5.06,5.18,4.96,4.973750114440918,4.97,39.76,9444000,-0.015842,0.0
GME,2006-03-16,20060316,4.99,5.11,4.98,5.012499809265137,5.01,40.08,3470400,0.008048,0.0
GME,2006-03-17,20060317,5.06,5.18,5.02,5.137499809265137,5.14,41.12,8017600,0.025948,0.0
GME,2006-03-20,20060320,5.12,5.22,5.07,5.175000190734863,5.18,41.44,5472000,0.007782,0.0
GME,2006-03-21,20060321,5.53,5.75,5.53,5.625,5.62,44.96,34934400,0.084942,0.0
GME,2006-03-22,20060322,5.5,5.7,5.5,5.679999828338623,5.68,45.44,9578400,0.010676,0.0
GME,2006-03-23,20060323,5.62,5.76,5.62,5.647500038146973,5.65,45.2,9898400,-0.005282,0.0
GME,2006-03-24,20060324,5.65,5.89,5.62,5.851250171661377,5.85,46.8,8592800,0.035398,0.0
GME,2006-03-27,20060327,5.82,5.99,5.8,5.860000133514404,5.86,46.88,8910400,0.001709,0.0
GME,2006-03-28,20060328,5.92,5.96,5.78,5.793749809265137,5.79,46.32,8101600,-0.011945,0.0
GME,2006-03-29,20060329,5.79,5.97,5.79,5.875,5.88,47.04,5836000,0.015544,0.0
GME,2006-03-30,20060330,5.88,5.97,5.86,5.875,5.88,47.04,7541600,0.0,0.0
GME,2006-03-31,20060331,5.9,5.94,5.85,5.892499923706055,5.89,47.12,7366400,0.001701,0.0
GME,2006-04-03,20060403,5.89,6.04,5.78,5.807499885559082,5.81,46.48,7973600,-0.013582,0.0
GME,2006-04-04,20060404,5.81,6.01,5.79,6.005000114440918,6.01,48.08,7552800,0.034423,0.0
GME,2006-04-05,20060405,6.01,6.17,6.0,6.083749771118164,6.08,48.64,10348800,0.011647,0.0
GME,2006-04-06,20060406,6.07,6.14,6.03,6.12375020980835,6.12,48.96,4656800,0.006579,0.0
GME,2006-04-07,20060407,6.13,6.18,6.07,6.121250152587891,6.12,48.96,4709600,0.0,0.0
GME,2006-04-10,20060410,6.12,6.21,6.08,6.082499980926514,6.08,48.64,8205600,-0.006536,0.0
GME,2006-04-11,20060411,5.88,5.91,5.84,5.872499942779541,5.87,46.96,15877600,-0.034539,0.0
GME,2006-04-12,20060412,5.88,5.92,5.86,5.888750076293945,5.89,47.12,6859200,0.003407,0.0
GME,2006-04-13,20060413,5.88,5.9,5.86,5.857500076293945,5.86,46.88,5961600,-0.005093,0.0
GME,2006-04-17,20060417,5.85,5.85,5.75,5.824999809265137,5.82,46.56,6667200,-0.006826,0.0
GME,2006-04-18,20060418,5.85,5.87,5.74,5.847499847412109,5.85,46.8,7016800,0.005155,0.0
GME,2006-04-19,20060419,5.88,5.89,5.81,5.883749961853027,5.88,47.04,3589600,0.005128,0.0
GME,2006-04-20,20060420,5.88,5.99,5.84,5.940000057220459,5.94,47.52,4015200,0.010204,0.0
GME,2006-04-21,20060421,5.95,5.95,5.8,5.87375020980835,5.87,46.96,4872800,-0.011785,0.0
GME,2006-04-24,20060424,5.86,5.88,5.78,5.84499979019165,5.84,46.72,8646400,-0.005111,0.0
GME,2006-04-25,20060425,5.88,5.9,5.82,5.849999904632568,5.85,46.8,4122400,0.001712,0.0
GME,2006-04-26,20060426,5.87,5.96,5.86,5.922500133514404,5.92,47.36,5029600,0.011966,0.0
GME,2006-04-27,20060427,5.89,5.95,5.76,5.918749809265137,5.92,47.36,8373600,0.0,0.0
GME,2006-04-28,20060428,5.92,5.99,5.86,5.900000095367432,5.9,47.2,6791200,-0.003378,0.0
GME,2006-05-01,20060501,5.91,6.03,5.91,5.949999809265137,5.95,47.6,8448800,0.008475,0.0
GME,2006-05-02,20060502,6.03,6.05,5.96,6.002500057220459,6.0,48.0,10076800,0.008403,0.0
GME,2006-05-03,20060503,6.0,6.04,5.96,5.996250152587891,6.0,48.0,9106400,0.0,0.0
GME,2006-05-04,20060504,6.03,6.03,5.81,5.927499771118164,5.93,47.44,8647200,-0.011667,0.0
GME,2006-05-05,20060505,5.93,6.06,5.93,6.027500152587891,6.03,48.24,7203200,0.016863,0.0
GME,2006-05-08,20060508,6.0,6.03,5.91,5.933750152587891,5.93,47.44,5166400,-0.016584,0.0
GME,2006-05-09,20060509,5.91,6.0,5.91,5.945000171661377,5.95,47.6,2714400,0.003373,0.0
GME,2006-05-10,20060510,5.91,5.94,5.78,5.801249980926514,5.8,46.4,6000800,-0.02521,0.0
GME,2006-05-11,20060511,5.82,5.83,5.56,5.613749980926514,5.61,44.88,9512000,-0.032759,0.0
GME,2006-05-12,20060512,5.61,5.61,5.47,5.493750095367432,5.49,43.92,6625600,-0.02139,0.0
GME,2006-05-15,20060515,5.41,5.45,5.24,5.429999828338623,5.43,43.44,14463200,-0.010929,0.0
GME,2006-05-16,20060516,5.54,5.75,5.53,5.537499904632568,5.54,44.32,15004000,0.020258,0.0
GME,2006-05-17,20060517,5.69,5.69,5.55,5.574999809265137,5.57,44.56,13900800,0.005415,0.0
GME,2006-05-18,20060518,5.91,5.96,5.67,5.672500133514404,5.67,45.36,27920800,0.017953,0.0
GME,2006-05-19,20060519,5.7,5.75,5.48,5.621250152587891,5.62,44.96,17420000,-0.008818,0.0
GME,2006-05-22,20060522,5.53,5.6,5.3,5.416250228881836,5.42,43.36,13483200,-0.035587,0.0
GME,2006-05-23,20060523,5.46,5.53,5.41,5.40500020980835,5.41,43.28,8955200,-0.001845,0.0
GME,2006-05-24,20060524,5.42,5.5,5.16,5.256249904632568,5.26,42.08,9572000,-0.027726,0.0
GME,2006-05-25,20060525,5.34,5.5,5.32,5.433750152587891,5.43,43.44,9716000,0.032319,0.0
GME,2006-05-26,20060526,5.45,5.51,5.43,5.447500228881836,5.45,43.6,2690400,0.003683,0.0
GME,2006-05-30,20060530,5.42,5.42,5.27,5.272500038146973,5.27,42.16,4466400,-0.033028,0.0
GME,2006-05-31,20060531,5.36,5.43,5.31,5.367499828338623,5.37,42.96,8531200,0.018975,0.0
GME,2006-06-01,20060601,5.37,5.51,5.3,5.491250038146973,5.49,43.92,6748800,0.022346,0.0
GME,2006-06-02,20060602,5.5,5.55,5.39,5.428750038146973,5.43,43.44,3640000,-0.010929,0.0
GME,2006-06-05,20060605,5.4,5.43,5.11,5.121250152587891,5.12,40.96,9801600,-0.05709,0.0
GME,2006-06-06,20060606,5.14,5.22,5.08,5.210000038146973,5.21,41.68,8560800,0.017578,0.0
GME,2006-06-07,20060607,5.25,5.3,5.14,5.15625,5.16,41.28,9148000,-0.009597,0.0
GME,2006-06-08,20060608,5.12,5.13,4.88,5.118750095367432,5.12,40.96,14679200,-0.007752,0.0
GME,2006-06-09,20060609,5.13,5.24,5.13,5.175000190734863,5.18,41.44,7392000,0.011719,0.0
GME,2006-06-12,20060612,5.18,5.2,4.87,5.012499809265137,5.01,40.08,12683200,-0.032819,0.0
GME,2006-06-13,20060613,5.0,5.08,4.48,4.93874979019165,4.94,39.52,34932000,-0.013972,0.0
GME,2006-06-14,20060614,5.03,5.17,4.97,5.047500133514404,5.05,40.4,11556800,0.022267,0.0
GME,2006-06-15,20060615,5.03,5.16,4.86,5.15625,5.16,41.28,12840000,0.021782,0.0
GME,2006-06-16,20060616,5.08,5.09,4.9,4.928750038146973,4.93,39.44,19246400,-0.044574,0.0
GME,2006-06-19,20060619,4.93,4.93,4.73,4.739999771118164,4.74,37.92,9212800,-0.03854,0.0
GME,2006-06-20,20060620,4.73,4.74,4.57,4.585000038146973,4.59,36.72,10371200,-0.031646,0.0
GME,2006-06-21,20060621,4.59,4.82,4.55,4.802499771118164,4.8,38.4,17034400,0.045752,0.0
GME,2006-06-22,20060622,4.7,4.78,4.51,4.601250171661377,4.6,36.8,15736800,-0.041667,0.0
GME,2006-06-23,20060623,4.63,4.76,4.58,4.708749771118164,4.71,37.68,9082400,0.023913,0.0
GME,2006-06-26,20060626,4.72,4.77,4.53,4.641250133514404,4.64,37.12,8500000,-0.014862,0.0
GME,2006-06-27,20060627,4.65,4.69,4.56,4.597499847412109,4.6,36.8,7832800,-0.008621,0.0
GME,2006-06-28,20060628,4.61,4.65,4.58,4.642499923706055,4.64,37.12,8960000,0.008696,0.0
GME,2006-06-29,20060629,4.72,4.89,4.67,4.894999980926514,4.89,39.12,10038400,0.053879,0.0
GME,2006-06-30,20060630,4.9,5.25,4.74,5.25,5.25,42.0,40900800,0.07362,0.0
GME,2006-07-03,20060703,5.06,5.06,4.95,4.971250057220459,4.97,39.76,9300800,-0.053333,0.0
GME,2006-07-05,20060705,4.97,4.97,4.8,4.855000019073486,4.86,38.88,8599200,-0.022133,0.0
GME,2006-07-06,20060706,4.86,4.96,4.83,4.901249885559082,4.9,39.2,7608000,0.00823,0.0
GME,2006-07-07,20060707,4.88,4.89,4.74,4.760000228881836,4.76,38.08,8792000,-0.028571,0.0
GME,2006-07-10,20060710,4.77,4.79,4.59,4.62624979019165,4.63,37.04,9079200,-0.027311,0.0
GME,2006-07-11,20060711,4.63,4.68,4.56,4.664999961853027,4.66,37.28,6838400,0.006479,0.0
GME,2006-07-12,20060712,4.66,4.7,4.52,4.613749980926514,4.61,36.88,11244000,-0.01073,0.0
GME,2006-07-13,20060713,4.61,4.96,4.61,4.917500019073486,4.92,39.36,27345600,0.067245,0.0
GME,2006-07-14,20060714,4.89,4.99,4.77,4.867499828338623,4.87,38.96,25800000,-0.010163,0.0
GME,2006-07-17,20060717,4.86,4.89,4.7,4.708749771118164,4.71,37.68,8840000,-0.032854,0.0
GME,2006-07-18,20060718,4.81,4.96,4.78,4.929999828338623,4.93,39.44,10285600,0.046709,0.0
GME,2006-07-19,20060719,4.93,5.17,4.89,5.114999771118164,5.11,40.88,14404800,0.036511,0.0
GME,2006-07-20,20060720,5.12,5.12,4.76,4.858749866485596,4.86,38.88,13608800,-0.048924,0.0
GME,2006-07-21,20060721,4.84,4.85,4.69,4.733749866485596,4.73,37.84,7272800,-0.026749,0.0
GME,2006-07-24,20060724,4.75,4.91,4.75,4.885000228881836,4.89,39.12,6758400,0.033827,0.0
GME,2006-07-25,20060725,4.89,5.04,4.87,5.033750057220459,5.03,40.24,11869600,0.02863,0.0
GME,2006-07-26,20060726,5.03,5.12,4.99,5.107500076293945,5.11,40.88,9171200,0.015905,0.0
GME,2006-07-27,20060727,5.14,5.28,5.07,5.106249809265137,5.11,40.88,11804800,0.0,0.0
GME,2006-07-28,20060728,5.12,5.32,5.11,5.277500152587891,5.28,42.24,6951200,0.033268,0.0
GME,2006-07-31,20060731,5.28,5.28,5.2,5.201250076293945,5.2,41.6,5831200,-0.015152,0.0
GME,2006-08-01,20060801,5.19,5.19,5.01,5.058750152587891,5.06,40.48,9466400,-0.026923,0.0
GME,2006-08-02,20060802,5.13,5.41,5.12,5.363749980926514,5.36,42.88,14356000,0.059289,0.0
GME,2006-08-03,20060803,5.35,5.57,5.3,5.551249980926514,5.55,44.4,11303200,0.035448,0.0
GME,2006-08-04,20060804,5.64,5.73,5.45,5.537499904632568,5.54,44.32,12148000,-0.001802,0.0
GME,2006-08-07,20060807,5.53,5.61,5.39,5.587500095367432,5.59,44.72,6837600,0.009025,0.0
GME,2006-08-08,20060808,5.63,5.66,5.52,5.543749809265137,5.54,44.32,7664800,-0.008945,0.0
GME,2006-08-09,20060809,5.59,5.6,5.47,5.473750114440918,5.47,43.76,6882400,-0.012635,0.0
GME,2006-08-10,20060810,5.44,5.61,5.44,5.570000171661377,5.57,44.56,5800000,0.018282,0.0
GME,2006-08-11,20060811,5.66,5.88,5.62,5.806250095367432,5.81,46.48,14607200,0.043088,0.0
GME,2006-08-14,20060814,5.86,5.87,5.72,5.763750076293945,5.76,46.08,5054400,-0.008606,0.0
GME,2006-08-15,20060815,5.72,5.88,5.68,5.788750171661377,5.79,46.32,7867200,0.005208,0.0
GME,2006-08-16,20060816,5.83,5.91,5.78,5.875,5.88,47.04,15787200,0.015544,0.0
GME,2006-08-17,20060817,5.39,5.86,5.38,5.651249885559082,5.65,45.2,39456800,-0.039116,0.0
GME,2006-08-18,20060818,5.65,5.67,5.51,5.553750038146973,5.55,44.4,11964000,-0.017699,0.0
GME,2006-08-21,20060821,5.5,5.51,5.37,5.383749961853027,5.38,43.04,12586400,-0.030631,0.0
GME,2006-08-22,20060822,5.38,5.48,5.36,5.451250076293945,5.45,43.6,8999200,0.013011,0.0
GME,2006-08-23,20060823,5.53,5.55,5.41,5.454999923706055,5.45,43.6,10399200,0.0,0.0
GME,2006-08-24,20060824,5.47,5.48,5.25,5.278749942779541,5.28,42.24,11295200,-0.031193,0.0
GME,2006-08-25,20060825,5.25,5.27,5.16,5.232500076293945,5.23,41.84,13466400,-0.00947,0.0
GME,2006-08-28,20060828,5.23,5.35,5.23,5.321249961853027,5.32,42.56,6683200,0.017208,0.0
GME,2006-08-29,20060829,5.33,5.41,5.24,5.388750076293945,5.39,43.12,6012000,0.013158,0.0
GME,2006-08-30,20060830,5.39,5.46,5.3,5.449999809265137,5.45,43.6,11145600,0.011132,0.0
GME,2006-08-31,20060831,5.48,5.49,5.42,5.460000038146973,5.46,43.68,3318400,0.001835,0.0
GME,2006-09-01,20060901,5.47,5.5,5.37,5.40749979019165,5.41,43.28,6332800,-0.009158,0.0
GME,2006-09-05,20060905,5.41,5.55,5.39,5.522500038146973,5.52,44.16,6214400,0.020333,0.0
GME,2006-09-06,20060906,5.45,5.54,5.41,5.457499980926514,5.46,43.68,11133600,-0.01087,0.0
GME,2006-09-07,20060907,5.43,5.51,5.3,5.461249828338623,5.46,43.68,8399200,0.0,0.0
GME,2006-09-08,20060908,5.57,5.64,5.51,5.59375,5.59,44.72,12696000,0.02381,0.0
GME,2006-09-11,20060911,5.6,5.73,5.51,5.699999809265137,5.7,45.6,10446400,0.019678,0.0
GME,2006-09-12,20060912,5.7,5.98,5.67,5.909999847412109,5.91,47.28,12341600,0.036842,0.0
GME,2006-09-13,20060913,5.91,6.0,5.8,5.993750095367432,5.99,47.92,8590400,0.013536,0.0
GME,2006-09-14,20060914,5.97,5.98,5.8,5.897500038146973,5.9,47.2,11056000,-0.015025,0.0
GME,2006-09-15,20060915,5.96,5.97,5.85,5.956250190734863,5.96,47.68,14955200,0.010169,0.0
GME,2006-09-18,20060918,5.94,6.09,5.92,6.018750190734863,6.02,48.16,10916800,0.010067,0.0
GME,2006-09-19,20060919,6.01,6.01,5.84,5.996250152587891,6.0,48.0,9942400,-0.003322,0.0
GME,2006-09-20,20060920,5.95,6.13,5.95,6.046249866485596,6.05,48.4,14860000,0.008333,0.0
GME,2006-09-21,20060921,6.22,6.22,6.07,6.106249809265137,6.11,48.88,14238400,0.009917,0.0
GME,2006-09-22,20060922,6.11,6.11,5.59,5.891250133514404,5.89,47.12,35704000,-0.036007,0.0
GME,2006-09-25,20060925,5.94,6.05,5.8,5.997499942779541,6.0,48.0,13921600,0.018676,0.0
GME,2006-09-26,20060926,6.01,6.09,5.94,6.03125,6.03,48.24,9628000,0.005,0.0
GME,2006-09-27,20060927,6.03,6.08,5.88,5.901249885559082,5.9,47.2,12991200,-0.021559,0.0
GME,2006-09-28,20060928,5.91,5.99,5.78,5.829999923706055,5.83,46.64,18363200,-0.011864,0.0
GME,2006-09-29,20060929,5.84,5.89,5.78,5.784999847412109,5.78,46.24,5998400,-0.008576,0.0
GME,2006-10-02,20061002,5.84,5.84,5.72,5.763750076293945,5.76,46.08,7277600,-0.00346,0.0
GME,2006-10-03,20061003,5.76,5.94,5.7,5.914999961853027,5.91,47.28,9816000,0.026042,0.0
GME,2006-10-04,20061004,5.91,6.03,5.89,5.997499942779541,6.0,48.0,5933600,0.015228,0.0
GME,2006-10-05,20061005,6.03,6.09,5.95,6.028749942779541,6.03,48.24,5426400,0.005,0.0
GME,2006-10-06,20061006,6.03,6.03,5.88,5.951250076293945,5.95,47.6,6384800,-0.013267,0.0
GME,2006-10-09,20061009,5.94,6.02,5.87,6.006249904632568,6.01,48.08,4200000,0.010084,0.0
GME,2006-10-10,20061010,6.04,6.04,5.89,5.99875020980835,6.0,48.0,13952000,-0.001664,0.0
GME,2006-10-11,20061011,6.0,6.21,5.95,6.131249904632568,6.13,49.04,14608800,0.021667,0.0
GME,2006-10-12,20061012,6.14,6.34,6.11,6.283750057220459,6.28,50.24,12948800,0.02447,0.0
GME,2006-10-13,20061013,6.37,6.58,6.36,6.465000152587891,6.47,51.76,24780000,0.030255,0.0
GME,2006-10-16,20061016,6.51,6.52,6.44,6.46999979019165,6.47,51.76,5661600,0.0,0.0
GME,2006-10-17,20061017,6.47,6.5,6.34,6.393750190734863,6.39,51.12,5338400,-0.012365,0.0
GME,2006-10-18,20061018,6.44,6.49,6.32,6.372499942779541,6.37,50.96,5908800,-0.00313,0.0
GME,2006-10-19,20061019,6.37,6.46,6.29,6.408750057220459,6.41,51.28,5388800,0.006279,0.0
GME,2006-10-20,20061020,6.4,6.47,6.29,6.40625,6.41,51.28,6804000,0.0,0.0
GME,2006-10-23,20061023,6.38,6.54,6.31,6.511250019073486,6.51,52.08,7506400,0.015601,0.0
GME,2006-10-24,20061024,6.47,6.59,6.3,6.362500190734863,6.36,50.88,11533600,-0.023041,0.0
GME,2006-10-25,20061025,6.34,6.41,6.17,6.210000038146973,6.21,49.68,7942400,-0.023585,0.0
GME,2006-10-26,20061026,6.27,6.47,6.26,6.445000171661377,6.45,51.6,7327200,0.038647,0.0
GME,2006-10-27,20061027,6.45,6.51,6.37,6.454999923706055,6.45,51.6,6628800,0.0,0.0
GME,2006-10-30,20061030,6.43,6.45,6.31,6.361249923706055,6.36,50.88,10313600,-0.013953,0.0
GME,2006-10-31,20061031,6.37,6.41,6.28,6.382500171661377,6.38,51.04,9998400,0.003145,0.0
GME,2006-11-01,20061101,6.4,6.43,6.23,6.261250019073486,6.26,50.08,6600000,-0.018809,0.0
GME,2006-11-02,20061102,6.21,6.34,6.13,6.287499904632568,6.29,50.32,7436800,0.004792,0.0
GME,2006-11-03,20061103,6.5,6.72,6.5,6.690000057220459,6.69,53.52,19126400,0.063593,0.0
GME,2006-11-06,20061106,6.72,6.76,6.62,6.65749979019165,6.66,53.28,6737600,-0.004484,0.0
GME,2006-11-07,20061107,6.66,6.81,6.55,6.630000114440918,6.63,53.04,9868800,-0.004505,0.0
GME,2006-11-08,20061108,6.61,6.73,6.57,6.658750057220459,6.66,53.28,6965600,0.004525,0.0
GME,2006-11-09,20061109,6.69,6.69,6.49,6.49875020980835,6.5,52.0,11314400,-0.024024,0.0
GME,2006-11-10,20061110,6.5,6.55,6.45,6.536250114440918,6.54,52.32,10802400,0.006154,0.0
GME,2006-11-13,20061113,6.55,6.68,6.53,6.536250114440918,6.54,52.32,10700000,0.0,0.0
GME,2006-11-14,20061114,6.54,6.65,6.42,6.637499809265137,6.64,53.12,12220800,0.015291,0.0
GME,2006-11-15,20061115,6.64,6.73,6.57,6.591249942779541,6.59,52.72,6547200,-0.00753,0.0
GME,2006-11-16,20061116,6.62,6.62,6.47,6.533750057220459,6.53,52.24,9756000,-0.009105,0.0
GME,2006-11-17,20061117,6.53,6.53,6.41,6.46750020980835,6.47,51.76,13632800,-0.009188,0.0
GME,2006-11-20,20061120,6.66,6.66,6.34,6.394999980926514,6.39,51.12,22174400,-0.012365,0.0
GME,2006-11-21,20061121,6.34,6.87,6.22,6.625,6.62,52.96,40560000,0.035994,0.0
GME,2006-11-22,20061122,6.66,7.02,6.66,6.917500019073486,6.92,55.36,18607200,0.045317,0.0
GME,2006-11-24,20061124,6.92,7.15,6.92,7.081250190734863,7.08,56.64,12698400,0.023121,0.0
GME,2006-11-27,20061127,7.08,7.1,6.85,6.87624979019165,6.88,55.04,13477600,-0.028249,0.0
GME,2006-11-28,20061128,6.88,6.97,6.77,6.800000190734863,6.8,54.4,11149600,-0.011628,0.0
GME,2006-11-29,20061129,6.83,6.96,6.83,6.900000095367432,6.9,55.2,9834400,0.014706,0.0
GME,2006-11-30,20061130,6.9,7.03,6.84,7.006249904632568,7.01,56.08,12468000,0.015942,0.0
GME,2006-12-01,20061201,6.99,7.03,6.82,6.947500228881836,6.95,55.6,12235200,-0.008559,0.0
GME,2006-12-04,20061204,6.93,7.1,6.93,7.033750057220459,7.03,56.24,6208800,0.011511,0.0
GME,2006-12-05,20061205,7.04,7.18,6.99,7.09375,7.09,56.72,7396000,0.008535,0.0
GME,2006-12-06,20061206,7.09,7.3,7.08,7.183750152587891,7.18,57.44,10467200,0.012694,0.0
GME,2006-12-07,20061207,7.18,7.25,7.11,7.150000095367432,7.15,57.2,8781600,-0.004178,0.0
GME,2006-12-08,20061208,7.16,7.3,7.14,7.223750114440918,7.22,57.76,8603200,0.00979,0.0
GME,2006-12-11,20061211,7.22,7.22,7.1,7.153749942779541,7.15,57.2,4446400,-0.009695,0.0
GME,2006-12-12,20061212,7.15,7.2,7.02,7.050000190734863,7.05,56.4,7372800,-0.013986,0.0
GME,2006-12-13,20061213,7.07,7.12,6.97,7.034999847412109,7.03,56.24,7944000,-0.002837,0.0
GME,2006-12-14,20061214,7.03,7.14,7.02,7.12375020980835,7.12,56.96,7160800,0.012802,0.0
GME,2006-12-15,20061215,7.12,7.19,7.07,7.074999809265137,7.07,56.56,7248000,-0.007022,0.0
GME,2006-12-18,20061218,7.11,7.15,6.9,6.932499885559082,6.93,55.44,11616800,-0.019802,0.0
GME,2006-12-19,20061219,6.91,6.91,6.74,6.881249904632568,6.88,55.04,17598400,-0.007215,0.0
GME,2006-12-20,20061220,6.88,7.0,6.86,6.894999980926514,6.89,55.12,7730400,0.001453,0.0
GME,2006-12-21,20061221,6.89,6.99,6.89,6.93625020980835,6.94,55.52,7573600,0.007257,0.0
GME,2006-12-22,20061222,6.93,6.96,6.89,6.90625,6.91,55.28,2655200,-0.004323,0.0
GME,2006-12-26,20061226,6.86,6.89,6.8,6.877500057220459,6.88,55.04,3079200,-0.004342,0.0
GME,2006-12-27,20061227,6.9,7.01,6.89,6.963749885559082,6.96,55.68,5771200,0.011628,0.0
GME,2006-12-28,20061228,6.96,7.03,6.92,6.973750114440918,6.97,55.76,4487200,0.001437,0.0
GME,2006-12-29,20061229,6.95,7.0,6.88,6.888750076293945,6.89,55.12,5423200,-0.011478,0.0
GME,2007-01-03,20070103,6.89,6.89,6.67,6.862500190734863,6.86,54.88,15924800,-0.004354,0.0
GME,2007-01-04,20070104,6.9,7.01,6.85,6.926249980926514,6.93,55.44,19406400,0.010204,0.0
GME,2007-01-05,20070105,6.93,7.01,6.91,6.93625020980835,6.94,55.52,10751200,0.001443,0.0
GME,2007-01-08,20070108,6.94,6.96,6.76,6.8125,6.81,54.48,10454400,-0.018732,0.0
GME,2007-01-09,20070109,6.82,7.08,6.82,7.043749809265137,7.04,56.32,12871200,0.033774,0.0
GME,2007-01-10,20070110,7.03,7.09,6.98,7.079999923706055,7.08,56.64,6720000,0.005682,0.0
GME,2007-01-11,20070111,7.13,7.26,7.11,7.252500057220459,7.25,58.0,8252000,0.024011,0.0
GME,2007-01-12,20070112,7.25,7.28,7.16,7.204999923706055,7.2,57.6,5542400,-0.006897,0.0
GME,2007-01-16,20070116,7.22,7.3,7.18,7.211249828338623,7.21,57.68,4962400,0.001389,0.0
GME,2007-01-17,20070117,7.19,7.28,7.18,7.195000171661377,7.2,57.6,4578400,-0.001387,0.0
GME,2007-01-18,20070118,7.19,7.22,7.09,7.106249809265137,7.11,56.88,5757600,-0.0125,0.0
GME,2007-01-19,20070119,7.09,7.09,6.95,7.003749847412109,7.0,56.0,6128000,-0.015471,0.0
GME,2007-01-22,20070122,6.99,7.01,6.81,6.881249904632568,6.88,55.04,12960800,-0.017143,0.0
GME,2007-01-23,20070123,6.88,6.95,6.86,6.864999771118164,6.86,54.88,6670400,-0.002907,0.0
GME,2007-01-24,20070124,6.9,7.04,6.9,6.96999979019165,6.97,55.76,6088800,0.016035,0.0
GME,2007-01-25,20070125,6.99,6.99,6.63,6.707499980926514,6.71,53.68,14985600,-0.037303,0.0
GME,2007-01-26,20070126,6.74,6.74,6.39,6.53125,6.53,52.24,23704000,-0.026826,0.0
GME,2007-01-29,20070129,6.53,6.67,6.51,6.635000228881836,6.64,53.12,9475200,0.016845,0.0
GME,2007-01-30,20070130,6.64,6.7,6.56,6.59250020980835,6.59,52.72,9476800,-0.00753,0.0
GME,2007-01-31,20070131,6.59,6.71,6.57,6.678750038146973,6.68,53.44,7724000,0.013657,0.0
GME,2007-02-01,20070201,6.71,6.78,6.69,6.730000019073486,6.73,53.84,13054400,0.007485,0.0
GME,2007-02-02,20070202,6.76,6.84,6.71,6.737500190734863,6.74,53.92,8032800,0.001486,0.0
GME,2007-02-05,20070205,6.74,6.76,6.61,6.625,6.62,52.96,4761600,-0.017804,0.0
GME,2007-02-06,20070206,6.64,6.65,6.54,6.59250020980835,6.59,52.72,6634400,-0.004532,0.0
GME,2007-02-07,20070207,6.61,6.75,6.57,6.713749885559082,6.71,53.68,7500800,0.018209,0.0
GME,2007-02-08,20070208,6.69,6.72,6.62,6.65625,6.66,53.28,4455200,-0.007452,0.0
GME,2007-02-09,20070209,6.64,6.73,6.63,6.691249847412109,6.69,53.52,9247200,0.004505,0.0
GME,2007-02-12,20070212,6.74,6.75,6.6,6.630000114440918,6.63,53.04,7309600,-0.008969,0.0
GME,2007-02-13,20070213,6.66,6.74,6.64,6.702499866485596,6.7,53.6,6283200,0.010558,0.0
GME,2007-02-14,20070214,6.72,6.77,6.71,6.739999771118164,6.74,53.92,7787200,0.00597,0.0
GME,2007-02-15,20070215,6.84,6.84,6.71,6.716249942779541,6.72,53.76,5329600,-0.002967,0.0
GME,2007-02-16,20070216,6.72,6.76,6.68,6.71750020980835,6.72,53.76,8016000,0.0,0.0
GME,2007-02-20,20070220,6.72,6.79,6.69,6.738749980926514,6.74,53.92,5933600,0.002976,0.0
GME,2007-02-21,20070221,6.73,7.02,6.73,6.914999961853027,6.91,55.28,12452800,0.025223,0.0
GME,2007-02-22,20070222,6.91,6.92,6.6,6.788750171661377,6.79,54.32,12582400,-0.017366,0.0
GME,2007-02-23,20070223,6.78,6.8,6.66,6.728750228881836,6.73,53.84,6705600,-0.008837,0.0
GME,2007-02-26,20070226,6.75,6.77,6.67,6.672500133514404,6.67,53.36,5396800,-0.008915,0.0
GME,2007-02-27,20070227,6.55,6.64,6.47,6.517499923706055,6.52,52.16,7116000,-0.022489,0.0
GME,2007-02-28,20070228,6.53,6.63,6.39,6.547500133514404,6.55,52.4,7252000,0.004601,0.0
GME,2007-03-01,20070301,6.41,6.61,6.34,6.521249771118164,6.52,52.16,8226400,-0.00458,0.0
GME,2007-03-02,20070302,6.51,6.59,6.4,6.411250114440918,6.41,51.28,5709600,-0.016871,0.0
GME,2007-03-05,20070305,6.36,6.5,6.24,6.391250133514404,6.39,51.12,6351200,-0.00312,0.0
GME,2007-03-06,20070306,6.43,6.52,6.41,6.473750114440918,6.47,51.76,4760000,0.01252,0.0
GME,2007-03-07,20070307,6.48,6.57,6.45,6.474999904632568,6.47,51.76,6049600,0.0,0.0
GME,2007-03-08,20070308,6.54,6.76,6.51,6.71999979019165,6.72,53.76,7842400,0.03864,0.0
GME,2007-03-09,20070309,6.72,6.79,6.7,6.775000095367432,6.78,54.24,6910400,0.008929,0.0
GME,2007-03-12,20070312,6.73,6.87,6.73,6.853750228881836,6.85,54.8,4426400,0.010324,0.0
GME,2007-03-13,20070313,6.82,6.82,6.72,6.739999771118164,6.74,53.92,4496800,-0.016058,0.0
GME,2007-03-14,20070314,6.73,6.73,6.52,6.658750057220459,6.66,53.28,5252800,-0.011869,0.0
GME,2007-03-15,20070315,6.66,6.78,6.65,6.769999980926514,6.77,54.16,4846400,0.016517,0.0
GME,2007-03-16,20070316,6.79,6.82,6.62,6.681250095367432,6.68,53.44,5856000,-0.013294,0.0
GME,2007-03-19,20070319,6.71,6.8,6.68,6.802499771118164,6.8,27.2,5823200,0.017964,2.0
GME,2007-03-20,20070320,6.8,6.93,6.79,6.912499904632568,6.91,27.64,6427600,0.016176,0.0
GME,2007-03-21,20070321,6.89,6.93,6.82,6.90749979019165,6.91,27.64,4846000,0.0,0.0
GME,2007-03-22,20070322,6.94,6.97,6.75,6.829999923706055,6.83,27.32,5526000,-0.011577,0.0
GME,2007-03-23,20070323,6.85,6.92,6.74,6.832499980926514,6.83,27.32,5724400,0.0,0.0
GME,2007-03-26,20070326,6.88,7.03,6.79,6.992499828338623,6.99,27.96,7596000,0.023426,0.0
GME,2007-03-27,20070327,7.66,7.86,7.56,7.789999961853027,7.79,31.16,36956800,0.114449,0.0
GME,2007-03-28,20070328,7.78,8.24,7.73,8.149999618530273,8.15,32.6,20805600,0.046213,0.0
GME,2007-03-29,20070329,8.15,8.15,7.95,8.104999542236328,8.1,32.4,12156000,-0.006135,0.0
GME,2007-03-30,20070330,8.09,8.23,7.99,8.142499923706055,8.14,32.56,7696800,0.004938,0.0
GME,2007-04-02,20070402,8.16,8.35,8.14,8.232500076293945,8.23,32.92,7650800,0.011057,0.0
GME,2007-04-03,20070403,8.25,8.37,8.23,8.297499656677246,8.3,33.2,6009600,0.008505,0.0
GME,2007-04-04,20070404,8.26,8.35,8.2,8.244999885559082,8.24,32.96,5212400,-0.007229,0.0
GME,2007-04-05,20070405,8.23,8.35,8.22,8.329999923706055,8.33,33.32,4191200,0.010922,0.0
GME,2007-04-09,20070409,8.35,8.36,8.18,8.274999618530273,8.27,33.08,4532000,-0.007203,0.0
GME,2007-04-10,20070410,8.3,8.56,8.21,8.515000343322754,8.52,34.08,7423600,0.03023,0.0
GME,2007-04-11,20070411,8.64,8.69,8.39,8.585000038146973,8.59,34.36,9722400,0.008216,0.0
GME,2007-04-12,20070412,8.59,8.6,8.4,8.477499961853027,8.48,33.92,5889600,-0.012806,0.0
GME,2007-04-13,20070413,8.49,8.53,8.31,8.447500228881836,8.45,33.8,5085200,-0.003538,0.0
GME,2007-04-16,20070416,8.48,8.57,8.3,8.457500457763672,8.46,33.84,6413200,0.001183,0.0
GME,2007-04-17,20070417,8.48,8.62,8.41,8.487500190734863,8.49,33.96,7720400,0.003546,0.0
GME,2007-04-18,20070418,8.48,8.52,8.36,8.380000114440918,8.38,33.52,4162400,-0.012956,0.0
GME,2007-04-19,20070419,8.28,8.34,8.15,8.257499694824219,8.26,33.04,7272800,-0.01432,0.0
GME,2007-04-20,20070420,8.44,8.57,8.37,8.512499809265137,8.51,34.04,6918400,0.030266,0.0
GME,2007-04-23,20070423,8.52,8.96,8.52,8.737500190734863,8.74,34.96,9291600,0.027027,0.0
GME,2007-04-24,20070424,8.75,8.75,8.5,8.537500381469727,8.54,34.16,7319600,-0.022883,0.0
GME,2007-04-25,20070425,8.55,8.62,8.4,8.454999923706055,8.45,33.8,8018000,-0.010539,0.0
GME,2007-04-26,20070426,8.48,8.57,8.41,8.507499694824219,8.51,34.04,7824000,0.007101,0.0
GME,2007-04-27,20070427,8.51,8.52,8.37,8.40250015258789,8.4,33.6,9876800,-0.012926,0.0
GME,2007-04-30,20070430,8.45,8.52,8.27,8.292499542236328,8.29,33.16,6036000,-0.013095,0.0
GME,2007-05-01,20070501,8.35,8.4,8.09,8.375,8.38,33.52,8882000,0.010856,0.0
GME,2007-05-02,20070502,8.38,8.51,8.36,8.449999809265137,8.45,33.8,7223200,0.008353,0.0
GME,2007-05-03,20070503,8.28,8.46,8.26,8.397500038146973,8.4,33.6,9219600,-0.005917,0.0
GME,2007-05-04,20070504,8.43,8.43,8.26,8.3125,8.31,33.24,6704800,-0.010714,0.0
GME,2007-05-07,20070507,8.34,8.37,8.24,8.327500343322754,8.33,33.32,11877200,0.002407,0.0
GME,2007-05-08,20070508,8.31,8.42,8.18,8.364999771118164,8.36,33.44,7112000,0.003601,0.0
GME,2007-05-09,20070509,8.34,8.41,8.27,8.375,8.38,33.52,5039200,0.002392,0.0
GME,2007-05-10,20070510,8.38,8.47,8.17,8.229999542236328,8.23,32.92,5690400,-0.0179,0.0
GME,2007-05-11,20070511,8.27,8.3,8.08,8.15999984741211,8.16,32.64,8081200,-0.008505,0.0
GME,2007-05-14,20070514,8.22,8.32,8.16,8.244999885559082,8.24,32.96,7761600,0.009804,0.0
GME,2007-05-15,20070515,8.24,8.82,8.24,8.567500114440918,8.57,34.28,15605600,0.040049,0.0
GME,2007-05-16,20070516,8.6,8.84,8.56,8.8125,8.81,35.24,10438400,0.028005,0.0
GME,2007-05-17,20070517,8.81,9.25,8.81,8.899999618530273,8.9,35.6,13776000,0.010216,0.0
GME,2007-05-18,20070518,8.92,8.95,8.7,8.897500038146973,8.9,35.6,11480000,0.0,0.0
GME,2007-05-21,20070521,8.95,9.47,8.95,9.274999618530273,9.27,37.08,19506800,0.041573,0.0
GME,2007-05-22,20070522,9.34,9.43,9.05,9.420000076293945,9.42,37.68,13271200,0.016181,0.0
GME,2007-05-23,20070523,9.19,9.34,8.9,8.962499618530273,8.96,35.84,22241200,-0.048832,0.0
GME,2007-05-24,20070524,8.97,9.06,8.7,8.802499771118164,8.8,35.2,12748800,-0.017857,0.0
GME,2007-05-25,20070525,8.81,8.97,8.77,8.947500228881836,8.95,35.8,6572400,0.017045,0.0
GME,2007-05-29,20070529,9.06,9.06,8.9,9.005000114440918,9.01,36.04,8673200,0.006704,0.0
GME,2007-05-30,20070530,8.93,9.14,8.86,9.104999542236328,9.1,36.4,6937600,0.009989,0.0
GME,2007-05-31,20070531,9.17,9.35,9.15,9.244999885559082,9.24,36.96,17145600,0.015385,0.0
GME,2007-06-01,20070601,9.28,9.45,9.28,9.420000076293945,9.42,37.68,8202000,0.019481,0.0
GME,2007-06-04,20070604,9.52,9.6,9.38,9.5649995803833,9.56,38.24,8198800,0.014862,0.0
GME,2007-06-05,20070605,9.56,9.59,9.44,9.53499984741211,9.53,38.12,7040800,-0.003138,0.0
GME,2007-06-06,20070606,9.46,9.5,9.27,9.350000381469727,9.35,37.4,5462800,-0.018888,0.0
GME,2007-06-07,20070607,9.47,9.47,9.06,9.104999542236328,9.1,36.4,6544000,-0.026738,0.0
GME,2007-06-08,20070608,9.07,9.34,9.06,9.317500114440918,9.32,37.28,5400000,0.024176,0.0
GME,2007-06-11,20070611,9.27,9.31,9.14,9.227499961853027,9.23,36.92,3978800,-0.009657,0.0
GME,2007-06-12,20070612,9.19,9.22,9.05,9.09000015258789,9.09,36.36,5590400,-0.015168,0.0
GME,2007-06-13,20070613,9.16,9.34,9.14,9.255000114440918,9.26,37.04,5360800,0.018702,0.0
GME,2007-06-14,20070614,9.23,9.41,9.23,9.3149995803833,9.31,37.24,7034800,0.0054,0.0
GME,2007-06-15,20070615,9.49,9.97,9.47,9.802499771118164,9.8,39.2,13245600,0.052632,0.0
GME,2007-06-18,20070618,10.12,10.29,9.97,10.045000076293945,10.05,40.2,14488000,0.02551,0.0
GME,2007-06-19,20070619,10.04,10.15,9.9,10.012499809265137,10.01,40.04,9126400,-0.00398,0.0
GME,2007-06-20,20070620,10.06,10.12,9.9,9.90250015258789,9.9,39.6,6679200,-0.010989,0.0
GME,2007-06-21,20070621,9.86,10.04,9.73,10.012499809265137,10.01,40.04,8609600,0.011111,0.0
GME,2007-06-22,20070622,10.01,10.1,9.84,10.015000343322754,10.02,40.08,7596400,0.000999,0.0
GME,2007-06-25,20070625,10.02,10.13,9.94,9.994999885559082,9.99,39.96,8621600,-0.002994,0.0
GME,2007-06-26,20070626,10.01,10.03,9.84,9.8774995803833,9.88,39.52,10896800,-0.011011,0.0
GME,2007-06-27,20070627,9.82,10.1,9.81,10.095000267028809,10.1,40.4,8023600,0.022267,0.0
GME,2007-06-28,20070628,10.09,10.12,9.82,9.979999542236328,9.98,39.92,9085600,-0.011881,0.0
GME,2007-06-29,20070629,9.98,10.1,9.73,9.774999618530273,9.77,39.08,7270000,-0.021042,0.0
GME,2007-07-02,20070702,9.79,10.05,9.78,10.050000190734863,10.05,40.2,5043600,0.028659,0.0
GME,2007-07-03,20070703,10.06,10.22,10.02,10.112500190734863,10.11,40.44,3930800,0.00597,0.0
GME,2007-07-05,20070705,10.11,10.39,9.98,10.3774995803833,10.38,41.52,10054000,0.026706,0.0
GME,2007-07-06,20070706,10.38,10.45,10.28,10.387499809265137,10.39,41.56,6941600,0.000963,0.0
GME,2007-07-09,20070709,10.46,10.82,10.41,10.8125,10.81,43.24,14075200,0.040423,0.0
GME,2007-07-10,20070710,11.0,11.0,10.52,10.532500267028809,10.53,42.12,8712800,-0.025902,0.0
GME,2007-07-11,20070711,10.53,10.62,10.4,10.4375,10.44,41.76,7340800,-0.008547,0.0
GME,2007-07-12,20070712,10.55,10.65,10.38,10.604999542236328,10.6,42.4,8340800,0.015326,0.0
GME,2007-07-13,20070713,10.61,10.68,10.47,10.5,10.5,42.0,6658000,-0.009434,0.0
GME,2007-07-16,20070716,10.45,10.61,10.41,10.517499923706055,10.52,42.08,4695200,0.001905,0.0
GME,2007-07-17,20070717,10.52,10.6,10.4,10.40250015258789,10.4,41.6,2922400,-0.011407,0.0
GME,2007-07-18,20070718,10.33,10.57,10.16,10.524999618530273,10.52,42.08,9935600,0.011538,0.0
GME,2007-07-19,20070719,10.61,10.66,10.39,10.417499542236328,10.42,41.68,5072000,-0.009506,0.0
GME,2007-07-20,20070720,10.4,10.55,10.26,10.482500076293945,10.48,41.92,4552800,0.005758,0.0
GME,2007-07-23,20070723,10.55,10.59,10.27,10.272500038146973,10.27,41.08,4889200,-0.020038,0.0
GME,2007-07-24,20070724,10.31,10.76,10.26,10.40250015258789,10.4,41.6,7830000,0.012658,0.0
GME,2007-07-25,20070725,10.48,10.59,10.32,10.5024995803833,10.5,42.0,6957200,0.009615,0.0
GME,2007-07-26,20070726,10.38,10.64,10.07,10.265000343322754,10.27,41.08,8762400,-0.021905,0.0
GME,2007-07-27,20070727,10.2,10.49,10.07,10.100000381469727,10.1,40.4,7153600,-0.016553,0.0
GME,2007-07-30,20070730,10.11,10.27,9.94,10.180000305175781,10.18,40.72,8771600,0.007921,0.0
GME,2007-07-31,20070731,10.44,10.55,10.05,10.087499618530273,10.09,40.36,7746800,-0.008841,0.0
GME,2007-08-01,20070801,10.06,10.22,9.89,10.024999618530273,10.02,40.08,11194800,-0.006938,0.0
GME,2007-08-02,20070802,10.06,10.39,10.05,10.3774995803833,10.38,41.52,7012000,0.035928,0.0
GME,2007-08-03,20070803,9.9,10.15,9.39,9.887499809265137,9.89,39.56,25260400,-0.047206,0.0
GME,2007-08-06,20070806,10.0,10.29,9.79,10.149999618530273,10.15,40.6,10832000,0.026289,0.0
GME,2007-08-07,20070807,10.15,10.86,10.1,10.6899995803833,10.69,42.76,12259600,0.053202,0.0
GME,2007-08-08,20070808,10.74,11.19,10.62,11.010000228881836,11.01,44.04,8939200,0.029935,0.0
GME,2007-08-09,20070809,10.77,10.77,10.09,10.237500190734863,10.24,40.96,13578000,-0.069936,0.0
GME,2007-08-10,20070810,9.88,10.21,9.8,9.970000267028809,9.97,39.88,11581200,-0.026367,0.0
GME,2007-08-13,20070813,10.21,10.45,10.0,10.172499656677246,10.17,40.68,6788400,0.02006,0.0
GME,2007-08-14,20070814,10.24,10.3,9.94,10.017499923706055,10.02,40.08,7792000,-0.014749,0.0
GME,2007-08-15,20070815,9.97,10.19,9.82,9.885000228881836,9.89,39.56,8548800,-0.012974,0.0
GME,2007-08-16,20070816,9.69,9.78,9.35,9.744999885559082,9.74,38.96,13521200,-0.015167,0.0
GME,2007-08-17,20070817,10.02,10.16,9.69,9.975000381469727,9.98,39.92,9318000,0.024641,0.0
GME,2007-08-20,20070820,10.19,10.49,10.07,10.420000076293945,10.42,41.68,7671200,0.044088,0.0
GME,2007-08-21,20070821,10.49,10.81,10.43,10.739999771118164,10.74,42.96,7677200,0.03071,0.0
GME,2007-08-22,20070822,10.94,10.95,10.8,10.854999542236328,10.85,43.4,10826400,0.010242,0.0
GME,2007-08-23,20070823,11.52,12.22,11.42,11.862500190734863,11.86,47.44,36215600,0.093088,0.0
GME,2007-08-24,20070824,12.1,12.45,11.78,12.357500076293945,12.36,49.44,16282000,0.042159,0.0
GME,2007-08-27,20070827,12.39,12.46,12.07,12.177499771118164,12.18,48.72,8902800,-0.014563,0.0
GME,2007-08-28,20070828,12.15,12.15,11.6,11.604999542236328,11.6,46.4,9943600,-0.047619,0.0
GME,2007-08-29,20070829,11.75,12.43,11.75,12.40999984741211,12.41,49.64,9858800,0.069828,0.0
GME,2007-08-30,20070830,12.26,12.58,12.0,12.207500457763672,12.21,48.84,11760800,-0.016116,0.0
GME,2007-08-31,20070831,12.38,12.63,12.26,12.53499984741211,12.53,50.12,8497600,0.026208,0.0
GME,2007-09-04,20070904,12.62,13.0,12.59,12.782500267028809,12.78,51.12,7339200,0.019952,0.0
GME,2007-09-05,20070905,12.62,12.63,12.33,12.417499542236328,12.42,49.68,7518000,-0.028169,0.0
GME,2007-09-06,20070906,12.5,12.62,12.26,12.512499809265137,12.51,50.04,5309200,0.007246,0.0
GME,2007-09-07,20070907,12.26,12.29,11.93,12.052499771118164,12.05,48.2,8721200,-0.036771,0.0
GME,2007-09-10,20070910,12.11,12.33,11.86,12.202500343322754,12.2,48.8,6490800,0.012448,0.0
GME,2007-09-11,20070911,12.28,12.62,12.28,12.545000076293945,12.55,50.2,6751200,0.028689,0.0
GME,2007-09-12,20070912,12.54,12.62,12.41,12.587499618530273,12.59,50.36,4645200,0.003187,0.0
GME,2007-09-13,20070913,12.62,12.67,12.45,12.452500343322754,12.45,49.8,6732400,-0.01112,0.0
GME,2007-09-14,20070914,12.42,13.0,12.35,12.96500015258789,12.97,51.88,15742800,0.041767,0.0
GME,2007-09-17,20070917,12.85,13.11,12.77,12.850000381469727,12.85,51.4,7458800,-0.009252,0.0
GME,2007-09-18,20070918,12.99,13.08,12.79,13.052499771118164,13.05,52.2,10555200,0.015564,0.0
GME,2007-09-19,20070919,13.12,13.48,13.1,13.352499961853027,13.35,53.4,11312800,0.022989,0.0
GME,2007-09-20,20070920,13.34,13.68,13.27,13.6225004196167,13.62,54.48,11533600,0.020225,0.0
GME,2007-09-21,20070921,13.78,13.99,13.68,13.819999694824219,13.82,55.28,14216800,0.014684,0.0
GME,2007-09-24,20070924,14.21,14.21,13.83,14.042499542236328,14.04,56.16,15665200,0.015919,0.0
GME,2007-09-25,20070925,13.87,14.29,13.65,14.257499694824219,14.26,57.04,13652800,0.01567,0.0
GME,2007-09-26,20070926,14.26,14.81,14.25,14.694999694824219,14.69,58.76,15681200,0.030154,0.0
GME,2007-09-27,20070927,14.47,14.49,13.76,14.197500228881836,14.2,56.8,20450800,-0.033356,0.0
GME,2007-09-28,20070928,14.27,14.38,14.03,14.087499618530273,14.09,56.36,10254400,-0.007746,0.0
GME,2007-10-01,20071001,14.18,14.27,13.73,14.037500381469727,14.04,56.16,10108400,-0.003549,0.0
GME,2007-10-02,20071002,14.05,14.46,14.0,14.399999618530273,14.4,57.6,8101200,0.025641,0.0
GME,2007-10-03,20071003,14.11,14.28,14.04,14.15250015258789,14.15,56.6,9836400,-0.017361,0.0
GME,2007-10-04,20071004,14.22,14.25,13.52,13.657500267028809,13.66,54.64,8743200,-0.034629,0.0
GME,2007-10-05,20071005,13.77,14.19,13.7,14.180000305175781,14.18,56.72,9329600,0.038067,0.0
GME,2007-10-08,20071008,14.21,14.48,14.07,14.162500381469727,14.16,56.64,4688800,-0.00141,0.0
GME,2007-10-09,20071009,14.3,14.72,14.27,14.677499771118164,14.68,58.72,11420800,0.036723,0.0
GME,2007-10-10,20071010,14.69,14.86,14.5,14.742500305175781,14.74,58.96,8718800,0.004087,0.0
GME,2007-10-11,20071011,14.78,14.85,14.0,14.262499809265137,14.26,57.04,6229600,-0.032564,0.0
GME,2007-10-12,20071012,14.23,14.37,14.01,14.350000381469727,14.35,57.4,8033200,0.006311,0.0
GME,2007-10-15,20071015,14.52,14.87,14.32,14.505000114440918,14.51,58.04,11118400,0.01115,0.0
GME,2007-10-16,20071016,14.37,14.8,14.37,14.529999732971191,14.53,58.12,7624000,0.001378,0.0
GME,2007-10-17,20071017,14.87,15.04,14.43,14.6274995803833,14.63,58.52,12518000,0.006882,0.0
GME,2007-10-18,20071018,14.6,14.78,14.45,14.59749984741211,14.6,58.4,5218800,-0.002051,0.0
GME,2007-10-19,20071019,14.63,14.74,14.18,14.1850004196167,14.19,56.76,4996400,-0.028082,0.0
GME,2007-10-22,20071022,13.98,14.5,13.31,14.1899995803833,14.19,56.76,10362000,0.0,0.0
GME,2007-10-23,20071023,14.31,15.03,14.16,15.012499809265137,15.01,60.04,9815200,0.057787,0.0
GME,2007-10-24,20071024,15.16,15.2,14.24,14.532500267028809,14.53,58.12,7404000,-0.031979,0.0
GME,2007-10-25,20071025,14.6,14.67,13.96,14.15250015258789,14.15,56.6,8461200,-0.026153,0.0
GME,2007-10-26,20071026,14.64,14.74,14.25,14.359999656677246,14.36,57.44,13177200,0.014841,0.0
GME,2007-10-29,20071029,14.71,14.86,14.49,14.567500114440918,14.57,58.28,9931200,0.014624,0.0
GME,2007-10-30,20071030,14.52,14.75,14.37,14.375,14.38,57.52,4704000,-0.01304,0.0
GME,2007-10-31,20071031,14.45,14.81,14.43,14.805000305175781,14.81,59.24,9824000,0.029903,0.0
GME,2007-11-01,20071101,14.69,15.12,14.46,14.462499618530273,14.46,57.84,9021200,-0.023633,0.0
GME,2007-11-02,20071102,14.74,14.86,13.84,14.132499694824219,14.13,56.52,8757600,-0.022822,0.0
GME,2007-11-05,20071105,14.12,14.32,13.85,14.244999885559082,14.24,56.96,6502400,0.007785,0.0
GME,2007-11-06,20071106,14.28,14.74,14.28,14.672499656677246,14.67,58.68,7791200,0.030197,0.0
GME,2007-11-07,20071107,14.33,14.81,14.1,14.104999542236328,14.1,56.4,7603200,-0.038855,0.0
GME,2007-11-08,20071108,14.12,14.3,13.12,13.949999809265137,13.95,55.8,12534800,-0.010638,0.0
GME,2007-11-09,20071109,13.38,13.59,12.95,13.194999694824219,13.19,52.76,13440800,-0.05448,0.0
GME,2007-11-12,20071112,12.8,13.19,12.57,13.0,13.0,52.0,11782000,-0.014405,0.0
GME,2007-11-13,20071113,13.1,13.76,13.1,13.607500076293945,13.61,54.44,8614000,0.046923,0.0
GME,2007-11-14,20071114,14.05,14.23,13.41,13.467499732971191,13.47,53.88,9347200,-0.010287,0.0
GME,2007-11-15,20071115,13.66,14.14,13.47,13.982500076293945,13.98,55.92,12091200,0.037862,0.0
GME,2007-11-16,20071116,13.92,13.92,13.12,13.75,13.75,55.0,15406800,-0.016452,0.0
GME,2007-11-19,20071119,13.91,13.91,12.82,13.2475004196167,13.25,53.0,21253200,-0.036364,0.0
GME,2007-11-20,20071120,12.33,13.28,11.86,12.7524995803833,12.75,51.0,46295600,-0.037736,0.0
GME,2007-11-21,20071121,12.57,12.57,12.19,12.329999923706055,12.33,49.32,14115200,-0.032941,0.0
GME,2007-11-23,20071123,12.61,12.67,12.34,12.537500381469727,12.54,50.16,4015200,0.017032,0.0
GME,2007-11-26,20071126,12.75,13.23,12.64,12.869999885559082,12.87,51.48,15294000,0.026316,0.0
GME,2007-11-27,20071127,13.08,13.46,13.04,13.28499984741211,13.28,53.12,12078000,0.031857,0.0
GME,2007-11-28,20071128,13.58,14.01,13.54,13.942500114440918,13.94,55.76,13355200,0.049699,0.0
GME,2007-11-29,20071129,14.15,14.15,13.6,13.96500015258789,13.97,55.88,9410000,0.002152,0.0
GME,2007-11-30,20071130,14.26,14.4,14.09,14.362500190734863,14.36,57.44,17945600,0.027917,0.0
GME,2007-12-03,20071203,14.5,14.72,14.25,14.399999618530273,14.4,57.6,10230000,0.002786,0.0
GME,2007-12-04,20071204,14.25,14.42,14.03,14.302499771118164,14.3,57.2,8308400,-0.006944,0.0
GME,2007-12-05,20071205,14.51,14.62,14.3,14.475000381469727,14.48,57.92,6776800,0.012587,0.0
GME,2007-12-06,20071206,14.73,15.03,14.27,14.912500381469727,14.91,59.64,28446800,0.029696,0.0
GME,2007-12-07,20071207,15.15,15.94,15.1,15.194999694824219,15.19,60.76,14952800,0.018779,0.0
GME,2007-12-10,20071210,15.23,15.51,14.96,15.0,15.0,60.0,9276800,-0.012508,0.0
GME,2007-12-11,20071211,15.07,15.1,14.39,14.529999732971191,14.53,58.12,10792400,-0.031333,0.0
GME,2007-12-12,20071212,14.87,15.02,14.45,14.654999732971191,14.65,58.6,10628000,0.008259,0.0
GME,2007-12-13,20071213,14.56,14.75,14.28,14.387499809265137,14.39,57.56,71285200,-0.017747,0.0
GME,2007-12-14,20071214,14.38,14.86,14.23,14.552499771118164,14.55,58.2,14204400,0.011119,0.0
GME,2007-12-17,20071217,14.5,14.75,14.45,14.537500381469727,14.54,58.16,14002400,-0.000687,0.0
GME,2007-12-18,20071218,14.67,15.29,14.65,15.239999771118164,15.24,60.96,16019200,0.048143,0.0
GME,2007-12-19,20071219,15.37,15.48,15.06,15.242500305175781,15.24,60.96,10536800,0.0,0.0
GME,2007-12-20,20071220,15.32,15.55,15.18,15.524999618530273,15.52,62.08,9072400,0.018373,0.0
GME,2007-12-21,20071221,15.63,15.69,15.31,15.362500190734863,15.36,61.44,16519200,-0.010309,0.0
GME,2007-12-24,20071224,15.68,15.88,15.48,15.824999809265137,15.82,63.28,5382000,0.029948,0.0
GME,2007-12-26,20071226,15.92,15.92,15.46,15.720000267028809,15.72,62.88,6859200,-0.006321,0.0
GME,2007-12-27,20071227,15.63,15.75,15.36,15.550000190734863,15.55,62.2,8374000,-0.010814,0.0
GME,2007-12-28,20071228,15.56,15.75,15.48,15.574999809265137,15.57,62.28,7000000,0.001286,0.0
GME,2007-12-31,20071231,15.48,15.64,15.44,15.52750015258789,15.53,62.12,8378400,-0.002569,0.0
GME,2008-01-02,20080102,15.54,15.57,14.81,15.074999809265137,15.07,60.28,9398800,-0.02962,0.0
GME,2008-01-03,20080103,15.07,15.35,14.94,15.02750015258789,15.03,60.12,9843200,-0.002654,0.0
GME,2008-01-04,20080104,14.74,14.74,14.18,14.260000228881836,14.26,57.04,16070400,-0.051231,0.0
GME,2008-01-07,20080107,14.14,14.48,13.96,14.130000114440918,14.13,56.52,13208800,-0.009116,0.0
GME,2008-01-08,20080108,14.26,14.77,13.97,14.024999618530273,14.02,56.08,12886400,-0.007785,0.0
GME,2008-01-09,20080109,13.99,14.15,13.25,13.77750015258789,13.78,55.12,26118800,-0.017118,0.0
GME,2008-01-10,20080110,13.53,13.76,12.56,13.067500114440918,13.07,52.28,40060000,-0.051524,0.0
GME,2008-01-11,20080111,13.0,13.38,12.9,13.029999732971191,13.03,52.12,19846000,-0.00306,0.0
GME,2008-01-14,20080114,13.09,13.49,13.07,13.427499771118164,13.43,53.72,13277600,0.030698,0.0
GME,2008-01-15,20080115,13.36,13.36,12.57,12.702500343322754,12.7,50.8,15774400,-0.054356,0.0
GME,2008-01-16,20080116,12.37,12.96,12.37,12.827500343322754,12.83,51.32,19882400,0.010236,0.0
GME,2008-01-17,20080117,12.84,13.41,12.34,12.430000305175781,12.43,49.72,18054400,-0.031177,0.0
GME,2008-01-18,20080118,12.52,12.99,12.26,12.329999923706055,12.33,49.32,15501200,-0.008045,0.0
GME,2008-01-22,20080122,11.65,12.77,11.19,12.617500305175781,12.62,50.48,24653200,0.02352,0.0
GME,2008-01-23,20080123,12.27,13.03,11.94,13.012499809265137,13.01,52.04,23099200,0.030903,0.0
GME,2008-01-24,20080124,13.11,13.24,12.75,13.104999542236328,13.1,52.4,14777600,0.006918,0.0
GME,2008-01-25,20080125,13.26,13.38,12.34,12.399999618530273,12.4,49.6,14676800,-0.053435,0.0
GME,2008-01-28,20080128,12.39,12.66,12.0,12.637499809265137,12.64,50.56,10268000,0.019355,0.0
GME,2008-01-29,20080129,12.69,12.69,12.27,12.417499542236328,12.42,49.68,9950400,-0.017405,0.0
GME,2008-01-30,20080130,12.38,12.52,12.07,12.270000457763672,12.27,49.08,9477600,-0.012077,0.0
GME,2008-01-31,20080131,12.1,13.09,12.05,12.890000343322754,12.89,51.56,12497200,0.05053,0.0
GME,2008-02-01,20080201,12.96,13.24,12.82,13.130000114440918,13.13,52.52,8606400,0.018619,0.0
GME,2008-02-04,20080204,13.55,13.75,12.99,13.0,13.0,52.0,9960000,-0.009901,0.0
GME,2008-02-05,20080205,12.75,12.98,12.34,12.34000015258789,12.34,49.36,8459200,-0.050769,0.0
GME,2008-02-06,20080206,12.45,12.72,12.26,12.319999694824219,12.32,49.28,10170800,-0.001621,0.0
GME,2008-02-07,20080207,12.19,12.44,11.8,12.292499542236328,12.29,49.16,11981600,-0.002435,0.0
GME,2008-02-08,20080208,12.25,12.71,12.11,12.5600004196167,12.56,50.24,7503600,0.021969,0.0
GME,2008-02-11,20080211,12.34,12.64,12.19,12.5600004196167,12.56,50.24,10498800,0.0,0.0
GME,2008-02-12,20080212,12.61,12.64,12.17,12.274999618530273,12.27,49.08,13856400,-0.023089,0.0
GME,2008-02-13,20080213,12.35,12.38,11.56,11.829999923706055,11.83,47.32,18358000,-0.03586,0.0
GME,2008-02-14,20080214,11.83,11.86,11.22,11.4399995803833,11.44,45.76,21073600,-0.032967,0.0
GME,2008-02-15,20080215,11.31,11.93,11.06,11.907500267028809,11.91,47.64,28404800,0.041084,0.0
GME,2008-02-19,20080219,12.0,12.03,11.59,11.71500015258789,11.72,46.88,13709200,-0.015953,0.0
GME,2008-02-20,20080220,11.65,11.65,11.16,11.4350004196167,11.44,45.76,15053600,-0.023891,0.0
GME,2008-02-21,20080221,11.5,11.74,11.39,11.4975004196167,11.5,46.0,9418800,0.005245,0.0
GME,2008-02-22,20080222,11.57,11.64,11.26,11.567500114440918,11.57,46.28,9797200,0.006087,0.0
GME,2008-02-25,20080225,11.59,11.59,11.25,11.515000343322754,11.52,46.08,10012800,-0.004322,0.0
GME,2008-02-26,20080226,11.41,11.85,11.34,11.77750015258789,11.78,47.12,9491200,0.022569,0.0
GME,2008-02-27,20080227,11.73,11.96,11.63,11.852499961853027,11.85,47.4,6761200,0.005942,0.0
GME,2008-02-28,20080228,11.74,11.75,11.24,11.265000343322754,11.27,45.08,11685200,-0.048945,0.0
GME,2008-02-29,20080229,11.22,11.22,10.57,10.59000015258789,10.59,42.36,16601600,-0.060337,0.0
GME,2008-03-03,20080303,10.57,10.71,10.19,10.6850004196167,10.69,42.76,12508800,0.009443,0.0
GME,2008-03-04,20080304,10.56,10.91,10.5,10.899999618530273,10.9,43.6,11981200,0.019645,0.0
GME,2008-03-05,20080305,10.98,11.33,10.86,11.307499885559082,11.31,45.24,14798000,0.037615,0.0
GME,2008-03-06,20080306,11.27,11.38,10.82,10.84000015258789,10.84,43.36,9648000,-0.041556,0.0
GME,2008-03-07,20080307,10.73,11.02,10.48,10.670000076293945,10.67,42.68,7842400,-0.015683,0.0
GME,2008-03-10,20080310,10.66,10.97,10.6,10.832500457763672,10.83,43.32,12572800,0.014995,0.0
GME,2008-03-11,20080311,11.34,11.72,11.18,11.717499732971191,11.72,46.88,13702000,0.082179,0.0
GME,2008-03-12,20080312,11.71,11.99,11.53,11.5625,11.56,46.24,8811600,-0.013652,0.0
GME,2008-03-13,20080313,11.42,11.86,11.12,11.792499542236328,11.79,47.16,9716400,0.019896,0.0
GME,2008-03-14,20080314,12.07,12.31,11.59,12.262499809265137,12.26,49.04,20089200,0.039864,0.0
GME,2008-03-17,20080317,11.53,12.16,11.25,11.75,11.75,47.0,16108400,-0.041599,0.0
GME,2008-03-18,20080318,12.25,12.38,11.17,12.137499809265137,12.14,48.56,35311200,0.033191,0.0
GME,2008-03-19,20080319,12.21,12.5,11.73,11.744999885559082,11.74,46.96,15634000,-0.032949,0.0
GME,2008-03-20,20080320,11.75,12.55,11.75,12.545000076293945,12.55,50.2,17160800,0.068995,0.0
GME,2008-03-24,20080324,12.62,13.69,12.62,13.4975004196167,13.5,54.0,21702800,0.075697,0.0
GME,2008-03-25,20080325,13.56,13.56,13.19,13.462499618530273,13.46,53.84,13272800,-0.002963,0.0
GME,2008-03-26,20080326,13.38,13.46,13.06,13.244999885559082,13.24,52.96,9238000,-0.016345,0.0
GME,2008-03-27,20080327,13.3,13.62,13.3,13.5,13.5,54.0,10036800,0.019637,0.0
GME,2008-03-28,20080328,13.45,13.45,12.86,12.97249984741211,12.97,51.88,11335200,-0.039259,0.0
GME,2008-03-31,20080331,12.87,13.12,12.73,12.927499771118164,12.93,51.72,13848000,-0.003084,0.0
GME,2008-04-01,20080401,13.18,13.96,13.18,13.917499542236328,13.92,55.68,17945200,0.076566,0.0
GME,2008-04-02,20080402,13.96,14.21,13.68,13.917499542236328,13.92,55.68,13132000,0.0,0.0
GME,2008-04-03,20080403,13.86,14.2,13.66,14.100000381469727,14.1,56.4,8529200,0.012931,0.0
GME,2008-04-04,20080404,14.0,14.23,13.85,14.104999542236328,14.1,56.4,6052000,0.0,0.0
GME,2008-04-07,20080407,14.27,14.27,13.89,14.015000343322754,14.02,56.08,6571600,-0.005674,0.0
GME,2008-04-08,20080408,13.81,13.96,13.59,13.837499618530273,13.84,55.36,7986800,-0.012839,0.0
GME,2008-04-09,20080409,13.74,13.91,13.23,13.422499656677246,13.42,53.68,13598000,-0.030347,0.0
GME,2008-04-10,20080410,13.4,13.89,13.4,13.797499656677246,13.8,55.2,12056400,0.028316,0.0
GME,2008-04-11,20080411,13.58,13.86,13.53,13.635000228881836,13.64,54.56,6223200,-0.011594,0.0
GME,2008-04-14,20080414,13.6,13.94,13.41,13.72249984741211,13.72,54.88,6964000,0.005865,0.0
GME,2008-04-15,20080415,13.87,13.98,13.69,13.962499618530273,13.96,55.84,8661200,0.017493,0.0
GME,2008-04-16,20080416,14.06,14.24,13.97,14.164999961853027,14.16,56.64,9032000,0.014327,0.0
GME,2008-04-17,20080417,14.22,14.58,14.1,14.260000228881836,14.26,57.04,8637600,0.007062,0.0
GME,2008-04-18,20080418,14.53,14.78,14.01,14.15999984741211,14.16,56.64,18530400,-0.007013,0.0
GME,2008-04-21,20080421,13.57,13.95,13.46,13.892499923706055,13.89,55.56,12316000,-0.019068,0.0
GME,2008-04-22,20080422,13.81,13.86,13.56,13.712499618530273,13.71,54.84,7740400,-0.012959,0.0
GME,2008-04-23,20080423,13.51,13.92,13.51,13.802499771118164,13.8,55.2,9008400,0.006565,0.0
GME,2008-04-24,20080424,13.79,14.19,13.77,13.992500305175781,13.99,55.96,7333600,0.013768,0.0
GME,2008-04-25,20080425,14.09,14.11,13.88,14.045000076293945,14.05,56.2,8757200,0.004289,0.0
GME,2008-04-28,20080428,14.05,14.05,13.72,13.779999732971191,13.78,55.12,10067200,-0.019217,0.0
GME,2008-04-29,20080429,13.85,14.07,13.61,13.657500267028809,13.66,54.64,8226800,-0.008708,0.0
GME,2008-04-30,20080430,13.73,14.0,13.54,13.760000228881836,13.76,55.04,10017200,0.007321,0.0
GME,2008-05-01,20080501,13.81,14.3,13.69,14.09749984741211,14.1,56.4,10534000,0.024709,0.0
GME,2008-05-02,20080502,14.15,14.19,13.34,13.4975004196167,13.5,54.0,13057600,-0.042553,0.0
GME,2008-05-05,20080505,13.55,13.56,13.14,13.1875,13.19,52.76,10268000,-0.022963,0.0
GME,2008-05-06,20080506,13.09,13.59,13.02,13.475000381469727,13.48,53.92,9750000,0.021986,0.0
GME,2008-05-07,20080507,13.43,13.43,13.0,13.045000076293945,13.05,52.2,11799200,-0.031899,0.0
GME,2008-05-08,20080508,13.12,13.24,12.7,12.765000343322754,12.77,51.08,11374400,-0.021456,0.0
GME,2008-05-09,20080509,12.69,12.96,12.52,12.807499885559082,12.81,51.24,8953200,0.003132,0.0
GME,2008-05-12,20080512,12.93,13.61,12.81,13.524999618530273,13.52,54.08,14618800,0.055425,0.0
GME,2008-05-13,20080513,13.6,13.73,13.45,13.649999618530273,13.65,54.6,8144800,0.009615,0.0
GME,2008-05-14,20080514,13.79,13.97,13.65,13.742500305175781,13.74,54.96,7578000,0.006593,0.0
GME,2008-05-15,20080515,13.78,14.0,13.61,13.862500190734863,13.86,55.44,11836400,0.008734,0.0
GME,2008-05-16,20080516,13.78,13.88,13.07,13.467499732971191,13.47,53.88,10736800,-0.028139,0.0
GME,2008-05-19,20080519,13.41,13.5,12.95,13.050000190734863,13.05,52.2,8378800,-0.03118,0.0
GME,2008-05-20,20080520,12.91,12.95,12.63,12.895000457763672,12.9,51.6,11591600,-0.011494,0.0
GME,2008-05-21,20080521,12.95,13.22,12.71,12.710000038146973,12.71,50.84,13868000,-0.014729,0.0
GME,2008-05-22,20080522,11.69,12.34,11.03,12.212499618530273,12.21,48.84,69192800,-0.039339,0.0
GME,2008-05-23,20080523,12.28,12.5,11.94,12.342499732971191,12.34,49.36,21610000,0.010647,0.0
GME,2008-05-27,20080527,12.3,12.43,12.07,12.375,12.38,49.52,15632800,0.003241,0.0
GME,2008-05-28,20080528,12.47,12.61,12.31,12.572500228881836,12.57,50.28,12170000,0.015347,0.0
GME,2008-05-29,20080529,12.52,12.67,12.25,12.297499656677246,12.3,49.2,16644800,-0.02148,0.0
GME,2008-05-30,20080530,12.31,12.44,12.07,12.399999618530273,12.4,49.6,11706400,0.00813,0.0
GME,2008-06-02,20080602,12.35,12.47,12.01,12.289999961853027,12.29,49.16,12183200,-0.008871,0.0
GME,2008-06-03,20080603,12.31,12.37,11.98,12.107500076293945,12.11,48.44,14062400,-0.014646,0.0
GME,2008-06-04,20080604,12.09,12.1,11.63,11.845000267028809,11.85,47.4,15030000,-0.02147,0.0
GME,2008-06-05,20080605,11.95,12.03,11.73,11.890000343322754,11.89,47.56,16022000,0.003376,0.0
GME,2008-06-06,20080606,11.68,11.83,11.25,11.25,11.25,45.0,18682000,-0.053827,0.0
GME,2008-06-09,20080609,11.38,11.62,11.23,11.457500457763672,11.46,45.84,14682800,0.018667,0.0
GME,2008-06-10,20080610,11.41,11.48,11.09,11.157500267028809,11.16,44.64,16049600,-0.026178,0.0
GME,2008-06-11,20080611,11.15,11.17,10.63,10.6274995803833,10.63,42.52,19711600,-0.047491,0.0
GME,2008-06-12,20080612,10.77,11.2,10.64,10.729999542236328,10.73,42.92,18547600,0.009407,0.0
GME,2008-06-13,20080613,10.88,11.19,10.88,11.1274995803833,11.13,44.52,18588400,0.037279,0.0
GME,2008-06-16,20080616,11.4,12.13,11.36,11.984999656677246,11.98,47.92,26889200,0.07637,0.0
GME,2008-06-17,20080617,12.04,12.07,11.53,11.71500015258789,11.72,46.88,14980000,-0.021703,0.0
GME,2008-06-18,20080618,11.61,11.88,11.45,11.662500381469727,11.66,46.64,14089200,-0.005119,0.0
GME,2008-06-19,20080619,11.63,12.0,11.55,11.984999656677246,11.98,47.92,15765600,0.027444,0.0
GME,2008-06-20,20080620,11.87,11.87,11.35,11.354999542236328,11.35,45.4,17922400,-0.052588,0.0
GME,2008-06-23,20080623,11.36,11.48,11.16,11.4350004196167,11.44,45.76,14428000,0.00793,0.0
GME,2008-06-24,20080624,11.37,11.65,11.24,11.350000381469727,11.35,45.4,10932000,-0.007867,0.0
GME,2008-06-25,20080625,11.48,11.74,11.36,11.505000114440918,11.51,46.04,10594400,0.014097,0.0
GME,2008-06-26,20080626,11.35,11.35,10.86,10.882499694824219,10.88,43.52,10815600,-0.054735,0.0
GME,2008-06-27,20080627,10.88,10.99,10.68,10.707500457763672,10.71,42.84,15141600,-0.015625,0.0
GME,2008-06-30,20080630,10.63,10.79,10.07,10.100000381469727,10.1,40.4,20155600,-0.056956,0.0
GME,2008-07-01,20080701,10.01,10.22,9.81,10.1875,10.19,40.76,20770800,0.008911,0.0
GME,2008-07-02,20080702,10.25,10.6,10.08,10.102499961853027,10.1,40.4,15804800,-0.008832,0.0
GME,2008-07-03,20080703,10.11,10.25,9.58,9.694999694824219,9.69,38.76,8804800,-0.040594,0.0
GME,2008-07-07,20080707,9.76,9.97,9.69,9.84000015258789,9.84,39.36,14674400,0.01548,0.0
GME,2008-07-08,20080708,9.75,10.2,9.53,10.177499771118164,10.18,40.72,15121600,0.034553,0.0
GME,2008-07-09,20080709,10.23,10.36,9.82,9.845000267028809,9.85,39.4,13638800,-0.032417,0.0
GME,2008-07-10,20080710,9.83,10.06,9.63,9.729999542236328,9.73,38.92,10499200,-0.012183,0.0
GME,2008-07-11,20080711,9.62,10.13,9.4,9.819999694824219,9.82,39.28,16315600,0.00925,0.0
GME,2008-07-14,20080714,10.01,10.25,9.94,10.067500114440918,10.07,40.28,13985200,0.025458,0.0
GME,2008-07-15,20080715,10.02,10.66,9.66,10.302499771118164,10.3,41.2,19512800,0.02284,0.0
GME,2008-07-16,20080716,10.34,10.72,10.13,10.6875,10.69,42.76,10628400,0.037864,0.0
GME,2008-07-17,20080717,10.69,11.19,10.47,10.832500457763672,10.83,43.32,10802800,0.013096,0.0
GME,2008-07-18,20080718,11.21,11.36,10.79,11.3125,11.31,45.24,17629200,0.044321,0.0
GME,2008-07-21,20080721,11.32,11.45,10.71,10.762499809265137,10.76,43.04,10062000,-0.04863,0.0
GME,2008-07-22,20080722,10.66,10.98,10.42,10.859999656677246,10.86,43.44,12102800,0.009294,0.0
GME,2008-07-23,20080723,10.85,11.39,10.71,11.057499885559082,11.06,44.24,16638000,0.018416,0.0
GME,2008-07-24,20080724,10.94,11.11,10.6,10.640000343322754,10.64,42.56,8073200,-0.037975,0.0
GME,2008-07-25,20080725,10.73,10.83,10.34,10.385000228881836,10.39,41.56,11425600,-0.023496,0.0
GME,2008-07-28,20080728,10.36,10.39,9.87,10.145000457763672,10.15,40.6,15166400,-0.023099,0.0
GME,2008-07-29,20080729,10.15,10.5,9.96,10.375,10.38,41.52,10380800,0.02266,0.0
GME,2008-07-30,20080730,10.43,10.57,9.91,10.255000114440918,10.26,41.04,13275600,-0.011561,0.0
GME,2008-07-31,20080731,10.13,10.49,10.1,10.1274995803833,10.13,40.52,7168800,-0.012671,0.0
GME,2008-08-01,20080801,10.22,10.22,9.77,9.957500457763672,9.96,39.84,7149600,-0.016782,0.0
GME,2008-08-04,20080804,9.94,10.0,9.7,9.857500076293945,9.86,39.44,7437200,-0.01004,0.0
GME,2008-08-05,20080805,9.94,10.77,9.94,10.725000381469727,10.73,42.92,9434800,0.088235,0.0
GME,2008-08-06,20080806,10.65,10.88,10.42,10.694999694824219,10.69,42.76,8805600,-0.003728,0.0
GME,2008-08-07,20080807,10.6,10.6,10.32,10.354999542236328,10.35,41.4,8546400,-0.031805,0.0
GME,2008-08-08,20080808,10.31,11.11,10.3,11.055000305175781,11.06,44.24,11020000,0.068599,0.0
GME,2008-08-11,20080811,10.93,11.92,10.87,11.442500114440918,11.44,45.76,20922800,0.034358,0.0
GME,2008-08-12,20080812,11.4,11.4,11.18,11.287500381469727,11.29,45.16,12188400,-0.013112,0.0
GME,2008-08-13,20080813,11.25,11.25,10.85,11.052499771118164,11.05,44.2,10420800,-0.021258,0.0
GME,2008-08-14,20080814,11.08,11.25,10.84,11.107500076293945,11.11,44.44,9440000,0.00543,0.0
GME,2008-08-15,20080815,11.19,11.28,10.76,10.802499771118164,10.8,43.2,13044000,-0.027903,0.0
GME,2008-08-18,20080818,10.87,11.09,10.62,11.045000076293945,11.05,44.2,14777600,0.023148,0.0
GME,2008-08-19,20080819,10.99,11.26,10.81,11.010000228881836,11.01,44.04,12618400,-0.00362,0.0
GME,2008-08-20,20080820,11.12,11.12,10.69,10.880000114440918,10.88,43.52,11106400,-0.011807,0.0
GME,2008-08-21,20080821,10.39,10.97,9.98,10.869999885559082,10.87,43.48,45804800,-0.000919,0.0
GME,2008-08-22,20080822,11.0,11.19,10.82,11.039999961853027,11.04,44.16,10726000,0.015639,0.0
GME,2008-08-25,20080825,10.92,11.04,10.7,10.8149995803833,10.81,43.24,8637600,-0.020833,0.0
GME,2008-08-26,20080826,10.78,10.81,10.52,10.77750015258789,10.78,43.12,12825600,-0.002775,0.0
GME,2008-08-27,20080827,10.77,10.91,10.71,10.774999618530273,10.77,43.08,7100800,-0.000928,0.0
GME,2008-08-28,20080828,10.81,11.07,10.81,11.022500038146973,11.02,44.08,6842800,0.023213,0.0
GME,2008-08-29,20080829,11.0,11.19,10.91,10.967499732971191,10.97,43.88,6734800,-0.004537,0.0
GME,2008-09-02,20080902,11.09,11.56,11.09,11.345000267028809,11.35,45.4,15146000,0.03464,0.0
GME,2008-09-03,20080903,11.36,11.38,10.91,10.975000381469727,10.98,43.92,9074000,-0.032599,0.0
GME,2008-09-04,20080904,10.88,11.14,10.81,10.982500076293945,10.98,43.92,11927600,0.0,0.0
GME,2008-09-05,20080905,10.88,11.02,10.6,10.907500267028809,10.91,43.64,10644000,-0.006375,0.0
GME,2008-09-08,20080908,11.07,11.59,10.8,11.069999694824219,11.07,44.28,14582800,0.014665,0.0
GME,2008-09-09,20080909,11.14,11.3,10.77,10.887499809265137,10.89,43.56,11334000,-0.01626,0.0
GME,2008-09-10,20080910,10.89,11.06,10.6,10.6899995803833,10.69,42.76,9796800,-0.018365,0.0
GME,2008-09-11,20080911,10.51,10.73,10.38,10.675000190734863,10.68,42.72,9519200,-0.000935,0.0
GME,2008-09-12,20080912,10.52,10.52,10.1,10.302499771118164,10.3,41.2,13232000,-0.035581,0.0
GME,2008-09-15,20080915,9.83,10.41,9.56,9.725000381469727,9.73,38.92,16810000,-0.05534,0.0
GME,2008-09-16,20080916,9.51,10.16,9.41,10.020000457763672,10.02,40.08,14190400,0.029805,0.0
GME,2008-09-17,20080917,9.88,9.99,9.36,9.399999618530273,9.4,37.6,19856800,-0.061876,0.0
GME,2008-09-18,20080918,9.55,9.74,8.76,9.6225004196167,9.62,38.48,25745600,0.023404,0.0
GME,2008-09-19,20080919,10.15,10.4,9.25,9.425000190734863,9.43,37.72,23282800,-0.019751,0.0
GME,2008-09-22,20080922,9.48,9.48,9.02,9.069999694824219,9.07,36.28,12012400,-0.038176,0.0
GME,2008-09-23,20080923,9.12,9.22,8.63,8.734999656677246,8.73,34.92,13957200,-0.037486,0.0
GME,2008-09-24,20080924,8.76,8.76,8.32,8.649999618530273,8.65,34.6,18436400,-0.009164,0.0
GME,2008-09-25,20080925,8.76,9.25,8.69,9.010000228881836,9.01,36.04,12844800,0.041618,0.0
GME,2008-09-26,20080926,8.81,9.06,8.73,9.039999961853027,9.04,36.16,7502400,0.00333,0.0
GME,2008-09-29,20080929,9.1,9.16,8.2,8.550000190734863,8.55,34.2,17368000,-0.054204,0.0
GME,2008-09-30,20080930,8.73,8.75,8.42,8.552499771118164,8.55,34.2,10832400,0.0,0.0
GME,2008-10-01,20081001,8.47,9.06,8.47,9.010000228881836,9.01,36.04,14468400,0.053801,0.0
GME,2008-10-02,20081002,9.0,9.06,8.75,8.952500343322754,8.95,35.8,14665600,-0.006659,0.0
GME,2008-10-03,20081003,9.11,9.6,8.74,8.819999694824219,8.82,35.28,16381600,-0.014525,0.0
GME,2008-10-06,20081006,8.48,8.62,7.81,8.52750015258789,8.53,34.12,16781600,-0.03288,0.0
GME,2008-10-07,20081007,8.5,8.73,7.68,7.6875,7.69,30.76,15159600,-0.098476,0.0
GME,2008-10-08,20081008,7.39,7.82,7.32,7.552499771118164,7.55,30.2,24096800,-0.018205,0.0
GME,2008-10-09,20081009,7.64,7.99,7.2,7.272500038146973,7.27,29.08,12377600,-0.037086,0.0
GME,2008-10-10,20081010,6.74,7.54,6.6,7.275000095367432,7.28,29.12,17067600,0.001376,0.0
GME,2008-10-13,20081013,7.9,8.4,7.59,8.380000114440918,8.38,33.52,11892800,0.151099,0.0
GME,2008-10-14,20081014,8.75,9.21,7.37,7.590000152587891,7.59,30.36,17392400,-0.094272,0.0
GME,2008-10-15,20081015,7.54,7.54,6.93,6.932499885559082,6.93,27.72,10457200,-0.086957,0.0
GME,2008-10-16,20081016,7.08,7.81,6.8,7.702499866485596,7.7,30.8,19504800,0.111111,0.0
GME,2008-10-17,20081017,7.52,8.26,7.47,7.960000038146973,7.96,31.84,15007600,0.033766,0.0
GME,2008-10-20,20081020,8.06,8.49,7.86,8.297499656677246,8.3,33.2,9182800,0.042714,0.0
GME,2008-10-21,20081021,8.3,8.38,7.55,7.614999771118164,7.61,30.44,11535200,-0.083133,0.0
GME,2008-10-22,20081022,7.59,7.6,6.72,7.057499885559082,7.06,28.24,11143600,-0.072273,0.0
GME,2008-10-23,20081023,7.0,7.17,6.3,6.767499923706055,6.77,27.08,13702000,-0.041076,0.0
GME,2008-10-24,20081024,6.07,6.61,6.02,6.432499885559082,6.43,25.72,10107600,-0.050222,0.0
GME,2008-10-27,20081027,6.32,6.67,6.25,6.302499771118164,6.3,25.2,7350800,-0.020218,0.0
GME,2008-10-28,20081028,6.49,7.23,6.13,7.227499961853027,7.23,28.92,10413200,0.147619,0.0
GME,2008-10-29,20081029,7.12,7.82,6.93,7.357500076293945,7.36,29.44,12296800,0.017981,0.0
GME,2008-10-30,20081030,7.61,7.87,7.32,7.357500076293945,7.36,29.44,8937200,0.0,0.0
GME,2008-10-31,20081031,6.96,7.22,6.63,6.847499847412109,6.85,27.4,18198800,-0.069293,0.0
GME,2008-11-03,20081103,6.95,6.95,6.63,6.742499828338623,6.74,26.96,12913200,-0.016058,0.0
GME,2008-11-04,20081104,6.88,7.0,6.79,6.9375,6.94,27.76,10694800,0.029674,0.0
GME,2008-11-05,20081105,6.84,6.84,6.3,6.320000171661377,6.32,25.28,9225600,-0.089337,0.0
GME,2008-11-06,20081106,6.26,6.37,5.88,5.952499866485596,5.95,23.8,12471200,-0.058544,0.0
GME,2008-11-07,20081107,6.01,6.32,5.99,6.275000095367432,6.28,25.12,11724800,0.055462,0.0
GME,2008-11-10,20081110,6.43,6.61,6.01,6.119999885559082,6.12,24.48,6611600,-0.025478,0.0
GME,2008-11-11,20081111,6.03,6.09,5.78,5.852499961853027,5.85,23.4,7261600,-0.044118,0.0
GME,2008-11-12,20081112,5.48,5.58,5.29,5.510000228881836,5.51,22.04,12023600,-0.05812,0.0
GME,2008-11-13,20081113,5.45,6.22,5.3,6.207499980926514,6.21,24.84,11899200,0.127042,0.0
GME,2008-11-14,20081114,6.09,6.53,5.82,5.820000171661377,5.82,23.28,17737200,-0.062802,0.0
GME,2008-11-17,20081117,5.82,6.06,5.68,5.6875,5.69,22.76,10797200,-0.022337,0.0
GME,2008-11-18,20081118,5.68,5.82,5.37,5.552499771118164,5.55,22.2,10996000,-0.024605,0.0
GME,2008-11-19,20081119,5.53,5.62,5.08,5.139999866485596,5.14,20.56,14096000,-0.073874,0.0
GME,2008-11-20,20081120,4.78,5.0,4.23,4.375,4.38,17.52,34066000,-0.14786,0.0
GME,2008-11-21,20081121,4.67,4.67,4.24,4.494999885559082,4.49,17.96,23882400,0.025114,0.0
GME,2008-11-24,20081124,4.58,5.14,4.44,5.052499771118164,5.05,20.2,17435600,0.124722,0.0
GME,2008-11-25,20081125,5.15,5.41,4.95,5.167500019073486,5.17,20.68,13656400,0.023762,0.0
GME,2008-11-26,20081126,5.07,5.54,4.95,5.5,5.5,22.0,15137600,0.06383,0.0
GME,2008-11-28,20081128,5.5,5.62,5.33,5.462500095367432,5.46,21.84,3492400,-0.007273,0.0
GME,2008-12-01,20081201,5.41,5.41,4.78,4.837500095367432,4.84,19.36,16041200,-0.113553,0.0
GME,2008-12-02,20081202,4.9,4.99,4.64,4.752500057220459,4.75,19.0,13370000,-0.018595,0.0
GME,2008-12-03,20081203,4.62,4.94,4.53,4.712500095367432,4.71,18.84,17088000,-0.008421,0.0
GME,2008-12-04,20081204,4.61,5.3,4.5,5.045000076293945,5.05,20.2,14238800,0.072187,0.0
GME,2008-12-05,20081205,5.04,5.41,4.76,5.317500114440918,5.32,21.28,16196400,0.053465,0.0
GME,2008-12-08,20081208,5.59,6.28,5.44,6.25,6.25,25.0,19515600,0.174812,0.0
GME,2008-12-09,20081209,6.1,6.25,5.71,5.807499885559082,5.81,23.24,20840800,-0.0704,0.0
GME,2008-12-10,20081210,5.69,6.07,5.49,6.022500038146973,6.02,24.08,17691200,0.036145,0.0
GME,2008-12-11,20081211,5.97,6.18,5.64,5.710000038146973,5.71,22.84,12814800,-0.051495,0.0
GME,2008-12-12,20081212,5.53,6.12,5.53,6.03249979019165,6.03,24.12,11752800,0.056042,0.0
GME,2008-12-15,20081215,6.05,6.17,5.64,5.78000020980835,5.78,23.12,9152400,-0.041459,0.0
GME,2008-12-16,20081216,5.88,6.47,5.86,6.422500133514404,6.42,25.68,13348800,0.110727,0.0
GME,2008-12-17,20081217,6.26,6.63,6.14,6.417500019073486,6.42,25.68,13346400,0.0,0.0
GME,2008-12-18,20081218,6.44,6.51,5.96,6.097499847412109,6.1,24.4,12953600,-0.049844,0.0
GME,2008-12-19,20081219,6.18,6.3,6.03,6.150000095367432,6.15,24.6,9903600,0.008197,0.0
GME,2008-12-22,20081222,6.21,6.21,5.61,5.784999847412109,5.78,23.12,8427200,-0.060163,0.0
GME,2008-12-23,20081223,5.89,5.89,5.49,5.545000076293945,5.55,22.2,7179600,-0.039792,0.0
GME,2008-12-24,20081224,5.49,5.85,5.49,5.827499866485596,5.83,23.32,3049200,0.05045,0.0
GME,2008-12-26,20081226,5.86,5.86,5.68,5.784999847412109,5.78,23.12,2639600,-0.008576,0.0
GME,2008-12-29,20081229,5.8,5.8,5.37,5.487500190734863,5.49,21.96,8405200,-0.050173,0.0
GME,2008-12-30,20081230,5.49,5.62,5.42,5.534999847412109,5.53,22.12,6538400,0.007286,0.0
GME,2008-12-31,20081231,5.52,5.59,5.36,5.414999961853027,5.41,21.64,10700000,-0.0217,0.0
GME,2009-01-02,20090102,5.43,5.94,5.26,5.797500133514404,5.8,23.2,13963600,0.072089,0.0
GME,2009-01-05,20090105,5.81,6.12,5.75,5.957499980926514,5.96,23.84,13637600,0.027586,0.0
GME,2009-01-06,20090106,6.01,6.13,5.79,5.880000114440918,5.88,23.52,13866000,-0.013423,0.0
GME,2009-01-07,20090107,5.86,5.86,5.57,5.652500152587891,5.65,22.6,11122800,-0.039116,0.0
GME,2009-01-08,20090108,6.17,6.54,5.75,6.394999980926514,6.39,25.56,42152000,0.130973,0.0
GME,2009-01-09,20090109,6.39,6.69,6.22,6.53249979019165,6.53,26.12,18159600,0.021909,0.0
GME,2009-01-12,20090112,6.5,6.52,6.24,6.367499828338623,6.37,25.48,14668400,-0.024502,0.0
GME,2009-01-13,20090113,6.3,6.45,6.05,6.159999847412109,6.16,24.64,12873600,-0.032967,0.0
GME,2009-01-14,20090114,6.11,6.11,5.76,5.857500076293945,5.86,23.44,16432400,-0.048701,0.0
GME,2009-01-15,20090115,5.89,6.14,5.67,5.957499980926514,5.96,23.84,23565200,0.017065,0.0
GME,2009-01-16,20090116,6.13,6.23,5.82,6.170000076293945,6.17,24.68,15144800,0.035235,0.0
GME,2009-01-20,20090120,6.14,6.24,5.73,5.762499809265137,5.76,23.04,13612400,-0.066451,0.0
GME,2009-01-21,20090121,5.99,6.11,5.68,6.107500076293945,6.11,24.44,10744800,0.060764,0.0
GME,2009-01-22,20090122,6.05,6.25,5.8,6.082499980926514,6.08,24.32,14352800,-0.00491,0.0
GME,2009-01-23,20090123,6.02,6.57,5.82,6.452499866485596,6.45,25.8,16519200,0.060855,0.0
GME,2009-01-26,20090126,6.49,6.76,6.42,6.639999866485596,6.64,26.56,17713600,0.029457,0.0
GME,2009-01-27,20090127,6.66,6.81,6.5,6.59250020980835,6.59,26.36,10235600,-0.00753,0.0
GME,2009-01-28,20090128,6.81,7.06,6.75,7.034999847412109,7.03,28.12,11984800,0.066768,0.0
GME,2009-01-29,20090129,6.91,6.91,6.55,6.579999923706055,6.58,26.32,10453600,-0.064011,0.0
GME,2009-01-30,20090130,6.6,6.73,6.18,6.195000171661377,6.2,24.8,15813200,-0.057751,0.0
GME,2009-02-02,20090202,6.13,6.46,6.06,6.364999771118164,6.36,25.44,11117200,0.025806,0.0
GME,2009-02-03,20090203,6.37,6.47,6.24,6.40500020980835,6.41,25.64,11142800,0.007862,0.0
GME,2009-02-04,20090204,6.42,6.73,6.28,6.497499942779541,6.5,26.0,11842800,0.014041,0.0
GME,2009-02-05,20090205,6.48,6.86,6.44,6.777500152587891,6.78,27.12,11081600,0.043077,0.0
GME,2009-02-06,20090206,6.87,7.08,6.75,7.002500057220459,7.0,28.0,9702400,0.032448,0.0
GME,2009-02-09,20090209,6.9,7.06,6.8,6.855000019073486,6.86,27.44,6362000,-0.02,0.0
GME,2009-02-10,20090210,6.79,6.98,6.51,6.724999904632568,6.72,26.88,13442000,-0.020408,0.0
GME,2009-02-11,20090211,6.77,6.79,6.51,6.627500057220459,6.63,26.52,8349200,-0.013393,0.0
GME,2009-02-12,20090212,6.58,6.77,6.42,6.747499942779541,6.75,27.0,10009200,0.0181,0.0
GME,2009-02-13,20090213,6.7,6.81,6.48,6.5625,6.56,26.24,14056800,-0.028148,0.0
GME,2009-02-17,20090217,6.38,6.48,6.18,6.255000114440918,6.26,25.04,13674800,-0.045732,0.0
GME,2009-02-18,20090218,6.3,6.38,6.16,6.21750020980835,6.22,24.88,8056000,-0.00639,0.0
GME,2009-02-19,20090219,7.04,7.1,6.58,6.65749979019165,6.66,26.64,30934000,0.07074,0.0
GME,2009-02-20,20090220,6.53,6.76,6.4,6.670000076293945,6.67,26.68,21009200,0.001502,0.0
GME,2009-02-23,20090223,6.8,6.82,6.52,6.554999828338623,6.55,26.2,14442800,-0.017991,0.0
GME,2009-02-24,20090224,6.64,6.99,6.58,6.840000152587891,6.84,27.36,16203600,0.044275,0.0
GME,2009-02-25,20090225,6.79,7.27,6.72,7.077499866485596,7.08,28.32,20710000,0.035088,0.0
GME,2009-02-26,20090226,7.18,7.2,6.74,6.75,6.75,27.0,16187600,-0.04661,0.0
GME,2009-02-27,20090227,6.61,6.89,6.55,6.730000019073486,6.73,26.92,12968800,-0.002963,0.0
GME,2009-03-02,20090302,6.59,6.77,6.48,6.522500038146973,6.52,26.08,11168000,-0.031204,0.0
GME,2009-03-03,20090303,6.62,6.71,6.41,6.494999885559082,6.49,25.96,9038000,-0.004601,0.0
GME,2009-03-04,20090304,6.64,6.93,6.62,6.824999809265137,6.82,27.28,11398000,0.050847,0.0
GME,2009-03-05,20090305,6.67,6.72,5.59,5.864999771118164,5.86,23.44,60038400,-0.140762,0.0
GME,2009-03-06,20090306,5.95,6.05,5.45,5.59499979019165,5.59,22.36,27643200,-0.046075,0.0
GME,2009-03-09,20090309,5.55,5.76,5.45,5.724999904632568,5.72,22.88,18562000,0.023256,0.0
GME,2009-03-10,20090310,5.87,6.35,5.81,6.302499771118164,6.3,25.2,16247600,0.101399,0.0
GME,2009-03-11,20090311,6.28,6.53,6.16,6.315000057220459,6.32,25.28,13239600,0.003175,0.0
GME,2009-03-12,20090312,6.31,6.37,6.01,6.349999904632568,6.35,25.4,12505200,0.004747,0.0
GME,2009-03-13,20090313,6.38,6.53,6.27,6.414999961853027,6.41,25.64,13562800,0.009449,0.0
GME,2009-03-16,20090316,6.5,6.5,6.07,6.102499961853027,6.1,24.4,10923600,-0.048362,0.0
GME,2009-03-17,20090317,6.09,6.26,5.97,6.237500190734863,6.24,24.96,12678800,0.022951,0.0
GME,2009-03-18,20090318,6.2,6.45,6.09,6.207499980926514,6.21,24.84,18758400,-0.004808,0.0
GME,2009-03-19,20090319,6.28,6.47,6.06,6.355000019073486,6.36,25.44,14676000,0.024155,0.0
GME,2009-03-20,20090320,6.45,6.48,6.12,6.212500095367432,6.21,24.84,14899200,-0.023585,0.0
GME,2009-03-23,20090323,6.37,6.74,6.32,6.65500020980835,6.66,26.64,21946000,0.072464,0.0
GME,2009-03-24,20090324,6.57,6.98,6.45,6.762499809265137,6.76,27.04,25125200,0.015015,0.0
GME,2009-03-25,20090325,6.84,6.84,6.38,6.710000038146973,6.71,26.84,25804400,-0.007396,0.0
GME,2009-03-26,20090326,7.05,7.11,6.45,6.552499771118164,6.55,26.2,43962800,-0.023845,0.0
GME,2009-03-27,20090327,6.52,7.0,6.45,6.957499980926514,6.96,27.84,22048800,0.062595,0.0
GME,2009-03-30,20090330,6.8,6.84,6.58,6.767499923706055,6.77,27.08,13361600,-0.027299,0.0
GME,2009-03-31,20090331,6.83,7.24,6.79,7.005000114440918,7.01,28.04,21632000,0.035451,0.0
GME,2009-04-01,20090401,7.14,7.14,6.89,7.050000190734863,7.05,28.2,16029200,0.005706,0.0
GME,2009-04-02,20090402,7.18,7.63,7.12,7.525000095367432,7.53,30.12,17236400,0.068085,0.0
GME,2009-04-03,20090403,7.51,7.82,7.29,7.445000171661377,7.45,29.8,28170800,-0.010624,0.0
GME,2009-04-06,20090406,7.18,7.34,7.0,7.15500020980835,7.16,28.64,24378400,-0.038926,0.0
GME,2009-04-07,20090407,7.03,7.38,6.89,7.3125,7.31,29.24,15189200,0.02095,0.0
GME,2009-04-08,20090408,7.34,7.59,7.32,7.585000038146973,7.59,30.36,10800000,0.038304,0.0
GME,2009-04-09,20090409,7.75,8.11,7.55,8.104999542236328,8.1,32.4,13712000,0.067194,0.0
GME,2009-04-13,20090413,8.07,8.2,7.96,8.072500228881836,8.07,32.28,15403200,-0.003704,0.0
GME,2009-04-14,20090414,8.01,8.07,7.84,7.872499942779541,7.87,31.48,12311200,-0.024783,0.0
GME,2009-04-15,20090415,7.87,8.01,7.78,7.974999904632568,7.97,31.88,8244400,0.012706,0.0
GME,2009-04-16,20090416,8.13,8.13,7.34,7.425000190734863,7.43,29.72,36771600,-0.067754,0.0
GME,2009-04-17,20090417,7.56,7.64,6.97,7.207499980926514,7.21,28.84,34494400,-0.02961,0.0
GME,2009-04-20,20090420,7.08,7.14,6.95,7.099999904632568,7.1,28.4,11553600,-0.015257,0.0
GME,2009-04-21,20090421,7.1,7.5,7.01,7.449999809265137,7.45,29.8,12638400,0.049296,0.0
GME,2009-04-22,20090422,7.38,7.71,7.22,7.465000152587891,7.47,29.88,16529200,0.002685,0.0
GME,2009-04-23,20090423,7.47,7.66,7.41,7.625,7.62,30.48,12307200,0.02008,0.0
GME,2009-04-24,20090424,7.7,7.92,7.53,7.827499866485596,7.83,31.32,10360000,0.027559,0.0
GME,2009-04-27,20090427,7.68,7.8,7.53,7.619999885559082,7.62,30.48,9435200,-0.02682,0.0
GME,2009-04-28,20090428,7.53,7.64,7.33,7.417500019073486,7.42,29.68,9591600,-0.026247,0.0
GME,2009-04-29,20090429,7.49,7.7,7.44,7.522500038146973,7.52,30.08,11000800,0.013477,0.0
GME,2009-04-30,20090430,7.69,7.77,7.49,7.539999961853027,7.54,30.16,13025600,0.00266,0.0
GME,2009-05-01,20090501,7.53,7.54,7.26,7.335000038146973,7.34,29.36,10718000,-0.026525,0.0
GME,2009-05-04,20090504,7.41,7.57,7.26,7.335000038146973,7.34,29.36,14536000,0.0,0.0
GME,2009-05-05,20090505,7.37,7.4,7.14,7.272500038146973,7.27,29.08,13023600,-0.009537,0.0
GME,2009-05-06,20090506,7.28,7.28,6.76,6.877500057220459,6.88,27.52,27962400,-0.053645,0.0
GME,2009-05-07,20090507,6.92,7.0,6.48,6.727499961853027,6.73,26.92,23629600,-0.021802,0.0
GME,2009-05-08,20090508,6.81,6.89,6.47,6.53249979019165,6.53,26.12,19250400,-0.029718,0.0
GME,2009-05-11,20090511,6.55,6.72,6.31,6.664999961853027,6.66,26.64,15956400,0.019908,0.0
GME,2009-05-12,20090512,6.74,6.75,6.39,6.5625,6.56,26.24,12664400,-0.015015,0.0
GME,2009-05-13,20090513,6.45,6.48,6.28,6.414999961853027,6.41,25.64,13865600,-0.022866,0.0
GME,2009-05-14,20090514,6.42,6.72,6.32,6.492499828338623,6.49,25.96,19002000,0.01248,0.0
GME,2009-05-15,20090515,6.47,6.8,6.47,6.617499828338623,6.62,26.48,16987200,0.020031,0.0
GME,2009-05-18,20090518,6.71,6.71,6.39,6.570000171661377,6.57,26.28,17980000,-0.007553,0.0
GME,2009-05-19,20090519,6.54,6.56,6.41,6.454999923706055,6.45,25.8,15981600,-0.018265,0.0
GME,2009-05-20,20090520,6.49,6.78,6.47,6.617499828338623,6.62,26.48,22625600,0.026357,0.0
GME,2009-05-21,20090521,5.85,5.9,5.46,5.59499979019165,5.59,22.36,93280800,-0.155589,0.0
GME,2009-05-22,20090522,5.74,5.82,5.59,5.637499809265137,5.64,22.56,29644400,0.008945,0.0
GME,2009-05-26,20090526,5.62,5.91,5.57,5.840000152587891,5.84,23.36,26845200,0.035461,0.0
GME,2009-05-27,20090527,5.85,5.85,5.49,5.502500057220459,5.5,22.0,31670000,-0.058219,0.0
GME,2009-05-28,20090528,5.58,5.91,5.58,5.882500171661377,5.88,23.52,28178400,0.069091,0.0
GME,2009-05-29,20090529,5.93,6.24,5.9,6.237500190734863,6.24,24.96,28922800,0.061224,0.0
GME,2009-06-01,20090601,6.29,6.62,6.25,6.449999809265137,6.45,25.8,22536000,0.033654,0.0
GME,2009-06-02,20090602,6.39,6.45,5.98,6.079999923706055,6.08,24.32,28647600,-0.057364,0.0
GME,2009-06-03,20090603,6.11,6.16,5.99,6.042500019073486,6.04,24.16,17809600,-0.006579,0.0
GME,2009-06-04,20090604,6.09,6.12,5.84,6.112500190734863,6.11,24.44,26048400,0.011589,0.0
GME,2009-06-05,20090605,6.17,6.24,5.89,5.972499847412109,5.97,23.88,22467600,-0.022913,0.0
GME,2009-06-08,20090608,5.88,6.12,5.85,6.082499980926514,6.08,24.32,15417600,0.018425,0.0
GME,2009-06-09,20090609,6.11,6.29,6.11,6.25,6.25,25.0,13499200,0.027961,0.0
GME,2009-06-10,20090610,6.29,6.33,6.12,6.237500190734863,6.24,24.96,17362000,-0.0016,0.0
GME,2009-06-11,20090611,6.24,6.37,6.12,6.152500152587891,6.15,24.6,15526400,-0.014423,0.0
GME,2009-06-12,20090612,6.12,6.16,5.88,6.03000020980835,6.03,24.12,25776000,-0.019512,0.0
GME,2009-06-15,20090615,5.98,5.98,5.8,5.917500019073486,5.92,23.68,17307600,-0.018242,0.0
GME,2009-06-16,20090616,5.93,5.93,5.7,5.747499942779541,5.75,23.0,17450000,-0.028716,0.0
GME,2009-06-17,20090617,5.73,5.91,5.67,5.809999942779541,5.81,23.24,13238800,0.010435,0.0
GME,2009-06-18,20090618,5.81,5.91,5.67,5.699999809265137,5.7,22.8,13021200,-0.018933,0.0
GME,2009-06-19,20090619,5.74,5.81,5.66,5.737500190734863,5.74,22.96,16404000,0.007018,0.0
GME,2009-06-22,20090622,5.72,5.72,5.49,5.489999771118164,5.49,21.96,16922000,-0.043554,0.0
GME,2009-06-23,20090623,5.37,5.5,5.11,5.465000152587891,5.47,21.88,53730400,-0.003643,0.0
GME,2009-06-24,20090624,5.51,5.63,5.42,5.457499980926514,5.46,21.84,17768400,-0.001828,0.0
GME,2009-06-25,20090625,5.41,5.66,5.4,5.552499771118164,5.55,22.2,16520800,0.016484,0.0
GME,2009-06-26,20090626,5.53,5.63,5.47,5.542500019073486,5.54,22.16,11630000,-0.001802,0.0
GME,2009-06-29,20090629,5.55,5.68,5.43,5.542500019073486,5.54,22.16,13016800,0.0,0.0
GME,2009-06-30,20090630,5.56,5.66,5.45,5.502500057220459,5.5,22.0,14904800,-0.00722,0.0
GME,2009-07-01,20090701,5.57,5.64,5.53,5.614999771118164,5.61,22.44,14216800,0.02,0.0
GME,2009-07-02,20090702,5.55,5.55,5.22,5.267499923706055,5.27,21.08,23488000,-0.060606,0.0
GME,2009-07-06,20090706,5.18,5.33,5.17,5.260000228881836,5.26,21.04,13345600,-0.001898,0.0
GME,2009-07-07,20090707,5.26,5.28,5.1,5.114999771118164,5.11,20.44,12082400,-0.028517,0.0
GME,2009-07-08,20090708,5.11,5.25,5.05,5.235000133514404,5.24,20.96,15794400,0.02544,0.0
GME,2009-07-09,20090709,5.26,5.3,5.08,5.172500133514404,5.17,20.68,13632400,-0.013359,0.0
GME,2009-07-10,20090710,5.13,5.2,5.06,5.110000133514404,5.11,20.44,11711600,-0.011605,0.0
GME,2009-07-13,20090713,5.12,5.26,5.01,5.257500171661377,5.26,21.04,12709600,0.029354,0.0
GME,2009-07-14,20090714,5.26,5.42,5.16,5.40749979019165,5.41,21.64,16020800,0.028517,0.0
GME,2009-07-15,20090715,5.47,5.49,5.34,5.409999847412109,5.41,21.64,14714400,0.0,0.0
GME,2009-07-16,20090716,5.36,5.56,5.28,5.537499904632568,5.54,22.16,17691200,0.02403,0.0
GME,2009-07-17,20090717,5.46,5.54,5.36,5.489999771118164,5.49,21.96,17236400,-0.009025,0.0
GME,2009-07-20,20090720,5.51,5.63,5.5,5.585000038146973,5.59,22.36,13197200,0.018215,0.0
GME,2009-07-21,20090721,5.61,5.74,5.5,5.730000019073486,5.73,22.92,19525600,0.025045,0.0
GME,2009-07-22,20090722,5.7,5.95,5.68,5.90500020980835,5.91,23.64,20105200,0.031414,0.0
GME,2009-07-23,20090723,5.91,6.05,5.78,5.974999904632568,5.97,23.88,23842400,0.010152,0.0
GME,2009-07-24,20090724,5.86,6.06,5.83,6.037499904632568,6.04,24.16,21429600,0.011725,0.0
GME,2009-07-27,20090727,6.01,6.03,5.79,5.882500171661377,5.88,23.52,22301200,-0.02649,0.0
GME,2009-07-28,20090728,5.83,5.88,5.68,5.699999809265137,5.7,22.8,23062800,-0.030612,0.0
GME,2009-07-29,20090729,5.66,5.72,5.46,5.46750020980835,5.47,21.88,27248400,-0.040351,0.0
GME,2009-07-30,20090730,5.52,5.66,5.36,5.369999885559082,5.37,21.48,24278400,-0.018282,0.0
GME,2009-07-31,20090731,5.37,5.59,5.37,5.472499847412109,5.47,21.88,19539600,0.018622,0.0
GME,2009-08-03,20090803,5.51,5.74,5.51,5.715000152587891,5.72,22.88,17851600,0.045704,0.0
GME,2009-08-04,20090804,5.85,6.15,5.78,6.105000019073486,6.11,24.44,34184000,0.068182,0.0
GME,2009-08-05,20090805,6.11,6.21,5.99,6.037499904632568,6.04,24.16,21148000,-0.011457,0.0
GME,2009-08-06,20090806,6.12,6.21,6.03,6.130000114440918,6.13,24.52,16098000,0.014901,0.0
GME,2009-08-07,20090807,6.16,6.34,6.09,6.289999961853027,6.29,25.16,14760800,0.026101,0.0
GME,2009-08-10,20090810,6.33,6.38,5.97,6.039999961853027,6.04,24.16,18084000,-0.039746,0.0
GME,2009-08-11,20090811,6.04,6.22,6.01,6.175000190734863,6.18,24.72,15786400,0.023179,0.0
GME,2009-08-12,20090812,6.15,6.48,6.13,6.409999847412109,6.41,25.64,23210000,0.037217,0.0
GME,2009-08-13,20090813,6.45,6.61,6.32,6.582499980926514,6.58,26.32,26032400,0.026521,0.0
GME,2009-08-14,20090814,6.45,6.66,6.44,6.610000133514404,6.61,26.44,31286800,0.004559,0.0
GME,2009-08-17,20090817,6.32,6.46,6.26,6.272500038146973,6.27,25.08,19117600,-0.051437,0.0
GME,2009-08-18,20090818,6.3,6.32,6.03,6.135000228881836,6.14,24.56,29814000,-0.020734,0.0
GME,2009-08-19,20090819,6.06,6.35,6.04,6.295000076293945,6.3,25.2,26332000,0.026059,0.0
GME,2009-08-20,20090820,5.81,6.03,5.75,5.852499961853027,5.85,23.4,67452800,-0.071429,0.0
GME,2009-08-21,20090821,5.9,5.96,5.76,5.78249979019165,5.78,23.12,29613600,-0.011966,0.0
GME,2009-08-24,20090824,5.8,5.81,5.57,5.639999866485596,5.64,22.56,29498400,-0.024221,0.0
GME,2009-08-25,20090825,5.67,5.71,5.58,5.607500076293945,5.61,22.44,27330800,-0.005319,0.0
GME,2009-08-26,20090826,5.61,5.74,5.51,5.639999866485596,5.64,22.56,20362800,0.005348,0.0
GME,2009-08-27,20090827,5.62,5.82,5.57,5.755000114440918,5.76,23.04,20830400,0.021277,0.0
GME,2009-08-28,20090828,5.81,5.89,5.76,5.867499828338623,5.87,23.48,21142000,0.019097,0.0
GME,2009-08-31,20090831,6.08,6.11,5.92,5.949999809265137,5.95,23.8,30459600,0.013629,0.0
GME,2009-09-01,20090901,5.91,6.05,5.82,5.829999923706055,5.83,23.32,17736000,-0.020168,0.0
GME,2009-09-02,20090902,5.82,5.93,5.74,5.864999771118164,5.86,23.44,17472400,0.005146,0.0
GME,2009-09-03,20090903,5.84,6.0,5.78,5.987500190734863,5.99,23.96,11936000,0.022184,0.0
GME,2009-09-04,20090904,5.98,6.03,5.86,6.014999866485596,6.01,24.04,12266800,0.003339,0.0
GME,2009-09-08,20090908,6.11,6.26,6.07,6.232500076293945,6.23,24.92,18980000,0.036606,0.0
GME,2009-09-09,20090909,6.28,6.35,6.2,6.262499809265137,6.26,25.04,14990400,0.004815,0.0
GME,2009-09-10,20090910,6.28,6.3,6.1,6.255000114440918,6.26,25.04,14457200,0.0,0.0
GME,2009-09-11,20090911,6.27,6.27,6.14,6.175000190734863,6.18,24.72,12579600,-0.01278,0.0
GME,2009-09-14,20090914,6.13,6.47,6.06,6.397500038146973,6.4,25.6,27324000,0.035599,0.0
GME,2009-09-15,20090915,6.41,6.46,6.32,6.335000038146973,6.34,25.36,14134800,-0.009375,0.0
GME,2009-09-16,20090916,6.35,6.49,6.25,6.454999923706055,6.45,25.8,17892000,0.01735,0.0
GME,2009-09-17,20090917,6.45,6.5,6.39,6.449999809265137,6.45,25.8,14788400,0.0,0.0
GME,2009-09-18,20090918,6.48,6.83,6.42,6.697500228881836,6.7,26.8,36131600,0.03876,0.0
GME,2009-09-21,20090921,6.7,6.77,6.53,6.570000171661377,6.57,26.28,17578800,-0.019403,0.0
GME,2009-09-22,20090922,6.62,6.66,6.5,6.559999942779541,6.56,26.24,9724800,-0.001522,0.0
GME,2009-09-23,20090923,6.56,6.8,6.5,6.664999961853027,6.66,26.64,18429600,0.015244,0.0
GME,2009-09-24,20090924,6.7,6.74,6.52,6.557499885559082,6.56,26.24,13425600,-0.015015,0.0
GME,2009-09-25,20090925,6.52,6.6,6.44,6.510000228881836,6.51,26.04,10657200,-0.007622,0.0
GME,2009-09-28,20090928,6.53,6.62,6.47,6.552499771118164,6.55,26.2,10503200,0.006144,0.0
GME,2009-09-29,20090929,6.58,6.76,6.57,6.697500228881836,6.7,26.8,11655200,0.022901,0.0
GME,2009-09-30,20090930,6.73,6.76,6.54,6.617499828338623,6.62,26.48,17042000,-0.01194,0.0
GME,2009-10-01,20091001,6.64,6.7,6.48,6.505000114440918,6.51,26.04,18036000,-0.016616,0.0
GME,2009-10-02,20091002,6.43,6.55,6.4,6.420000076293945,6.42,25.68,12916000,-0.013825,0.0
GME,2009-10-05,20091005,6.41,6.53,6.35,6.507500171661377,6.51,26.04,12717600,0.014019,0.0
GME,2009-10-06,20091006,6.57,6.7,6.38,6.65500020980835,6.66,26.64,10194000,0.023041,0.0
GME,2009-10-07,20091007,6.59,6.66,6.53,6.559999942779541,6.56,26.24,16032800,-0.015015,0.0
GME,2009-10-08,20091008,6.76,6.91,6.67,6.84250020980835,6.84,27.36,29264000,0.042683,0.0
GME,2009-10-09,20091009,6.84,6.84,6.69,6.739999771118164,6.74,26.96,15445200,-0.01462,0.0
GME,2009-10-12,20091012,6.77,6.86,6.66,6.715000152587891,6.72,26.88,10214000,-0.002967,0.0
GME,2009-10-13,20091013,6.71,6.88,6.66,6.835000038146973,6.84,27.36,17388400,0.017857,0.0
GME,2009-10-14,20091014,6.9,7.06,6.9,7.039999961853027,7.04,28.16,19975200,0.02924,0.0
GME,2009-10-15,20091015,7.01,7.16,6.93,6.960000038146973,6.96,27.84,23774800,-0.011364,0.0
GME,2009-10-16,20091016,6.92,7.01,6.83,6.932499885559082,6.93,27.72,15250800,-0.00431,0.0
GME,2009-10-19,20091019,6.97,7.07,6.95,7.039999961853027,7.04,28.16,9785600,0.015873,0.0
GME,2009-10-20,20091020,6.79,6.79,6.37,6.412499904632568,6.41,25.64,50180000,-0.089489,0.0
GME,2009-10-21,20091021,6.41,6.54,6.32,6.335000038146973,6.34,25.36,29969200,-0.01092,0.0
GME,2009-10-22,20091022,6.35,6.44,6.22,6.309999942779541,6.31,25.24,22136400,-0.004732,0.0
GME,2009-10-23,20091023,6.43,6.43,6.14,6.192500114440918,6.19,24.76,19331600,-0.019017,0.0
GME,2009-10-26,20091026,6.23,6.31,5.98,6.019999980926514,6.02,24.08,24907600,-0.027464,0.0
GME,2009-10-27,20091027,6.03,6.17,5.99,6.150000095367432,6.15,24.6,28021600,0.021595,0.0
GME,2009-10-28,20091028,6.18,6.19,6.05,6.057499885559082,6.06,24.24,19852400,-0.014634,0.0
GME,2009-10-29,20091029,6.11,6.19,6.05,6.137499809265137,6.14,24.56,14058800,0.013201,0.0
GME,2009-10-30,20091030,6.11,6.13,6.0,6.072500228881836,6.07,24.28,26188000,-0.011401,0.0
GME,2009-11-02,20091102,6.11,6.16,5.95,6.047500133514404,6.05,24.2,16268800,-0.003295,0.0
GME,2009-11-03,20091103,6.01,6.09,5.91,5.994999885559082,5.99,23.96,11898000,-0.009917,0.0
GME,2009-11-04,20091104,6.07,6.09,5.92,5.934999942779541,5.93,23.72,13658000,-0.010017,0.0
GME,2009-11-05,20091105,5.98,6.12,5.93,6.047500133514404,6.05,24.2,12047200,0.020236,0.0
GME,2009-11-06,20091106,6.01,6.16,5.97,6.15749979019165,6.16,24.64,9437600,0.018182,0.0
GME,2009-11-09,20091109,6.25,6.4,6.21,6.375,6.38,25.52,12618800,0.035714,0.0
GME,2009-11-10,20091110,6.51,6.51,6.23,6.295000076293945,6.3,25.2,17291600,-0.012539,0.0
GME,2009-11-11,20091111,6.28,6.28,6.0,6.107500076293945,6.11,24.44,24894000,-0.030159,0.0
GME,2009-11-12,20091112,6.04,6.2,6.04,6.15500020980835,6.16,24.64,17740800,0.008183,0.0
GME,2009-11-13,20091113,6.16,6.23,5.86,5.922500133514404,5.92,23.68,30455600,-0.038961,0.0
GME,2009-11-16,20091116,5.95,6.17,5.94,6.099999904632568,6.1,24.4,17727200,0.030405,0.0
GME,2009-11-17,20091117,6.08,6.09,5.87,5.992499828338623,5.99,23.96,13722800,-0.018033,0.0
GME,2009-11-18,20091118,6.04,6.05,5.95,6.022500038146973,6.02,24.08,16356400,0.005008,0.0
GME,2009-11-19,20091119,6.12,6.16,6.0,6.125,6.12,24.48,28052000,0.016611,0.0
GME,2009-11-20,20091120,6.1,6.41,6.1,6.372499942779541,6.37,25.48,24193200,0.04085,0.0
GME,2009-11-23,20091123,6.45,6.51,6.37,6.414999961853027,6.41,25.64,18866400,0.006279,0.0
GME,2009-11-24,20091124,6.43,6.47,6.29,6.320000171661377,6.32,25.28,15699200,-0.014041,0.0
GME,2009-11-25,20091125,6.34,6.43,6.28,6.400000095367432,6.4,25.6,12368400,0.012658,0.0
GME,2009-11-27,20091127,6.24,6.36,6.18,6.329999923706055,6.33,25.32,7013600,-0.010938,0.0
GME,2009-11-30,20091130,6.33,6.34,5.94,6.102499961853027,6.1,24.4,32250400,-0.036335,0.0
GME,2009-12-01,20091201,6.16,6.2,5.93,5.960000038146973,5.96,23.84,24110000,-0.022951,0.0
GME,2009-12-02,20091202,5.77,5.84,5.34,5.46750020980835,5.47,21.88,82857600,-0.082215,0.0
GME,2009-12-03,20091203,5.54,5.57,5.34,5.337500095367432,5.34,21.36,32134000,-0.023766,0.0
GME,2009-12-04,20091204,5.4,5.44,5.24,5.332499980926514,5.33,21.32,28291600,-0.001873,0.0
GME,2009-12-07,20091207,5.3,5.5,5.28,5.482500076293945,5.48,21.92,29156400,0.028143,0.0
GME,2009-12-08,20091208,5.29,5.37,5.22,5.337500095367432,5.34,21.36,24618400,-0.025547,0.0
GME,2009-12-09,20091209,5.34,5.34,5.17,5.204999923706055,5.2,20.8,25552400,-0.026217,0.0
GME,2009-12-10,20091210,5.23,5.3,5.22,5.295000076293945,5.3,21.2,21166400,0.019231,0.0
GME,2009-12-11,20091211,5.59,5.62,5.36,5.429999828338623,5.43,21.72,43557200,0.024528,0.0
GME,2009-12-14,20091214,5.49,5.6,5.43,5.570000171661377,5.57,22.28,18072000,0.025783,0.0
GME,2009-12-15,20091215,5.53,5.58,5.48,5.577499866485596,5.58,22.32,15962000,0.001795,0.0
GME,2009-12-16,20091216,5.6,5.63,5.56,5.610000133514404,5.61,22.44,13728400,0.005376,0.0
GME,2009-12-17,20091217,5.6,5.66,5.53,5.662499904632568,5.66,22.64,16027200,0.008913,0.0
GME,2009-12-18,20091218,5.66,5.69,5.57,5.619999885559082,5.62,22.48,17775600,-0.007067,0.0
GME,2009-12-21,20091221,5.62,5.68,5.61,5.65500020980835,5.66,22.64,9394400,0.007117,0.0
GME,2009-12-22,20091222,5.66,5.66,5.54,5.554999828338623,5.55,22.2,12574000,-0.019435,0.0
GME,2009-12-23,20091223,5.53,5.57,5.48,5.502500057220459,5.5,22.0,14990800,-0.009009,0.0
GME,2009-12-24,20091224,5.5,5.53,5.49,5.502500057220459,5.5,22.0,3045600,0.0,0.0
GME,2009-12-28,20091228,5.55,5.61,5.53,5.559999942779541,5.56,22.24,12622400,0.010909,0.0
GME,2009-12-29,20091229,5.58,5.58,5.52,5.542500019073486,5.54,22.16,9635200,-0.003597,0.0
GME,2009-12-30,20091230,5.54,5.55,5.51,5.542500019073486,5.54,22.16,6336000,0.0,0.0
GME,2009-12-31,20091231,5.52,5.55,5.49,5.485000133514404,5.49,21.96,8567200,-0.009025,0.0
GME,2010-01-04,20100104,5.52,5.74,5.5,5.724999904632568,5.72,22.88,26702800,0.041894,0.0
GME,2010-01-05,20100105,5.73,5.93,5.72,5.880000114440918,5.88,23.52,21269600,0.027972,0.0
GME,2010-01-06,20100106,5.86,6.03,5.8,6.007500171661377,6.01,24.04,21471200,0.022109,0.0
GME,2010-01-07,20100107,5.0,5.29,4.86,5.114999771118164,5.11,20.44,164761200,-0.14975,0.0
GME,2010-01-08,20100108,5.16,5.31,5.06,5.072500228881836,5.07,20.28,47872400,-0.007828,0.0
GME,2010-01-11,20100111,5.14,5.15,5.03,5.079999923706055,5.08,20.32,28085200,0.001972,0.0
GME,2010-01-12,20100112,5.16,5.2,5.07,5.192500114440918,5.19,20.76,28486000,0.021654,0.0
GME,2010-01-13,20100113,5.21,5.22,5.16,5.197500228881836,5.2,20.8,17787600,0.001927,0.0
GME,2010-01-14,20100114,5.18,5.21,5.1,5.125,5.12,20.48,27087600,-0.015385,0.0
GME,2010-01-15,20100115,5.12,5.17,5.1,5.125,5.12,20.48,24515200,0.0,0.0
GME,2010-01-19,20100119,5.16,5.2,5.1,5.202499866485596,5.2,20.8,16406800,0.015625,0.0
GME,2010-01-20,20100120,5.16,5.19,5.1,5.127500057220459,5.13,20.52,16296800,-0.013462,0.0
GME,2010-01-21,20100121,5.11,5.16,5.08,5.105000019073486,5.11,20.44,17704000,-0.003899,0.0
GME,2010-01-22,20100122,5.11,5.11,4.99,5.007500171661377,5.01,20.04,13537600,-0.019569,0.0
GME,2010-01-25,20100125,5.03,5.07,4.97,4.982500076293945,4.98,19.92,14026400,-0.005988,0.0
GME,2010-01-26,20100126,4.96,5.01,4.88,4.909999847412109,4.91,19.64,25002400,-0.014056,0.0
GME,2010-01-27,20100127,4.92,5.0,4.88,4.985000133514404,4.99,19.96,26276000,0.016293,0.0
GME,2010-01-28,20100128,5.0,5.0,4.94,4.965000152587891,4.97,19.88,17192800,-0.004008,0.0
GME,2010-01-29,20100129,4.99,5.01,4.93,4.942500114440918,4.94,19.76,18107600,-0.006036,0.0
GME,2010-02-01,20100201,4.99,5.02,4.91,4.982500076293945,4.98,19.92,22914400,0.008097,0.0
GME,2010-02-02,20100202,4.99,5.07,4.97,5.057499885559082,5.06,20.24,17193200,0.016064,0.0
GME,2010-02-03,20100203,5.07,5.14,5.01,5.127500057220459,5.13,20.52,13012000,0.013834,0.0
GME,2010-02-04,20100204,5.09,5.11,4.99,5.025000095367432,5.03,20.12,20178400,-0.019493,0.0
GME,2010-02-05,20100205,5.04,5.08,4.97,5.037499904632568,5.04,20.16,13127200,0.001988,0.0
GME,2010-02-08,20100208,5.03,5.03,4.92,4.922500133514404,4.92,19.68,16622400,-0.02381,0.0
GME,2010-02-09,20100209,4.74,4.79,4.57,4.704999923706055,4.7,18.8,44096400,-0.044715,0.0
GME,2010-02-10,20100210,4.7,4.82,4.7,4.792500019073486,4.79,19.16,22481600,0.019149,0.0
GME,2010-02-11,20100211,4.8,4.88,4.78,4.840000152587891,4.84,19.36,16944400,0.010438,0.0
GME,2010-02-12,20100212,4.81,4.82,4.7,4.792500019073486,4.79,19.16,19654800,-0.010331,0.0
GME,2010-02-16,20100216,4.8,4.81,4.71,4.747499942779541,4.75,19.0,15120800,-0.008351,0.0
GME,2010-02-17,20100217,4.74,4.83,4.74,4.820000171661377,4.82,19.28,12235200,0.014737,0.0
GME,2010-02-18,20100218,4.81,4.88,4.78,4.855000019073486,4.86,19.44,9183200,0.008299,0.0
GME,2010-02-19,20100219,4.83,4.86,4.81,4.827499866485596,4.83,19.32,11946800,-0.006173,0.0
GME,2010-02-22,20100222,4.84,4.84,4.75,4.769999980926514,4.77,19.08,10532800,-0.012422,0.0
GME,2010-02-23,20100223,4.75,4.78,4.7,4.71750020980835,4.72,18.88,14362000,-0.010482,0.0
GME,2010-02-24,20100224,4.74,4.74,4.68,4.715000152587891,4.72,18.88,15390400,0.0,0.0
GME,2010-02-25,20100225,4.37,4.38,4.28,4.377500057220459,4.38,17.52,65709600,-0.072034,0.0
GME,2010-02-26,20100226,4.4,4.44,4.28,4.300000190734863,4.3,17.2,27936800,-0.018265,0.0
GME,2010-03-01,20100301,4.32,4.39,4.32,4.372499942779541,4.37,17.48,18755200,0.016279,0.0
GME,2010-03-02,20100302,4.39,4.43,4.34,4.372499942779541,4.37,17.48,13546400,0.0,0.0
GME,2010-03-03,20100303,4.39,4.49,4.37,4.462500095367432,4.46,17.84,18618800,0.020595,0.0
GME,2010-03-04,20100304,4.47,4.54,4.41,4.447500228881836,4.45,17.8,19592400,-0.002242,0.0
GME,2010-03-05,20100305,4.46,4.54,4.44,4.519999980926514,4.52,18.08,17628800,0.01573,0.0
GME,2010-03-08,20100308,4.53,4.65,4.52,4.617499828338623,4.62,18.48,14404400,0.022124,0.0
GME,2010-03-09,20100309,4.61,4.64,4.47,4.514999866485596,4.51,18.04,20690400,-0.02381,0.0
GME,2010-03-10,20100310,4.51,4.59,4.49,4.570000171661377,4.57,18.28,15324000,0.013304,0.0
GME,2010-03-11,20100311,4.56,4.93,4.53,4.837500095367432,4.84,19.36,70812800,0.059081,0.0
GME,2010-03-12,20100312,4.88,4.96,4.78,4.802499771118164,4.8,19.2,19390800,-0.008264,0.0
GME,2010-03-15,20100315,4.8,4.86,4.68,4.849999904632568,4.85,19.4,16786000,0.010417,0.0
GME,2010-03-16,20100316,4.87,4.87,4.78,4.852499961853027,4.85,19.4,14022800,0.0,0.0
GME,2010-03-17,20100317,4.85,4.98,4.82,4.965000152587891,4.97,19.88,29221600,0.024742,0.0
GME,2010-03-18,20100318,5.38,5.53,5.26,5.289999961853027,5.29,21.16,75227200,0.064386,0.0
GME,2010-03-19,20100319,5.28,5.34,5.22,5.277500152587891,5.28,21.12,31450800,-0.00189,0.0
GME,2010-03-22,20100322,5.41,5.5,5.35,5.400000095367432,5.4,21.6,32534400,0.022727,0.0
GME,2010-03-23,20100323,5.39,5.57,5.36,5.550000190734863,5.55,22.2,29708800,0.027778,0.0
GME,2010-03-24,20100324,5.51,5.51,5.38,5.427499771118164,5.43,21.72,22520800,-0.021622,0.0
GME,2010-03-25,20100325,5.5,5.55,5.43,5.445000171661377,5.45,21.8,17515200,0.003683,0.0
GME,2010-03-26,20100326,5.45,5.5,5.39,5.5,5.5,22.0,11542800,0.009174,0.0
GME,2010-03-29,20100329,5.53,5.57,5.43,5.442500114440918,5.44,21.76,13868000,-0.010909,0.0
GME,2010-03-30,20100330,5.44,5.51,5.41,5.454999923706055,5.45,21.8,11360400,0.001838,0.0
GME,2010-03-31,20100331,5.41,5.51,5.41,5.477499961853027,5.48,21.92,17516000,0.005505,0.0
GME,2010-04-01,20100401,5.48,5.62,5.48,5.599999904632568,5.6,22.4,15999600,0.021898,0.0
GME,2010-04-05,20100405,5.61,5.66,5.59,5.659999847412109,5.66,22.64,12947600,0.010714,0.0
GME,2010-04-06,20100406,5.64,5.66,5.59,5.627500057220459,5.63,22.52,10560400,-0.0053,0.0
GME,2010-04-07,20100407,5.6,5.67,5.58,5.670000076293945,5.67,22.68,17577200,0.007105,0.0
GME,2010-04-08,20100408,5.66,5.8,5.62,5.78000020980835,5.78,23.12,17962800,0.0194,0.0
GME,2010-04-09,20100409,5.8,5.84,5.7,5.824999809265137,5.82,23.28,14136400,0.00692,0.0
GME,2010-04-12,20100412,5.84,5.91,5.8,5.867499828338623,5.87,23.48,17782800,0.008591,0.0
GME,2010-04-13,20100413,5.86,5.92,5.8,5.914999961853027,5.91,23.64,18796000,0.006814,0.0
GME,2010-04-14,20100414,5.94,6.0,5.91,5.987500190734863,5.99,23.96,20700800,0.013536,0.0
GME,2010-04-15,20100415,6.0,6.22,5.97,6.105000019073486,6.11,24.44,28872400,0.020033,0.0
GME,2010-04-16,20100416,6.38,6.39,6.14,6.202499866485596,6.2,24.8,44103600,0.01473,0.0
GME,2010-04-19,20100419,6.26,6.42,6.24,6.324999809265137,6.32,25.28,47649600,0.019355,0.0
GME,2010-04-20,20100420,6.37,6.39,6.28,6.349999904632568,6.35,25.4,27440000,0.004747,0.0
GME,2010-04-21,20100421,6.34,6.34,6.19,6.284999847412109,6.28,25.12,28300400,-0.011024,0.0
GME,2010-04-22,20100422,6.25,6.29,6.2,6.257500171661377,6.26,25.04,40112000,-0.003185,0.0
GME,2010-04-23,20100423,6.25,6.32,6.22,6.304999828338623,6.3,25.2,26032800,0.00639,0.0
GME,2010-04-26,20100426,6.28,6.39,6.24,6.364999771118164,6.36,25.44,21112000,0.009524,0.0
GME,2010-04-27,20100427,6.33,6.44,6.11,6.135000228881836,6.14,24.56,24509600,-0.034591,0.0
GME,2010-04-28,20100428,6.15,6.27,6.11,6.179999828338623,6.18,24.72,14573600,0.006515,0.0
GME,2010-04-29,20100429,6.25,6.32,6.17,6.247499942779541,6.25,25.0,13401600,0.011327,0.0
GME,2010-04-30,20100430,6.26,6.28,6.05,6.077499866485596,6.08,24.32,16750000,-0.0272,0.0
GME,2010-05-03,20100503,6.15,6.33,6.08,6.284999847412109,6.28,25.12,13205200,0.032895,0.0
GME,2010-05-04,20100504,6.32,6.32,6.12,6.184999942779541,6.18,24.72,19578400,-0.015924,0.0
GME,2010-05-05,20100505,6.1,6.22,5.93,6.127500057220459,6.13,24.52,17316800,-0.008091,0.0
GME,2010-05-06,20100506,6.07,6.11,5.52,5.795000076293945,5.8,23.2,26537200,-0.053834,0.0
GME,2010-05-07,20100507,5.75,5.84,5.48,5.644999980926514,5.64,22.56,28214400,-0.027586,0.0
GME,2010-05-10,20100510,5.9,5.98,5.73,5.824999809265137,5.82,23.28,19441200,0.031915,0.0
GME,2010-05-11,20100511,5.72,5.82,5.56,5.735000133514404,5.74,22.96,25358000,-0.013746,0.0
GME,2010-05-12,20100512,5.7,5.81,5.57,5.784999847412109,5.78,23.12,20704000,0.006969,0.0
GME,2010-05-13,20100513,5.78,5.86,5.66,5.670000076293945,5.67,22.68,14396400,-0.019031,0.0
GME,2010-05-14,20100514,5.43,5.57,5.22,5.462500095367432,5.46,21.84,37874000,-0.037037,0.0
GME,2010-05-17,20100517,5.46,5.51,5.32,5.507500171661377,5.51,22.04,20410800,0.009158,0.0
GME,2010-05-18,20100518,5.55,5.6,5.33,5.352499961853027,5.35,21.4,17028000,-0.029038,0.0
GME,2010-05-19,20100519,5.34,5.38,5.18,5.317500114440918,5.32,21.28,25809600,-0.005607,0.0
GME,2010-05-20,20100520,5.39,5.71,5.15,5.15500020980835,5.16,20.64,58545600,-0.030075,0.0
GME,2010-05-21,20100521,5.12,5.4,5.07,5.324999809265137,5.32,21.28,24071200,0.031008,0.0
GME,2010-05-24,20100524,5.33,5.39,5.25,5.320000171661377,5.32,21.28,19369200,0.0,0.0
GME,2010-05-25,20100525,5.2,5.5,5.16,5.477499961853027,5.48,21.92,32569200,0.030075,0.0
GME,2010-05-26,20100526,5.52,5.55,5.4,5.414999961853027,5.41,21.64,20909200,-0.012774,0.0
GME,2010-05-27,20100527,5.64,5.76,5.62,5.744999885559082,5.74,22.96,19578400,0.060998,0.0
GME,2010-05-28,20100528,5.73,5.79,5.57,5.697500228881836,5.7,22.8,15776800,-0.006969,0.0
GME,2010-06-01,20100601,5.65,5.67,5.47,5.465000152587891,5.47,21.88,16959200,-0.040351,0.0
GME,2010-06-02,20100602,5.48,5.56,5.42,5.53249979019165,5.53,22.12,14154800,0.010969,0.0
GME,2010-06-03,20100603,5.54,5.68,5.51,5.670000076293945,5.67,22.68,13562000,0.025316,0.0
GME,2010-06-04,20100604,5.54,5.63,5.39,5.442500114440918,5.44,21.76,16968000,-0.040564,0.0
GME,2010-06-07,20100607,5.45,5.51,5.28,5.284999847412109,5.28,21.12,17799600,-0.029412,0.0
GME,2010-06-08,20100608,5.28,5.31,5.12,5.247499942779541,5.25,21.0,25142000,-0.005682,0.0
GME,2010-06-09,20100609,5.27,5.36,5.22,5.247499942779541,5.25,21.0,15337600,0.0,0.0
GME,2010-06-10,20100610,5.34,5.41,5.26,5.307499885559082,5.31,21.24,14132800,0.011429,0.0
GME,2010-06-11,20100611,5.26,5.51,5.21,5.414999961853027,5.41,21.64,20270000,0.018832,0.0
GME,2010-06-14,20100614,5.43,5.54,5.4,5.46999979019165,5.47,21.88,17182000,0.011091,0.0
GME,2010-06-15,20100615,5.48,5.54,4.95,5.177499771118164,5.18,20.72,86314800,-0.053016,0.0
GME,2010-06-16,20100616,5.14,5.15,4.87,4.909999847412109,4.91,19.64,40100400,-0.052124,0.0
GME,2010-06-17,20100617,4.91,4.95,4.8,4.840000152587891,4.84,19.36,26484400,-0.014257,0.0
GME,2010-06-18,20100618,4.84,4.87,4.78,4.802499771118164,4.8,19.2,24309600,-0.008264,0.0
GME,2010-06-21,20100621,4.88,4.88,4.68,4.715000152587891,4.72,18.88,19453600,-0.016667,0.0
GME,2010-06-22,20100622,4.72,4.8,4.68,4.707499980926514,4.71,18.84,19208800,-0.002119,0.0
GME,2010-06-23,20100623,4.69,4.76,4.63,4.722499847412109,4.72,18.88,14618800,0.002123,0.0
GME,2010-06-24,20100624,4.7,4.74,4.57,4.59250020980835,4.59,18.36,24058000,-0.027542,0.0
GME,2010-06-25,20100625,4.6,4.68,4.54,4.627500057220459,4.63,18.52,25433200,0.008715,0.0
GME,2010-06-28,20100628,4.58,4.72,4.54,4.6875,4.69,18.76,21330400,0.012959,0.0
GME,2010-06-29,20100629,4.64,4.64,4.49,4.579999923706055,4.58,18.32,27437600,-0.023454,0.0
GME,2010-06-30,20100630,4.59,4.72,4.56,4.697500228881836,4.7,18.8,32174400,0.026201,0.0
GME,2010-07-01,20100701,4.67,4.83,4.66,4.767499923706055,4.77,19.08,39145600,0.014894,0.0
GME,2010-07-02,20100702,4.76,4.8,4.56,4.567500114440918,4.57,18.28,22867200,-0.041929,0.0
GME,2010-07-06,20100706,4.6,4.71,4.56,4.599999904632568,4.6,18.4,16960800,0.006565,0.0
GME,2010-07-07,20100707,4.62,4.71,4.59,4.6875,4.69,18.76,16324400,0.019565,0.0
GME,2010-07-08,20100708,4.71,4.8,4.68,4.712500095367432,4.71,18.84,16996400,0.004264,0.0
GME,2010-07-09,20100709,4.7,4.78,4.64,4.757500171661377,4.76,19.04,10320000,0.010616,0.0
GME,2010-07-12,20100712,4.75,4.86,4.75,4.829999923706055,4.83,19.32,15144400,0.014706,0.0
GME,2010-07-13,20100713,4.88,4.93,4.82,4.877500057220459,4.88,19.52,12702800,0.010352,0.0
GME,2010-07-14,20100714,4.88,4.97,4.8,4.877500057220459,4.88,19.52,15780000,0.0,0.0
GME,2010-07-15,20100715,4.87,4.9,4.8,4.880000114440918,4.88,19.52,13475600,0.0,0.0
GME,2010-07-16,20100716,4.85,4.86,4.71,4.737500190734863,4.74,18.96,17426800,-0.028689,0.0
GME,2010-07-19,20100719,4.75,4.86,4.75,4.849999904632568,4.85,19.4,15486400,0.023207,0.0
GME,2010-07-20,20100720,4.78,4.95,4.77,4.949999809265137,4.95,19.8,11388000,0.020619,0.0
GME,2010-07-21,20100721,4.96,5.01,4.9,4.914999961853027,4.91,19.64,16517200,-0.008081,0.0
GME,2010-07-22,20100722,4.96,5.03,4.93,4.997499942779541,5.0,20.0,13131600,0.01833,0.0
GME,2010-07-23,20100723,4.98,5.12,4.95,5.125,5.12,20.48,12521600,0.024,0.0
GME,2010-07-26,20100726,5.11,5.22,5.08,5.222499847412109,5.22,20.88,7603600,0.019531,0.0
GME,2010-07-27,20100727,5.25,5.25,5.06,5.072500228881836,5.07,20.28,13526000,-0.028736,0.0
GME,2010-07-28,20100728,5.08,5.17,4.99,5.002500057220459,5.0,20.0,11020000,-0.013807,0.0
GME,2010-07-29,20100729,5.01,5.04,4.86,4.934999942779541,4.93,19.72,14032400,-0.014,0.0
GME,2010-07-30,20100730,4.88,5.02,4.85,5.012499809265137,5.01,20.04,9482400,0.016227,0.0
GME,2010-08-02,20100802,5.06,5.29,5.06,5.277500152587891,5.28,21.12,18259600,0.053892,0.0
GME,2010-08-03,20100803,5.27,5.27,5.13,5.164999961853027,5.16,20.64,9780400,-0.022727,0.0
GME,2010-08-04,20100804,5.2,5.37,5.17,5.315000057220459,5.32,21.28,14005600,0.031008,0.0
GME,2010-08-05,20100805,5.3,5.3,5.2,5.28249979019165,5.28,21.12,8965600,-0.007519,0.0
GME,2010-08-06,20100806,5.23,5.25,5.11,5.242499828338623,5.24,20.96,10918000,-0.007576,0.0
GME,2010-08-09,20100809,5.29,5.35,5.22,5.239999771118164,5.24,20.96,13735200,0.0,0.0
GME,2010-08-10,20100810,5.19,5.23,5.1,5.132500171661377,5.13,20.52,14230000,-0.020992,0.0
GME,2010-08-11,20100811,5.07,5.09,4.94,4.965000152587891,4.97,19.88,17867600,-0.031189,0.0
GME,2010-08-12,20100812,4.92,5.03,4.86,4.927499771118164,4.93,19.72,14706400,-0.008048,0.0
GME,2010-08-13,20100813,4.91,4.93,4.86,4.892499923706055,4.89,19.56,9609200,-0.008114,0.0
GME,2010-08-16,20100816,4.87,4.98,4.79,4.957499980926514,4.96,19.84,8584000,0.014315,0.0
GME,2010-08-17,20100817,5.0,5.05,4.94,5.005000114440918,5.01,20.04,6376800,0.010081,0.0
GME,2010-08-18,20100818,4.98,5.22,4.98,5.190000057220459,5.19,20.76,13283200,0.035928,0.0
GME,2010-08-19,20100819,4.84,4.92,4.71,4.764999866485596,4.76,19.04,47737200,-0.082852,0.0
GME,2010-08-20,20100820,4.74,4.78,4.64,4.702499866485596,4.7,18.8,16035600,-0.012605,0.0
GME,2010-08-23,20100823,4.73,4.75,4.58,4.605000019073486,4.61,18.44,11727200,-0.019149,0.0
GME,2010-08-24,20100824,4.56,4.63,4.49,4.585000038146973,4.59,18.36,13345600,-0.004338,0.0
GME,2010-08-25,20100825,4.53,4.64,4.51,4.605000019073486,4.61,18.44,13495600,0.004357,0.0
GME,2010-08-26,20100826,4.62,4.66,4.55,4.585000038146973,4.59,18.36,13732000,-0.004338,0.0
GME,2010-08-27,20100827,4.61,4.61,4.47,4.582499980926514,4.58,18.32,13263600,-0.002179,0.0
GME,2010-08-30,20100830,4.54,4.55,4.44,4.46750020980835,4.47,17.88,11451600,-0.024017,0.0
GME,2010-08-31,20100831,4.45,4.53,4.43,4.482500076293945,4.48,17.92,16536400,0.002237,0.0
GME,2010-09-01,20100901,4.54,4.62,4.51,4.570000171661377,4.57,18.28,12469200,0.020089,0.0
GME,2010-09-02,20100902,4.57,4.67,4.57,4.625,4.62,18.48,7676800,0.010941,0.0
GME,2010-09-03,20100903,4.67,4.78,4.67,4.752500057220459,4.75,19.0,7668000,0.028139,0.0
GME,2010-09-07,20100907,4.74,4.74,4.68,4.6875,4.69,18.76,6510400,-0.012632,0.0
GME,2010-09-08,20100908,4.67,4.72,4.62,4.642499923706055,4.64,18.56,8611600,-0.010661,0.0
GME,2010-09-09,20100909,4.67,4.69,4.58,4.59499979019165,4.59,18.36,8307200,-0.010776,0.0
GME,2010-09-10,20100910,4.61,4.63,4.55,4.5625,4.56,18.24,12256400,-0.006536,0.0
GME,2010-09-13,20100913,4.61,4.72,4.61,4.662499904632568,4.66,18.64,10225200,0.02193,0.0
GME,2010-09-14,20100914,4.68,4.75,4.65,4.652500152587891,4.65,18.6,12170800,-0.002146,0.0
GME,2010-09-15,20100915,4.62,4.68,4.59,4.647500038146973,4.65,18.6,8092800,0.0,0.0
GME,2010-09-16,20100916,4.89,5.05,4.81,4.849999904632568,4.85,19.4,44586000,0.043011,0.0
GME,2010-09-17,20100917,4.91,4.91,4.76,4.84250020980835,4.84,19.36,20073200,-0.002062,0.0
GME,2010-09-20,20100920,4.87,4.93,4.85,4.889999866485596,4.89,19.56,15766800,0.010331,0.0
GME,2010-09-21,20100921,4.89,4.94,4.82,4.869999885559082,4.87,19.48,13212800,-0.00409,0.0
GME,2010-09-22,20100922,4.86,4.89,4.82,4.875,4.88,19.52,10188800,0.002053,0.0
GME,2010-09-23,20100923,4.85,4.96,4.82,4.885000228881836,4.89,19.56,11340800,0.002049,0.0
GME,2010-09-24,20100924,4.96,5.01,4.91,4.980000019073486,4.98,19.92,11678800,0.018405,0.0
GME,2010-09-27,20100927,5.01,5.01,4.93,4.954999923706055,4.95,19.8,5881200,-0.006024,0.0
GME,2010-09-28,20100928,4.98,5.0,4.88,4.96999979019165,4.97,19.88,10490400,0.00404,0.0
GME,2010-09-29,20100929,4.95,4.99,4.91,4.925000190734863,4.93,19.72,6109200,-0.008048,0.0
GME,2010-09-30,20100930,4.95,4.99,4.84,4.927499771118164,4.93,19.72,8918000,0.0,0.0
GME,2010-10-01,20101001,4.99,5.01,4.88,5.0,5.0,20.0,11784400,0.014199,0.0
GME,2010-10-04,20101004,4.97,5.0,4.91,4.972499847412109,4.97,19.88,8826400,-0.006,0.0
GME,2010-10-05,20101005,5.02,5.15,5.01,5.059999942779541,5.06,20.24,12304400,0.018109,0.0
GME,2010-10-06,20101006,5.05,5.09,5.02,5.052499771118164,5.05,20.2,9574800,-0.001976,0.0
GME,2010-10-07,20101007,5.07,5.09,4.96,4.980000019073486,4.98,19.92,8383200,-0.013861,0.0
GME,2010-10-08,20101008,4.98,5.05,4.96,5.019999980926514,5.02,20.08,8096400,0.008032,0.0
GME,2010-10-11,20101011,5.02,5.1,5.0,5.09250020980835,5.09,20.36,9967200,0.013944,0.0
GME,2010-10-12,20101012,5.04,5.05,4.88,4.949999809265137,4.95,19.8,21450800,-0.027505,0.0
GME,2010-10-13,20101013,4.97,4.97,4.81,4.8125,4.81,19.24,20300800,-0.028283,0.0
GME,2010-10-14,20101014,4.81,4.85,4.66,4.704999923706055,4.7,18.8,22972000,-0.022869,0.0
GME,2010-10-15,20101015,4.71,4.74,4.55,4.579999923706055,4.58,18.32,30591200,-0.025532,0.0
GME,2010-10-18,20101018,4.61,4.66,4.48,4.567500114440918,4.57,18.28,25016000,-0.002183,0.0
GME,2010-10-19,20101019,4.52,4.67,4.51,4.605000019073486,4.61,18.44,28256400,0.008753,0.0
GME,2010-10-20,20101020,4.62,4.78,4.58,4.739999771118164,4.74,18.96,22742800,0.0282,0.0
GME,2010-10-21,20101021,4.75,4.78,4.73,4.760000228881836,4.76,19.04,13030400,0.004219,0.0
GME,2010-10-22,20101022,4.77,4.79,4.73,4.78249979019165,4.78,19.12,9695200,0.004202,0.0
GME,2010-10-25,20101025,4.81,4.85,4.76,4.807499885559082,4.81,19.24,12758000,0.006276,0.0
GME,2010-10-26,20101026,4.78,4.87,4.75,4.849999904632568,4.85,19.4,8827200,0.008316,0.0
GME,2010-10-27,20101027,4.82,4.85,4.76,4.84499979019165,4.84,19.36,13015600,-0.002062,0.0
GME,2010-10-28,20101028,4.88,4.9,4.82,4.852499961853027,4.85,19.4,8272400,0.002066,0.0
GME,2010-10-29,20101029,4.84,4.91,4.8,4.912499904632568,4.91,19.64,9536000,0.012371,0.0
GME,2010-11-01,20101101,4.93,4.95,4.79,4.827499866485596,4.83,19.32,9892000,-0.016293,0.0
GME,2010-11-02,20101102,4.86,4.93,4.82,4.894999980926514,4.89,19.56,7034400,0.012422,0.0
GME,2010-11-03,20101103,4.91,4.96,4.84,4.887499809265137,4.89,19.56,10092400,0.0,0.0
GME,2010-11-04,20101104,4.91,4.99,4.91,4.987500190734863,4.99,19.96,11070400,0.02045,0.0
GME,2010-11-05,20101105,4.97,5.09,4.96,4.997499942779541,5.0,20.0,14497200,0.002004,0.0
GME,2010-11-08,20101108,5.0,5.19,4.94,5.132500171661377,5.13,20.52,14281600,0.026,0.0
GME,2010-11-09,20101109,5.15,5.17,5.04,5.047500133514404,5.05,20.2,15514000,-0.015595,0.0
GME,2010-11-10,20101110,5.05,5.09,5.01,5.034999847412109,5.03,20.12,16176400,-0.00396,0.0
GME,2010-11-11,20101111,5.0,5.29,4.95,5.275000095367432,5.28,21.12,29224000,0.049702,0.0
GME,2010-11-12,20101112,5.25,5.3,5.16,5.207499980926514,5.21,20.84,13454000,-0.013258,0.0
GME,2010-11-15,20101115,5.24,5.26,5.17,5.179999828338623,5.18,20.72,8705200,-0.005758,0.0
GME,2010-11-16,20101116,5.15,5.3,5.14,5.212500095367432,5.21,20.84,23330800,0.005792,0.0
GME,2010-11-17,20101117,5.36,5.53,5.24,5.25,5.25,21.0,46576000,0.007678,0.0
GME,2010-11-18,20101118,5.12,5.42,5.01,5.099999904632568,5.1,20.4,44690400,-0.028571,0.0
GME,2010-11-19,20101119,5.09,5.1,4.97,5.03000020980835,5.03,20.12,14322800,-0.013725,0.0
GME,2010-11-22,20101122,5.03,5.16,5.01,5.09499979019165,5.09,20.36,13339600,0.011928,0.0
GME,2010-11-23,20101123,5.06,5.11,5.03,5.052499771118164,5.05,20.2,8614400,-0.007859,0.0
GME,2010-11-24,20101124,5.09,5.12,5.04,5.087500095367432,5.09,20.36,7475200,0.007921,0.0
GME,2010-11-26,20101126,5.08,5.18,5.06,5.125,5.12,20.48,4770000,0.005894,0.0
GME,2010-11-29,20101129,5.09,5.11,5.02,5.03000020980835,5.03,20.12,10330400,-0.017578,0.0
GME,2010-11-30,20101130,5.0,5.07,4.97,4.980000019073486,4.98,19.92,12746000,-0.00994,0.0
GME,2010-12-01,20101201,5.05,5.12,4.97,5.067500114440918,5.07,20.28,17286400,0.018072,0.0
GME,2010-12-02,20101202,5.08,5.31,5.05,5.287499904632568,5.29,21.16,21618400,0.043393,0.0
GME,2010-12-03,20101203,5.28,5.35,5.25,5.332499980926514,5.33,21.32,15067200,0.007561,0.0
GME,2010-12-06,20101206,5.33,5.35,5.26,5.3125,5.31,21.24,8966800,-0.003752,0.0
GME,2010-12-07,20101207,5.35,5.39,5.34,5.360000133514404,5.36,21.44,12620400,0.009416,0.0
GME,2010-12-08,20101208,5.37,5.41,5.3,5.329999923706055,5.33,21.32,10954000,-0.005597,0.0
GME,2010-12-09,20101209,5.37,5.43,5.35,5.409999847412109,5.41,21.64,10022800,0.015009,0.0
GME,2010-12-10,20101210,5.43,5.57,5.43,5.559999942779541,5.56,22.24,14664800,0.027726,0.0
GME,2010-12-13,20101213,5.59,5.59,5.44,5.480000019073486,5.48,21.92,14086800,-0.014388,0.0
GME,2010-12-14,20101214,5.43,5.47,5.32,5.434999942779541,5.43,21.72,16030000,-0.009124,0.0
GME,2010-12-15,20101215,5.43,5.5,5.38,5.389999866485596,5.39,21.56,15179200,-0.007366,0.0
GME,2010-12-16,20101216,5.41,5.44,5.32,5.427499771118164,5.43,21.72,9459600,0.007421,0.0
GME,2010-12-17,20101217,5.41,5.46,5.38,5.417500019073486,5.42,21.68,9826000,-0.001842,0.0
GME,2010-12-20,20101220,5.45,5.46,5.31,5.315000057220459,5.32,21.28,13609200,-0.01845,0.0
GME,2010-12-21,20101221,5.34,5.42,5.32,5.409999847412109,5.41,21.64,7195200,0.016917,0.0
GME,2010-12-22,20101222,5.42,5.45,5.36,5.425000190734863,5.43,21.72,5863600,0.003697,0.0
GME,2010-12-23,20101223,5.43,5.58,5.42,5.554999828338623,5.55,22.2,12488400,0.022099,0.0
GME,2010-12-27,20101227,5.53,5.61,5.52,5.5625,5.56,22.24,7621600,0.001802,0.0
GME,2010-12-28,20101228,5.56,5.64,5.53,5.630000114440918,5.63,22.52,7936000,0.01259,0.0
GME,2010-12-29,20101229,5.64,5.66,5.6,5.627500057220459,5.63,22.52,7957600,0.0,0.0
GME,2010-12-30,20101230,5.63,5.75,5.62,5.737500190734863,5.74,22.96,12323200,0.019538,0.0
GME,2010-12-31,20101231,5.74,5.75,5.68,5.71999979019165,5.72,22.88,6328800,-0.003484,0.0
GME,2011-01-03,20110103,5.77,5.81,5.72,5.727499961853027,5.73,22.92,9595200,0.001748,0.0
GME,2011-01-04,20110104,5.74,5.74,5.62,5.625,5.62,22.48,11084000,-0.019197,0.0
GME,2011-01-05,20110105,5.62,5.66,5.47,5.472499847412109,5.47,21.88,24244800,-0.02669,0.0
GME,2011-01-06,20110106,5.32,5.33,5.14,5.15749979019165,5.16,20.64,45365600,-0.056673,0.0
GME,2011-01-07,20110107,5.16,5.24,5.05,5.192500114440918,5.19,20.76,23160800,0.005814,0.0
GME,2011-01-10,20110110,5.16,5.19,5.07,5.175000190734863,5.18,20.72,14912000,-0.001927,0.0
GME,2011-01-11,20110111,5.16,5.18,5.03,5.047500133514404,5.05,20.2,17895600,-0.025097,0.0
GME,2011-01-12,20110112,5.06,5.19,5.05,5.167500019073486,5.17,20.68,18063200,0.023762,0.0
GME,2011-01-13,20110113,5.16,5.25,5.14,5.150000095367432,5.15,20.6,14550400,-0.003868,0.0
GME,2011-01-14,20110114,5.15,5.16,5.08,5.09250020980835,5.09,20.36,16853600,-0.01165,0.0
GME,2011-01-18,20110118,5.11,5.14,5.03,5.09250020980835,5.09,20.36,11729200,0.0,0.0
GME,2011-01-19,20110119,5.08,5.13,5.03,5.114999771118164,5.11,20.44,15343600,0.003929,0.0
GME,2011-01-20,20110120,5.11,5.26,5.11,5.252500057220459,5.25,21.0,19676800,0.027397,0.0
GME,2011-01-21,20110121,5.3,5.3,5.2,5.224999904632568,5.22,20.88,17216000,-0.005714,0.0
GME,2011-01-24,20110124,5.21,5.27,5.12,5.272500038146973,5.27,21.08,11408800,0.009579,0.0
GME,2011-01-25,20110125,5.25,5.27,5.2,5.264999866485596,5.26,21.04,11108400,-0.001898,0.0
GME,2011-01-26,20110126,5.27,5.31,5.23,5.260000228881836,5.26,21.04,8602800,0.0,0.0
GME,2011-01-27,20110127,5.26,5.31,5.24,5.267499923706055,5.27,21.08,13016400,0.001901,0.0
GME,2011-01-28,20110128,5.27,5.3,5.17,5.244999885559082,5.24,20.96,13380400,-0.005693,0.0
GME,2011-01-31,20110131,5.27,5.3,5.21,5.267499923706055,5.27,21.08,8538000,0.005725,0.0
GME,2011-02-01,20110201,5.28,5.3,5.13,5.137499809265137,5.14,20.56,16999600,-0.024668,0.0
GME,2011-02-02,20110202,5.11,5.11,4.93,4.954999923706055,4.95,19.8,30396000,-0.036965,0.0
GME,2011-02-03,20110203,4.95,5.05,4.8,4.875,4.88,19.52,25717600,-0.014141,0.0
GME,2011-02-04,20110204,4.92,5.08,4.92,5.012499809265137,5.01,20.04,23932800,0.026639,0.0
GME,2011-02-07,20110207,5.03,5.07,5.01,5.034999847412109,5.03,20.12,14493200,0.003992,0.0
GME,2011-02-08,20110208,5.03,5.04,4.96,5.005000114440918,5.01,20.04,18070400,-0.003976,0.0
GME,2011-02-09,20110209,5.01,5.03,4.91,4.925000190734863,4.93,19.72,15080800,-0.015968,0.0
GME,2011-02-10,20110210,4.89,5.17,4.88,5.09250020980835,5.09,20.36,24326000,0.032454,0.0
GME,2011-02-11,20110211,5.07,5.1,5.02,5.070000171661377,5.07,20.28,16693600,-0.003929,0.0
GME,2011-02-14,20110214,4.92,5.0,4.89,4.96750020980835,4.97,19.88,19096800,-0.019724,0.0
GME,2011-02-15,20110215,4.95,5.04,4.95,5.010000228881836,5.01,20.04,17814400,0.008048,0.0
GME,2011-02-16,20110216,5.03,5.08,4.99,5.067500114440918,5.07,20.28,17260400,0.011976,0.0
GME,2011-02-17,20110217,5.05,5.14,5.01,5.027500152587891,5.03,20.12,12615200,-0.00789,0.0
GME,2011-02-18,20110218,5.04,5.09,4.97,4.987500190734863,4.99,19.96,14541600,-0.007952,0.0
GME,2011-02-22,20110222,5.0,5.01,4.89,4.920000076293945,4.92,19.68,21687200,-0.014028,0.0
GME,2011-02-23,20110223,4.93,4.97,4.89,4.920000076293945,4.92,19.68,16189600,0.0,0.0
GME,2011-02-24,20110224,4.92,4.93,4.86,4.877500057220459,4.88,19.52,14920000,-0.00813,0.0
GME,2011-02-25,20110225,4.91,4.97,4.87,4.962500095367432,4.96,19.84,9886000,0.016393,0.0
GME,2011-02-28,20110228,5.0,5.0,4.94,4.987500190734863,4.99,19.96,8912400,0.006048,0.0
GME,2011-03-01,20110301,4.99,5.01,4.91,4.929999828338623,4.93,19.72,15414400,-0.012024,0.0
GME,2011-03-02,20110302,4.91,4.98,4.9,4.925000190734863,4.93,19.72,11159600,0.0,0.0
GME,2011-03-03,20110303,4.95,5.04,4.91,5.03249979019165,5.03,20.12,13021200,0.020284,0.0
GME,2011-03-04,20110304,5.01,5.03,4.98,5.012499809265137,5.01,20.04,9802800,-0.003976,0.0
GME,2011-03-07,20110307,5.03,5.07,4.92,4.927499771118164,4.93,19.72,14274400,-0.015968,0.0
GME,2011-03-08,20110308,4.93,5.01,4.86,4.954999923706055,4.95,19.8,9460400,0.004057,0.0
GME,2011-03-09,20110309,4.95,4.97,4.93,4.940000057220459,4.94,19.76,15137200,-0.00202,0.0
GME,2011-03-10,20110310,4.92,4.95,4.88,4.894999980926514,4.89,19.56,20054400,-0.010121,0.0
GME,2011-03-11,20110311,4.86,4.98,4.86,4.942500114440918,4.94,19.76,13231600,0.010225,0.0
GME,2011-03-14,20110314,4.91,5.03,4.9,4.954999923706055,4.95,19.8,16224400,0.002024,0.0
GME,2011-03-15,20110315,4.86,5.17,4.86,5.132500171661377,5.13,20.52,26211600,0.036364,0.0
GME,2011-03-16,20110316,5.11,5.21,5.08,5.135000228881836,5.14,20.56,21472400,0.001949,0.0
GME,2011-03-17,20110317,5.2,5.33,5.18,5.244999885559082,5.24,20.96,17913200,0.019455,0.0
GME,2011-03-18,20110318,5.29,5.29,5.15,5.239999771118164,5.24,20.96,22613600,0.0,0.0
GME,2011-03-21,20110321,5.28,5.31,5.23,5.297500133514404,5.3,21.2,14425600,0.01145,0.0
GME,2011-03-22,20110322,5.3,5.32,5.25,5.255000114440918,5.26,21.04,10503600,-0.007547,0.0
GME,2011-03-23,20110323,5.24,5.3,5.17,5.277500152587891,5.28,21.12,15660000,0.003802,0.0
GME,2011-03-24,20110324,5.55,5.6,5.38,5.432499885559082,5.43,21.72,36630400,0.028409,0.0
GME,2011-03-25,20110325,5.46,5.51,5.43,5.429999828338623,5.43,21.72,20421600,0.0,0.0
GME,2011-03-28,20110328,5.45,5.51,5.45,5.492499828338623,5.49,21.96,11341600,0.01105,0.0
GME,2011-03-29,20110329,5.49,5.61,5.48,5.579999923706055,5.58,22.32,15980000,0.016393,0.0
GME,2011-03-30,20110330,5.63,5.7,5.56,5.65749979019165,5.66,22.64,14192400,0.014337,0.0
GME,2011-03-31,20110331,5.64,5.66,5.57,5.630000114440918,5.63,22.52,11223200,-0.0053,0.0
GME,2011-04-01,20110401,5.67,5.76,5.64,5.730000019073486,5.73,22.92,21412000,0.017762,0.0
GME,2011-04-04,20110404,5.73,5.78,5.62,5.642499923706055,5.64,22.56,10445200,-0.015707,0.0
GME,2011-04-05,20110405,5.64,6.0,5.63,5.894999980926514,5.89,23.56,26934800,0.044326,0.0
GME,2011-04-06,20110406,5.89,6.05,5.89,5.974999904632568,5.97,23.88,19400000,0.013582,0.0
GME,2011-04-07,20110407,5.99,6.1,5.97,6.007500171661377,6.01,24.04,19617200,0.0067,0.0
GME,2011-04-08,20110408,6.01,6.05,5.89,5.952499866485596,5.95,23.8,15777600,-0.009983,0.0
GME,2011-04-11,20110411,5.93,6.02,5.91,5.9375,5.94,23.76,15544400,-0.001681,0.0
GME,2011-04-12,20110412,5.91,6.04,5.89,5.949999809265137,5.95,23.8,15611600,0.001684,0.0
GME,2011-04-13,20110413,5.99,6.41,5.98,6.340000152587891,6.34,25.36,64732400,0.065546,0.0
GME,2011-04-14,20110414,6.32,6.55,6.29,6.352499961853027,6.35,25.4,42023200,0.001577,0.0
GME,2011-04-15,20110415,6.31,6.62,6.25,6.599999904632568,6.6,26.4,43878800,0.03937,0.0
GME,2011-04-18,20110418,6.55,6.66,6.41,6.534999847412109,6.53,26.12,38931600,-0.010606,0.0
GME,2011-04-19,20110419,6.53,6.65,6.52,6.639999866485596,6.64,26.56,17207200,0.016845,0.0
GME,2011-04-20,20110420,6.7,6.74,6.58,6.587500095367432,6.59,26.36,20801600,-0.00753,0.0
GME,2011-04-21,20110421,6.57,6.72,6.5,6.635000228881836,6.64,26.56,21595200,0.007587,0.0
GME,2011-04-25,20110425,6.63,6.64,6.52,6.622499942779541,6.62,26.48,17385600,-0.003012,0.0
GME,2011-04-26,20110426,6.61,6.66,6.55,6.572500228881836,6.57,26.28,14800000,-0.007553,0.0
GME,2011-04-27,20110427,6.6,6.65,6.53,6.554999828338623,6.55,26.2,17640400,-0.003044,0.0
GME,2011-04-28,20110428,6.53,6.62,6.53,6.550000190734863,6.55,26.2,11770000,0.0,0.0
GME,2011-04-29,20110429,6.47,6.52,6.4,6.420000076293945,6.42,25.68,21600000,-0.019847,0.0
GME,2011-05-02,20110502,6.54,6.62,6.41,6.445000171661377,6.45,25.8,15980000,0.004673,0.0
GME,2011-05-03,20110503,6.42,6.53,6.42,6.465000152587891,6.47,25.88,12833600,0.003101,0.0
GME,2011-05-04,20110504,6.45,6.53,6.36,6.420000076293945,6.42,25.68,12828400,-0.007728,0.0
GME,2011-05-05,20110505,6.41,6.53,6.4,6.46750020980835,6.47,25.88,13301200,0.007788,0.0
GME,2011-05-06,20110506,6.52,6.54,6.34,6.364999771118164,6.36,25.44,12817600,-0.017002,0.0
GME,2011-05-09,20110509,6.37,6.41,6.32,6.369999885559082,6.37,25.48,7954400,0.001572,0.0
GME,2011-05-10,20110510,6.39,6.47,6.36,6.445000171661377,6.45,25.8,9244800,0.012559,0.0
GME,2011-05-11,20110511,6.43,6.47,6.35,6.449999809265137,6.45,25.8,8936000,0.0,0.0
GME,2011-05-12,20110512,6.45,6.5,6.38,6.482500076293945,6.48,25.92,10474000,0.004651,0.0
GME,2011-05-13,20110513,6.64,6.92,6.63,6.679999828338623,6.68,26.72,22156000,0.030864,0.0
GME,2011-05-16,20110516,6.68,6.68,6.53,6.619999885559082,6.62,26.48,17397600,-0.008982,0.0
GME,2011-05-17,20110517,6.55,6.64,6.51,6.587500095367432,6.59,26.36,11913600,-0.004532,0.0
GME,2011-05-18,20110518,6.62,6.7,6.58,6.670000076293945,6.67,26.68,14644000,0.01214,0.0
GME,2011-05-19,20110519,6.36,6.86,6.14,6.829999923706055,6.83,27.32,55522800,0.023988,0.0
GME,2011-05-20,20110520,6.86,7.05,6.8,6.96999979019165,6.97,27.88,30978000,0.020498,0.0
GME,2011-05-23,20110523,6.91,7.01,6.85,6.914999961853027,6.91,27.64,16475600,-0.008608,0.0
GME,2011-05-24,20110524,6.93,7.16,6.9,6.90500020980835,6.91,27.64,24013200,0.0,0.0
GME,2011-05-25,20110525,6.87,6.99,6.73,6.9375,6.94,27.76,20483600,0.004342,0.0
GME,2011-05-26,20110526,6.93,6.98,6.87,6.9375,6.94,27.76,10902400,0.0,0.0
GME,2011-05-27,20110527,6.98,7.06,6.95,7.052499771118164,7.05,28.2,9684000,0.01585,0.0
GME,2011-05-31,20110531,7.08,7.12,6.91,6.994999885559082,6.99,27.96,19066400,-0.008511,0.0
GME,2011-06-01,20110601,6.98,7.01,6.86,6.867499828338623,6.87,27.48,15425600,-0.017167,0.0
GME,2011-06-02,20110602,6.95,6.95,6.76,6.815000057220459,6.82,27.28,12416000,-0.007278,0.0
GME,2011-06-03,20110603,6.74,6.79,6.57,6.682499885559082,6.68,26.72,12872000,-0.020528,0.0
GME,2011-06-06,20110606,6.68,6.76,6.63,6.642499923706055,6.64,26.56,8754400,-0.005988,0.0
GME,2011-06-07,20110607,6.66,6.68,6.55,6.545000076293945,6.55,26.2,11732400,-0.013554,0.0
GME,2011-06-08,20110608,6.54,6.59,6.41,6.567500114440918,6.57,26.28,13476400,0.003053,0.0
GME,2011-06-09,20110609,6.55,6.66,6.51,6.625,6.62,26.48,10146400,0.00761,0.0
GME,2011-06-10,20110610,6.61,6.63,6.52,6.565000057220459,6.57,26.28,14767600,-0.007553,0.0
GME,2011-06-13,20110613,6.59,6.62,6.51,6.5625,6.56,26.24,8031200,-0.001522,0.0
GME,2011-06-14,20110614,6.61,6.63,6.49,6.607500076293945,6.61,26.44,12146000,0.007622,0.0
GME,2011-06-15,20110615,6.55,6.61,6.49,6.53000020980835,6.53,26.12,13243200,-0.012103,0.0
GME,2011-06-16,20110616,6.54,6.59,6.5,6.550000190734863,6.55,26.2,13257600,0.003063,0.0
GME,2011-06-17,20110617,6.59,6.64,6.57,6.610000133514404,6.61,26.44,12077600,0.00916,0.0
GME,2011-06-20,20110620,6.59,6.7,6.56,6.699999809265137,6.7,26.8,8456800,0.013616,0.0
GME,2011-06-21,20110621,6.74,6.89,6.71,6.877500057220459,6.88,27.52,7831200,0.026866,0.0
GME,2011-06-22,20110622,6.83,6.84,6.62,6.635000228881836,6.64,26.56,15025200,-0.034884,0.0
GME,2011-06-23,20110623,6.58,6.63,6.47,6.565000057220459,6.57,26.28,14934000,-0.010542,0.0
GME,2011-06-24,20110624,6.58,6.59,6.47,6.53000020980835,6.53,26.12,12753600,-0.006088,0.0
GME,2011-06-27,20110627,6.51,6.55,6.43,6.447500228881836,6.45,25.8,15545200,-0.012251,0.0
GME,2011-06-28,20110628,6.49,6.61,6.45,6.587500095367432,6.59,26.36,10897600,0.021705,0.0
GME,2011-06-29,20110629,6.62,6.7,6.49,6.497499942779541,6.5,26.0,13839600,-0.013657,0.0
GME,2011-06-30,20110630,6.53,6.68,6.5,6.667500019073486,6.67,26.68,12476400,0.026154,0.0
GME,2011-07-01,20110701,6.68,6.76,6.63,6.732500076293945,6.73,26.92,12165200,0.008996,0.0
GME,2011-07-05,20110705,6.83,6.86,6.74,6.849999904632568,6.85,27.4,16248400,0.017831,0.0
GME,2011-07-06,20110706,6.82,6.86,6.77,6.827499866485596,6.83,27.32,7729600,-0.00292,0.0
GME,2011-07-07,20110707,6.86,6.95,6.8,6.804999828338623,6.8,27.2,16264000,-0.004392,0.0
GME,2011-07-08,20110708,6.74,6.76,6.65,6.712500095367432,6.71,26.84,8712800,-0.013235,0.0
GME,2011-07-11,20110711,6.64,6.69,6.46,6.487500190734863,6.49,25.96,14364800,-0.032787,0.0
GME,2011-07-12,20110712,6.35,6.36,6.17,6.202499866485596,6.2,24.8,32717200,-0.044684,0.0
GME,2011-07-13,20110713,6.21,6.25,6.05,6.057499885559082,6.06,24.24,28590800,-0.022581,0.0
GME,2011-07-14,20110714,6.09,6.11,5.94,5.957499980926514,5.96,23.84,27652400,-0.016502,0.0
GME,2011-07-15,20110715,5.96,5.99,5.85,5.897500038146973,5.9,23.6,16677200,-0.010067,0.0
GME,2011-07-18,20110718,5.91,5.93,5.8,5.855000019073486,5.86,23.44,22974800,-0.00678,0.0
GME,2011-07-19,20110719,5.9,5.99,5.87,5.927499771118164,5.93,23.72,13097600,0.011945,0.0
GME,2011-07-20,20110720,6.0,6.01,5.81,5.820000171661377,5.82,23.28,14250000,-0.01855,0.0
GME,2011-07-21,20110721,5.84,5.88,5.8,5.829999923706055,5.83,23.32,17092400,0.001718,0.0
GME,2011-07-22,20110722,5.82,5.91,5.75,5.867499828338623,5.87,23.48,11617200,0.006861,0.0
GME,2011-07-25,20110725,5.8,5.95,5.8,5.90749979019165,5.91,23.64,13225200,0.006814,0.0
GME,2011-07-26,20110726,5.91,5.99,5.87,5.940000057220459,5.94,23.76,9678400,0.005076,0.0
GME,2011-07-27,20110727,5.89,5.94,5.83,5.875,5.88,23.52,16062000,-0.010101,0.0
GME,2011-07-28,20110728,5.85,5.98,5.83,5.889999866485596,5.89,23.56,16191600,0.001701,0.0
GME,2011-07-29,20110729,5.83,5.93,5.78,5.894999980926514,5.89,23.56,13779600,0.0,0.0
GME,2011-08-01,20110801,5.95,5.95,5.74,5.777500152587891,5.78,23.12,13510000,-0.018676,0.0
GME,2011-08-02,20110802,5.74,5.84,5.73,5.727499961853027,5.73,22.92,18875600,-0.008651,0.0
GME,2011-08-03,20110803,5.72,5.78,5.62,5.712500095367432,5.71,22.84,19775200,-0.00349,0.0
GME,2011-08-04,20110804,5.64,5.67,5.47,5.46999979019165,5.47,21.88,23584400,-0.042032,0.0
GME,2011-08-05,20110805,5.52,5.61,5.38,5.53249979019165,5.53,22.12,29738800,0.010969,0.0
GME,2011-08-08,20110808,5.41,5.45,5.09,5.139999866485596,5.14,20.56,23076800,-0.070524,0.0
GME,2011-08-09,20110809,5.17,5.35,5.05,5.340000152587891,5.34,21.36,19598000,0.038911,0.0
GME,2011-08-10,20110810,5.22,5.3,5.11,5.135000228881836,5.14,20.56,15165200,-0.037453,0.0
GME,2011-08-11,20110811,5.16,5.43,5.12,5.360000133514404,5.36,21.44,11655200,0.042802,0.0
GME,2011-08-12,20110812,5.37,5.37,5.12,5.179999828338623,5.18,20.72,17011600,-0.033582,0.0
GME,2011-08-15,20110815,5.2,5.26,5.14,5.237500190734863,5.24,20.96,14981200,0.011583,0.0
GME,2011-08-16,20110816,5.19,5.37,5.16,5.347499847412109,5.35,21.4,14374800,0.020992,0.0
GME,2011-08-17,20110817,5.36,5.38,5.03,5.114999771118164,5.11,20.44,21244800,-0.04486,0.0
GME,2011-08-18,20110818,4.68,5.36,4.59,5.357500076293945,5.36,21.44,56232000,0.048924,0.0
GME,2011-08-19,20110819,5.27,5.73,5.25,5.392499923706055,5.39,21.56,32240000,0.005597,0.0
GME,2011-08-22,20110822,5.49,5.49,5.26,5.402500152587891,5.4,21.6,22248400,0.001855,0.0
GME,2011-08-23,20110823,5.44,5.64,5.36,5.644999980926514,5.64,22.56,20627200,0.044444,0.0
GME,2011-08-24,20110824,5.63,5.86,5.63,5.837500095367432,5.84,23.36,20480800,0.035461,0.0
GME,2011-08-25,20110825,5.86,5.91,5.62,5.625,5.62,22.48,14174800,-0.037671,0.0
GME,2011-08-26,20110826,5.6,5.75,5.51,5.695000171661377,5.7,22.8,12893600,0.014235,0.0
GME,2011-08-29,20110829,5.74,5.78,5.66,5.775000095367432,5.78,23.12,15113600,0.014035,0.0
GME,2011-08-30,20110830,5.77,5.99,5.75,5.840000152587891,5.84,23.36,14685200,0.010381,0.0
GME,2011-08-31,20110831,5.88,6.01,5.84,5.982500076293945,5.98,23.92,17735600,0.023973,0.0
GME,2011-09-01,20110901,5.96,5.99,5.76,5.760000228881836,5.76,23.04,10999200,-0.036789,0.0
GME,2011-09-02,20110902,5.68,5.71,5.53,5.537499904632568,5.54,22.16,10083200,-0.038194,0.0
GME,2011-09-06,20110906,5.39,5.74,5.39,5.702499866485596,5.7,22.8,16112800,0.028881,0.0
GME,2011-09-07,20110907,5.77,5.83,5.71,5.804999828338623,5.8,23.2,12966000,0.017544,0.0
GME,2011-09-08,20110908,5.78,5.85,5.73,5.727499961853027,5.73,22.92,9410400,-0.012069,0.0
GME,2011-09-09,20110909,5.69,5.86,5.69,5.78249979019165,5.78,23.12,15778400,0.008726,0.0
GME,2011-09-12,20110912,5.72,5.82,5.63,5.804999828338623,5.8,23.2,16685600,0.00346,0.0
GME,2011-09-13,20110913,5.8,5.86,5.7,5.792500019073486,5.79,23.16,11058800,-0.001724,0.0
GME,2011-09-14,20110914,5.84,6.03,5.81,5.977499961853027,5.98,23.92,14910800,0.032815,0.0
GME,2011-09-15,20110915,6.02,6.16,5.99,6.159999847412109,6.16,24.64,18059600,0.0301,0.0
GME,2011-09-16,20110916,6.21,6.27,6.15,6.222499847412109,6.22,24.88,13714000,0.00974,0.0
GME,2011-09-19,20110919,6.09,6.11,5.95,6.057499885559082,6.06,24.24,12439600,-0.025723,0.0
GME,2011-09-20,20110920,6.06,6.12,5.99,5.994999885559082,5.99,23.96,10584800,-0.011551,0.0
GME,2011-09-21,20110921,5.97,6.07,5.86,5.860000133514404,5.86,23.44,12878800,-0.021703,0.0
GME,2011-09-22,20110922,5.7,5.8,5.57,5.652500152587891,5.65,22.6,15713600,-0.035836,0.0
GME,2011-09-23,20110923,5.62,5.73,5.6,5.627500057220459,5.63,22.52,10035200,-0.00354,0.0
GME,2011-09-26,20110926,5.68,5.91,5.66,5.902500152587891,5.9,23.6,8322000,0.047957,0.0
GME,2011-09-27,20110927,5.99,6.13,5.91,5.96999979019165,5.97,23.88,10263200,0.011864,0.0
GME,2011-09-28,20110928,6.01,6.09,5.87,5.880000114440918,5.88,23.52,9391200,-0.015075,0.0
GME,2011-09-29,20110929,5.97,6.06,5.84,5.997499942779541,6.0,24.0,12208000,0.020408,0.0
GME,2011-09-30,20110930,5.91,5.97,5.77,5.775000095367432,5.78,23.12,10776400,-0.036667,0.0
GME,2011-10-03,20111003,5.75,5.81,5.63,5.742499828338623,5.74,22.96,19232800,-0.00692,0.0
GME,2011-10-04,20111004,5.65,5.95,5.54,5.947500228881836,5.95,23.8,15200000,0.036585,0.0
GME,2011-10-05,20111005,5.96,5.99,5.81,5.96750020980835,5.97,23.88,12040400,0.003361,0.0
GME,2011-10-06,20111006,5.94,6.05,5.93,6.014999866485596,6.01,24.04,15905200,0.0067,0.0
GME,2011-10-07,20111007,6.08,6.16,6.02,6.082499980926514,6.08,24.32,16062800,0.011647,0.0
GME,2011-10-10,20111010,6.17,6.26,6.07,6.144999980926514,6.14,24.56,13271600,0.009868,0.0
GME,2011-10-11,20111011,6.13,6.24,6.07,6.230000019073486,6.23,24.92,11053600,0.014658,0.0
GME,2011-10-12,20111012,6.25,6.52,6.23,6.412499904632568,6.41,25.64,24020400,0.028892,0.0
GME,2011-10-13,20111013,6.35,6.41,6.27,6.304999828338623,6.3,25.2,10555600,-0.017161,0.0
GME,2011-10-14,20111014,6.35,6.37,6.23,6.289999961853027,6.29,25.16,11832000,-0.001587,0.0
GME,2011-10-17,20111017,6.28,6.29,5.96,6.059999942779541,6.06,24.24,23942800,-0.036566,0.0
GME,2011-10-18,20111018,6.05,6.3,6.04,6.244999885559082,6.24,24.96,14472400,0.029703,0.0
GME,2011-10-19,20111019,6.22,6.25,6.16,6.21750020980835,6.22,24.88,11357600,-0.003205,0.0
GME,2011-10-20,20111020,6.22,6.28,6.17,6.264999866485596,6.26,25.04,7989600,0.006431,0.0
GME,2011-10-21,20111021,6.35,6.47,6.26,6.260000228881836,6.26,25.04,18337600,0.0,0.0
GME,2011-10-24,20111024,6.28,6.39,6.22,6.394999980926514,6.39,25.56,18266000,0.020767,0.0
GME,2011-10-25,20111025,6.35,6.51,6.31,6.400000095367432,6.4,25.6,14421600,0.001565,0.0
GME,2011-10-26,20111026,6.42,6.45,6.24,6.260000228881836,6.26,25.04,17634000,-0.021875,0.0
GME,2011-10-27,20111027,6.44,6.51,6.32,6.477499961853027,6.48,25.92,10923200,0.035144,0.0
GME,2011-10-28,20111028,6.47,6.66,6.46,6.550000190734863,6.55,26.2,12758000,0.010802,0.0
GME,2011-10-31,20111031,6.51,6.53,6.39,6.392499923706055,6.39,25.56,15808400,-0.024427,0.0
GME,2011-11-01,20111101,6.22,6.32,6.13,6.260000228881836,6.26,25.04,15141600,-0.020344,0.0
GME,2011-11-02,20111102,6.31,6.35,6.25,6.275000095367432,6.28,25.12,13692400,0.003195,0.0
GME,2011-11-03,20111103,6.32,6.47,6.22,6.457499980926514,6.46,25.84,10368400,0.028662,0.0
GME,2011-11-04,20111104,6.43,6.47,6.37,6.422500133514404,6.42,25.68,10893200,-0.006192,0.0
GME,2011-11-07,20111107,6.43,6.45,6.33,6.362500190734863,6.36,25.44,7739200,-0.009346,0.0
GME,2011-11-08,20111108,6.38,6.43,6.28,6.409999847412109,6.41,25.64,7874000,0.007862,0.0
GME,2011-11-09,20111109,6.28,6.38,6.22,6.230000019073486,6.23,24.92,7390400,-0.028081,0.0
GME,2011-11-10,20111110,6.3,6.3,6.11,6.150000095367432,6.15,24.6,13498800,-0.012841,0.0
GME,2011-11-11,20111111,6.22,6.36,6.18,6.292500019073486,6.29,25.16,9797200,0.022764,0.0
GME,2011-11-14,20111114,6.21,6.21,6.01,6.159999847412109,6.16,24.64,12884400,-0.020668,0.0
GME,2011-11-15,20111115,6.12,6.13,5.88,5.889999866485596,5.89,23.56,28351600,-0.043831,0.0
GME,2011-11-16,20111116,5.8,5.82,5.56,5.630000114440918,5.63,22.52,46004000,-0.044143,0.0
GME,2011-11-17,20111117,5.55,5.71,5.44,5.482500076293945,5.48,21.92,28222800,-0.026643,0.0
GME,2011-11-18,20111118,5.5,5.7,5.48,5.614999771118164,5.61,22.44,24363600,0.023723,0.0
GME,2011-11-21,20111121,5.52,5.74,5.47,5.679999828338623,5.68,22.72,22012800,0.012478,0.0
GME,2011-11-22,20111122,5.66,5.68,5.6,5.607500076293945,5.61,22.44,15705200,-0.012324,0.0
GME,2011-11-23,20111123,5.57,5.59,5.47,5.527500152587891,5.53,22.12,15152000,-0.01426,0.0
GME,2011-11-25,20111125,5.49,5.51,5.36,5.377500057220459,5.38,21.52,7029200,-0.027125,0.0
GME,2011-11-28,20111128,5.51,5.62,5.51,5.590000152587891,5.59,22.36,13752000,0.039033,0.0
GME,2011-11-29,20111129,5.63,5.81,5.62,5.6875,5.69,22.76,19185200,0.017889,0.0
GME,2011-11-30,20111130,5.82,5.86,5.68,5.78000020980835,5.78,23.12,13308800,0.015817,0.0
GME,2011-12-01,20111201,5.78,5.88,5.73,5.840000152587891,5.84,23.36,9447600,0.010381,0.0
GME,2011-12-02,20111202,5.93,5.96,5.78,5.804999828338623,5.8,23.2,8672400,-0.006849,0.0
GME,2011-12-05,20111205,5.86,5.93,5.8,5.920000076293945,5.92,23.68,10777600,0.02069,0.0
GME,2011-12-06,20111206,5.88,5.91,5.83,5.835000038146973,5.84,23.36,8608400,-0.013514,0.0
GME,2011-12-07,20111207,5.81,5.99,5.78,5.922500133514404,5.92,23.68,14136800,0.013699,0.0
GME,2011-12-08,20111208,5.89,5.96,5.85,5.892499923706055,5.89,23.56,12201600,-0.005068,0.0
GME,2011-12-09,20111209,5.9,6.08,5.9,6.050000190734863,6.05,24.2,13990400,0.027165,0.0
GME,2011-12-12,20111212,6.02,6.19,5.96,6.177499771118164,6.18,24.72,16758800,0.021488,0.0
GME,2011-12-13,20111213,6.15,6.16,5.99,6.017499923706055,6.02,24.08,16990800,-0.02589,0.0
GME,2011-12-14,20111214,5.99,6.01,5.85,5.872499942779541,5.87,23.48,13432000,-0.024917,0.0
GME,2011-12-15,20111215,5.92,6.0,5.91,5.925000190734863,5.93,23.72,13529200,0.010221,0.0
GME,2011-12-16,20111216,5.95,5.98,5.8,5.835000038146973,5.84,23.36,10618800,-0.015177,0.0
GME,2011-12-19,20111219,5.86,5.87,5.66,5.667500019073486,5.67,22.68,8103200,-0.02911,0.0
GME,2011-12-20,20111220,5.77,5.88,5.76,5.867499828338623,5.87,23.48,7109600,0.035273,0.0
GME,2011-12-21,20111221,5.87,5.92,5.8,5.885000228881836,5.89,23.56,5641600,0.003407,0.0
GME,2011-12-22,20111222,5.91,6.02,5.89,5.947500228881836,5.95,23.8,7314800,0.010187,0.0
GME,2011-12-23,20111223,5.97,6.01,5.93,5.980000019073486,5.98,23.92,6116400,0.005042,0.0
GME,2011-12-27,20111227,5.97,6.0,5.89,5.980000019073486,5.98,23.92,4909200,0.0,0.0
GME,2011-12-28,20111228,6.01,6.04,5.93,6.017499923706055,6.02,24.08,7046000,0.006689,0.0
GME,2011-12-29,20111229,6.01,6.09,5.98,6.087500095367432,6.09,24.36,5242800,0.011628,0.0
GME,2011-12-30,20111230,6.07,6.09,6.03,6.03249979019165,6.03,24.12,4189200,-0.009852,0.0
GME,2012-01-03,20120103,6.11,6.15,5.94,5.947500228881836,5.95,23.8,10252800,-0.013267,0.0
GME,2012-01-04,20120104,5.94,6.05,5.92,6.03249979019165,6.03,24.12,8317600,0.013445,0.0
GME,2012-01-05,20120105,6.0,6.32,5.97,6.315000057220459,6.32,25.28,14776000,0.048093,0.0
GME,2012-01-06,20120106,6.3,6.31,6.18,6.21750020980835,6.22,24.88,15113600,-0.015823,0.0
GME,2012-01-09,20120109,6.16,6.18,5.84,5.997499942779541,6.0,24.0,27824000,-0.03537,0.0
GME,2012-01-10,20120110,6.01,6.08,5.86,6.057499885559082,6.06,24.24,15462400,0.01,0.0
GME,2012-01-11,20120111,6.05,6.12,6.05,6.09499979019165,6.09,24.36,14062000,0.00495,0.0
GME,2012-01-12,20120112,6.12,6.12,6.01,6.045000076293945,6.05,24.2,12018400,-0.006568,0.0
GME,2012-01-13,20120113,6.0,6.0,5.8,5.877500057220459,5.88,23.52,16946400,-0.028099,0.0
GME,2012-01-17,20120117,5.94,5.95,5.78,5.807499885559082,5.81,23.24,11883600,-0.011905,0.0
GME,2012-01-18,20120118,5.82,6.01,5.78,6.005000114440918,6.01,24.04,9771600,0.034423,0.0
GME,2012-01-19,20120119,5.98,6.22,5.98,6.210000038146973,6.21,24.84,13097200,0.033278,0.0
GME,2012-01-20,20120120,6.24,6.25,6.12,6.137499809265137,6.14,24.56,10272800,-0.011272,0.0
GME,2012-01-23,20120123,6.14,6.22,6.14,6.190000057220459,6.19,24.76,6712000,0.008143,0.0
GME,2012-01-24,20120124,6.16,6.21,6.13,6.1875,6.19,24.76,6417600,0.0,0.0
GME,2012-01-25,20120125,6.18,6.25,6.1,6.25,6.25,25.0,10460400,0.009693,0.0
GME,2012-01-26,20120126,6.21,6.21,5.66,6.175000190734863,6.18,24.72,24179200,-0.0112,0.0
GME,2012-01-27,20120127,6.15,6.15,6.07,6.079999923706055,6.08,24.32,13709200,-0.016181,0.0
GME,2012-01-30,20120130,6.04,6.05,5.86,5.934999942779541,5.93,23.72,21557600,-0.024671,0.0
GME,2012-01-31,20120131,5.95,5.96,5.81,5.840000152587891,5.84,23.36,17175200,-0.015177,0.0
GME,2012-02-01,20120201,5.86,5.93,5.79,5.827499866485596,5.83,23.32,13552000,-0.001712,0.0
GME,2012-02-02,20120202,5.86,5.88,5.8,5.817500114440918,5.82,23.28,13637600,-0.001715,0.0
GME,2012-02-03,20120203,5.88,5.95,5.87,5.909999847412109,5.91,23.64,10115200,0.015464,0.0
GME,2012-02-06,20120206,5.9,5.91,5.8,5.852499961853027,5.85,23.4,14635600,-0.010152,0.0
GME,2012-02-07,20120207,5.83,5.94,5.83,5.932499885559082,5.93,23.72,11467200,0.013675,0.0
GME,2012-02-08,20120208,6.07,6.47,6.04,6.122499942779541,6.12,24.48,34136000,0.03204,0.0
GME,2012-02-09,20120209,6.14,6.14,6.0,6.019999980926514,6.02,24.08,15364800,-0.01634,0.0
GME,2012-02-10,20120210,5.87,5.9,5.66,5.71999979019165,5.72,22.88,32256400,-0.049834,0.0
GME,2012-02-13,20120213,5.75,5.76,5.64,5.735000133514404,5.74,22.96,22461200,0.003497,0.0
GME,2012-02-14,20120214,5.72,5.75,5.66,5.744999885559082,5.74,22.96,15697200,0.0,0.0
GME,2012-02-15,20120215,5.75,5.76,5.7,5.702499866485596,5.7,22.8,14384400,-0.006969,0.0
GME,2012-02-16,20120216,5.68,5.8,5.68,5.760000228881836,5.76,23.04,11904800,0.010526,0.0
GME,2012-02-17,20120217,5.8,5.83,5.75,5.795000076293945,5.8,23.2,7900000,0.006944,0.0
GME,2012-02-21,20120221,5.83,5.94,5.79,5.824999809265137,5.82,23.28,8568000,0.003448,0.0
GME,2012-02-22,20120222,5.84,5.87,5.72,5.742499828338623,5.74,22.96,9381600,-0.013746,0.0
GME,2012-02-23,20120223,5.74,5.89,5.72,5.822500228881836,5.82,23.28,7327600,0.013937,0.0
GME,2012-02-24,20120224,5.8,5.83,5.68,5.682499885559082,5.68,22.72,10578400,-0.024055,0.0
GME,2012-02-27,20120227,5.68,5.82,5.67,5.75,5.75,23.0,8053600,0.012324,0.0
GME,2012-02-28,20120228,5.74,5.85,5.73,5.832499980926514,5.83,23.32,9181200,0.013913,0.0
GME,2012-02-29,20120229,5.84,5.86,5.69,5.695000171661377,5.7,22.8,12888400,-0.022298,0.0
GME,2012-03-01,20120301,5.72,5.97,5.72,5.960000038146973,5.96,23.84,19594000,0.045614,0.0
GME,2012-03-02,20120302,5.96,6.07,5.9,5.96750020980835,5.97,23.88,15591200,0.001678,0.0
GME,2012-03-05,20120305,5.97,6.14,5.9,6.039999961853027,6.04,24.16,20442400,0.011725,0.0
GME,2012-03-06,20120306,5.96,6.0,5.93,5.947500228881836,5.95,23.8,6191200,-0.014901,0.0
GME,2012-03-07,20120307,5.97,5.99,5.92,5.974999904632568,5.97,23.88,9006400,0.003361,0.0
GME,2012-03-08,20120308,6.0,6.09,5.99,6.052499771118164,6.05,24.2,13078400,0.0134,0.0
GME,2012-03-09,20120309,5.98,6.03,5.89,5.974999904632568,5.97,23.88,20076800,-0.013223,0.0
GME,2012-03-12,20120312,5.97,6.01,5.89,5.942500114440918,5.94,23.76,8457200,-0.005025,0.0
GME,2012-03-13,20120313,6.02,6.02,5.88,5.947500228881836,5.95,23.8,13164000,0.001684,0.0
GME,2012-03-14,20120314,5.94,5.99,5.83,5.875,5.88,23.52,13883200,-0.011765,0.0
GME,2012-03-15,20120315,5.88,5.95,5.82,5.952499866485596,5.95,23.8,11116400,0.011905,0.0
GME,2012-03-16,20120316,5.97,5.97,5.88,5.889999866485596,5.89,23.56,15375600,-0.010084,0.0
GME,2012-03-19,20120319,5.91,6.04,5.89,5.987500190734863,5.99,23.96,14823600,0.016978,0.0
GME,2012-03-20,20120320,5.99,6.08,5.9,6.002500057220459,6.0,24.0,14239600,0.001669,0.0
GME,2012-03-21,20120321,6.01,6.19,6.0,6.167500019073486,6.17,24.68,17963600,0.028333,0.0
GME,2012-03-22,20120322,6.31,6.44,5.75,5.789999961853027,5.79,23.16,44606800,-0.061588,0.0
GME,2012-03-23,20120323,5.82,5.94,5.74,5.90500020980835,5.91,23.64,15335600,0.020725,0.0
GME,2012-03-26,20120326,5.96,6.02,5.88,5.949999809265137,5.95,23.8,12685600,0.006768,0.0
GME,2012-03-27,20120327,5.97,5.99,5.9,5.940000057220459,5.94,23.76,8856400,-0.001681,0.0
GME,2012-03-28,20120328,5.93,5.94,5.8,5.872499942779541,5.87,23.48,12501600,-0.011785,0.0
GME,2012-03-29,20120329,5.8,5.91,5.51,5.647500038146973,5.65,22.6,35629600,-0.037479,0.0
GME,2012-03-30,20120330,5.7,5.7,5.45,5.460000038146973,5.46,21.84,19977200,-0.033628,0.0
GME,2012-04-02,20120402,5.43,5.66,5.41,5.614999771118164,5.61,22.44,20012000,0.027473,0.0
GME,2012-04-03,20120403,5.62,5.68,5.48,5.510000228881836,5.51,22.04,15712400,-0.017825,0.0
GME,2012-04-04,20120404,5.49,5.57,5.43,5.487500190734863,5.49,21.96,11406000,-0.00363,0.0
GME,2012-04-05,20120405,5.46,5.53,5.41,5.432499885559082,5.43,21.72,11237600,-0.010929,0.0
GME,2012-04-09,20120409,5.39,5.52,5.36,5.462500095367432,5.46,21.84,10108000,0.005525,0.0
GME,2012-04-10,20120410,5.44,5.49,5.32,5.355000019073486,5.36,21.44,11930400,-0.018315,0.0
GME,2012-04-11,20120411,5.33,5.38,5.24,5.317500114440918,5.32,21.28,19562000,-0.007463,0.0
GME,2012-04-12,20120412,5.32,5.43,5.31,5.389999866485596,5.39,21.56,8414800,0.013158,0.0
GME,2012-04-13,20120413,5.38,5.38,5.28,5.307499885559082,5.31,21.24,8956000,-0.014842,0.0
GME,2012-04-16,20120416,5.32,5.45,5.24,5.425000190734863,5.43,21.72,13710000,0.022599,0.0
GME,2012-04-17,20120417,5.45,5.55,5.45,5.537499904632568,5.54,22.16,16022400,0.020258,0.0
GME,2012-04-18,20120418,5.51,5.59,5.47,5.572500228881836,5.57,22.28,15372800,0.005415,0.0
GME,2012-04-19,20120419,5.56,5.64,5.53,5.572500228881836,5.57,22.28,14128400,0.0,0.0
GME,2012-04-20,20120420,5.61,5.68,5.55,5.59499979019165,5.59,22.36,12587200,0.003591,0.0
GME,2012-04-23,20120423,5.54,5.6,5.46,5.59250020980835,5.59,22.36,11351200,0.0,0.0
GME,2012-04-24,20120424,5.59,5.65,5.54,5.570000171661377,5.57,22.28,14316400,-0.003578,0.0
GME,2012-04-25,20120425,5.63,5.65,5.56,5.644999980926514,5.64,22.56,8114000,0.012567,0.0
GME,2012-04-26,20120426,5.64,5.7,5.62,5.644999980926514,5.64,22.56,6651600,0.0,0.0
GME,2012-04-27,20120427,5.69,5.69,5.57,5.670000076293945,5.67,22.68,10965200,0.005319,0.0
GME,2012-04-30,20120430,5.66,5.7,5.56,5.690000057220459,5.69,22.76,6708400,0.003527,0.0
GME,2012-05-01,20120501,5.69,5.77,5.6,5.715000152587891,5.72,22.88,12510000,0.005272,0.0
GME,2012-05-02,20120502,5.67,5.71,5.63,5.692500114440918,5.69,22.76,6326800,-0.005245,0.0
GME,2012-05-03,20120503,5.68,5.7,5.49,5.619999885559082,5.62,22.48,10063600,-0.012302,0.0
GME,2012-05-04,20120504,5.59,5.62,5.46,5.457499980926514,5.46,21.84,7302000,-0.02847,0.0
GME,2012-05-07,20120507,5.43,5.5,5.26,5.272500038146973,5.27,21.08,11707600,-0.034799,0.0
GME,2012-05-08,20120508,5.23,5.39,5.18,5.277500152587891,5.28,21.12,17536000,0.001898,0.0
GME,2012-05-09,20120509,5.21,5.29,5.18,5.227499961853027,5.23,20.92,16157600,-0.00947,0.0
GME,2012-05-10,20120510,5.26,5.3,5.22,5.267499923706055,5.27,21.08,10103600,0.007648,0.0
GME,2012-05-11,20120511,5.21,5.31,5.04,5.082499980926514,5.08,20.32,20427200,-0.036053,0.0
GME,2012-05-14,20120514,5.04,5.3,5.02,5.21999979019165,5.22,20.88,12568800,0.027559,0.0
GME,2012-05-15,20120515,5.2,5.22,5.09,5.15500020980835,5.16,20.64,12344400,-0.011494,0.0
GME,2012-05-16,20120516,5.18,5.28,5.17,5.210000038146973,5.21,20.84,13711600,0.00969,0.0
GME,2012-05-17,20120517,4.99,5.05,4.61,4.630000114440918,4.63,18.52,48078800,-0.111324,0.0
GME,2012-05-18,20120518,4.62,4.84,4.53,4.767499923706055,4.77,19.08,19713200,0.030238,0.0
GME,2012-05-21,20120521,4.77,4.81,4.73,4.744999885559082,4.74,18.96,19206400,-0.006289,0.0
GME,2012-05-22,20120522,4.78,4.82,4.74,4.760000228881836,4.76,19.04,14009200,0.004219,0.0
GME,2012-05-23,20120523,4.74,4.82,4.67,4.769999980926514,4.77,19.08,22000000,0.002101,0.0
GME,2012-05-24,20120524,4.77,4.8,4.69,4.792500019073486,4.79,19.16,19172800,0.004193,0.0
GME,2012-05-25,20120525,4.81,4.93,4.8,4.880000114440918,4.88,19.52,12567200,0.018789,0.0
GME,2012-05-29,20120529,4.9,4.95,4.82,4.927499771118164,4.93,19.72,10799200,0.010246,0.0
GME,2012-05-30,20120530,4.88,5.28,4.78,4.914999961853027,4.91,19.64,26932000,-0.004057,0.0
GME,2012-05-31,20120531,4.87,4.93,4.75,4.795000076293945,4.8,19.2,11325600,-0.022403,0.0
GME,2012-06-01,20120601,4.69,4.86,4.66,4.800000190734863,4.8,19.2,14711600,0.0,0.0
GME,2012-06-04,20120604,4.8,4.82,4.71,4.800000190734863,4.8,19.2,14632400,0.0,0.0
GME,2012-06-05,20120605,4.78,4.91,4.76,4.885000228881836,4.89,19.56,8927200,0.01875,0.0
GME,2012-06-06,20120606,4.92,4.95,4.8,4.837500095367432,4.84,19.36,11188400,-0.010225,0.0
GME,2012-06-07,20120607,4.88,4.91,4.67,4.699999809265137,4.7,18.8,18900000,-0.028926,0.0
GME,2012-06-08,20120608,4.69,4.76,4.67,4.757500171661377,4.76,19.04,9390800,0.012766,0.0
GME,2012-06-11,20120611,4.8,4.86,4.57,4.570000171661377,4.57,18.28,12740000,-0.039916,0.0
GME,2012-06-12,20120612,4.58,4.66,4.54,4.642499923706055,4.64,18.56,16974400,0.015317,0.0
GME,2012-06-13,20120613,4.61,4.67,4.52,4.527500152587891,4.53,18.12,11235600,-0.023707,0.0
GME,2012-06-14,20120614,4.55,4.56,4.35,4.434999942779541,4.43,17.72,34551200,-0.022075,0.0
GME,2012-06-15,20120615,4.36,4.48,4.28,4.457499980926514,4.46,17.84,33386400,0.006772,0.0
GME,2012-06-18,20120618,4.46,4.56,4.41,4.554999828338623,4.55,18.2,13329200,0.020179,0.0
GME,2012-06-19,20120619,4.59,4.66,4.57,4.59250020980835,4.59,18.36,14520800,0.008791,0.0
GME,2012-06-20,20120620,4.6,4.61,4.53,4.534999847412109,4.53,18.12,9554000,-0.013072,0.0
GME,2012-06-21,20120621,4.55,4.55,4.38,4.389999866485596,4.39,17.56,11077200,-0.030905,0.0
GME,2012-06-22,20120622,4.43,4.45,4.37,4.422500133514404,4.42,17.68,14879600,0.006834,0.0
GME,2012-06-25,20120625,4.39,4.4,4.28,4.297500133514404,4.3,17.2,10786400,-0.027149,0.0
GME,2012-06-26,20120626,4.35,4.41,4.3,4.369999885559082,4.37,17.48,8789600,0.016279,0.0
GME,2012-06-27,20120627,4.38,4.47,4.37,4.454999923706055,4.45,17.8,8732000,0.018307,0.0
GME,2012-06-28,20120628,4.44,4.48,4.38,4.452499866485596,4.45,17.8,6937200,0.0,0.0
GME,2012-06-29,20120629,4.51,4.61,4.46,4.590000152587891,4.59,18.36,14131200,0.031461,0.0
GME,2012-07-02,20120702,4.61,4.62,4.47,4.494999885559082,4.49,17.96,8324800,-0.021786,0.0
GME,2012-07-03,20120703,4.51,4.67,4.48,4.59250020980835,4.59,18.36,5462400,0.022272,0.0
GME,2012-07-05,20120705,4.58,4.66,4.55,4.567500114440918,4.57,18.28,6496000,-0.004357,0.0
GME,2012-07-06,20120706,4.53,4.57,4.5,4.53249979019165,4.53,18.12,6242400,-0.008753,0.0
GME,2012-07-09,20120709,4.57,4.62,4.31,4.380000114440918,4.38,17.52,11924000,-0.033113,0.0
GME,2012-07-10,20120710,4.4,4.46,4.37,4.387499809265137,4.39,17.56,7181200,0.002283,0.0
GME,2012-07-11,20120711,4.37,4.43,4.3,4.302499771118164,4.3,17.2,10302400,-0.020501,0.0
GME,2012-07-12,20120712,4.28,4.31,4.22,4.275000095367432,4.28,17.12,8160400,-0.004651,0.0
GME,2012-07-13,20120713,4.3,4.35,4.18,4.207499980926514,4.21,16.84,11265200,-0.016355,0.0
GME,2012-07-16,20120716,4.18,4.2,4.09,4.142499923706055,4.14,16.56,11256400,-0.016627,0.0
GME,2012-07-17,20120717,4.16,4.2,4.13,4.184999942779541,4.18,16.72,6441600,0.009662,0.0
GME,2012-07-18,20120718,4.17,4.28,4.16,4.224999904632568,4.22,16.88,7468000,0.009569,0.0
GME,2012-07-19,20120719,4.25,4.29,4.19,4.199999809265137,4.2,16.8,10988800,-0.004739,0.0
GME,2012-07-20,20120720,4.18,4.22,4.06,4.074999809265137,4.07,16.28,7732400,-0.030952,0.0
GME,2012-07-23,20120723,4.03,4.06,3.97,4.034999847412109,4.03,16.12,8456400,-0.009828,0.0
GME,2012-07-24,20120724,4.03,4.09,3.87,3.932499885559082,3.93,15.72,15271200,-0.024814,0.0
GME,2012-07-25,20120725,3.95,4.0,3.91,3.942500114440918,3.94,15.76,10493600,0.002545,0.0
GME,2012-07-26,20120726,4.0,4.01,3.94,3.992500066757202,3.99,15.96,9646400,0.01269,0.0
GME,2012-07-27,20120727,4.03,4.09,3.99,4.034999847412109,4.03,16.12,7937200,0.010025,0.0
GME,2012-07-30,20120730,4.05,4.06,3.97,4.005000114440918,4.01,16.04,7613600,-0.004963,0.0
GME,2012-07-31,20120731,3.99,4.02,3.96,4.005000114440918,4.01,16.04,6473600,0.0,0.0
GME,2012-08-01,20120801,4.01,4.6,3.97,4.017499923706055,4.02,16.08,30748800,0.002494,0.0
GME,2012-08-02,20120802,3.99,4.03,3.83,3.9375,3.94,15.76,15403600,-0.0199,0.0
GME,2012-08-03,20120803,3.98,4.03,3.96,3.9749999046325684,3.97,15.88,9270800,0.007614,0.0
GME,2012-08-06,20120806,4.02,4.09,3.97,4.002500057220459,4.0,16.0,10794000,0.007557,0.0
GME,2012-08-07,20120807,4.0,4.25,4.0,4.202499866485596,4.2,16.8,11186400,0.05,0.0
GME,2012-08-08,20120808,4.18,4.22,4.17,4.182499885559082,4.18,16.72,5980000,-0.004762,0.0
GME,2012-08-09,20120809,4.18,4.22,4.13,4.207499980926514,4.21,16.84,6773200,0.007177,0.0
GME,2012-08-10,20120810,4.2,4.43,4.16,4.434999942779541,4.43,17.72,18812000,0.052257,0.0
GME,2012-08-13,20120813,4.63,4.71,4.4,4.472499847412109,4.47,17.88,21730400,0.009029,0.0
GME,2012-08-14,20120814,4.49,4.52,4.3,4.320000171661377,4.32,17.28,20002400,-0.033557,0.0
GME,2012-08-15,20120815,4.32,4.41,4.26,4.262499809265137,4.26,17.04,18440000,-0.013889,0.0
GME,2012-08-16,20120816,4.32,4.57,4.15,4.494999885559082,4.49,17.96,44530800,0.053991,0.0
GME,2012-08-17,20120817,4.5,4.68,4.44,4.642499923706055,4.64,18.56,24764000,0.033408,0.0
GME,2012-08-20,20120820,4.69,4.9,4.63,4.872499942779541,4.87,19.48,27220800,0.049569,0.0
GME,2012-08-21,20120821,4.87,4.89,4.73,4.872499942779541,4.87,19.48,20158400,0.0,0.0
GME,2012-08-22,20120822,4.87,4.89,4.65,4.697500228881836,4.7,18.8,18076400,-0.034908,0.0
GME,2012-08-23,20120823,4.72,4.76,4.7,4.724999904632568,4.72,18.88,10826000,0.004255,0.0
GME,2012-08-24,20120824,4.66,4.69,4.57,4.605000019073486,4.61,18.44,12168800,-0.023305,0.0
GME,2012-08-27,20120827,4.62,4.63,4.53,4.537499904632568,4.54,18.16,8438000,-0.015184,0.0
GME,2012-08-28,20120828,4.55,4.57,4.52,4.534999847412109,4.53,18.12,8153200,-0.002203,0.0
GME,2012-08-29,20120829,4.55,4.68,4.49,4.652500152587891,4.65,18.6,14051600,0.02649,0.0
GME,2012-08-30,20120830,4.66,4.84,4.63,4.789999961853027,4.79,19.16,13877200,0.030108,0.0
GME,2012-08-31,20120831,4.8,4.81,4.72,4.769999980926514,4.77,19.08,15605600,-0.004175,0.0
GME,2012-09-04,20120904,4.96,5.17,4.96,5.102499961853027,5.1,20.4,28348800,0.069182,0.0
GME,2012-09-05,20120905,5.11,5.18,5.09,5.137499809265137,5.14,20.56,17060000,0.007843,0.0
GME,2012-09-06,20120906,5.19,5.28,5.11,5.264999866485596,5.26,21.04,13804400,0.023346,0.0
GME,2012-09-07,20120907,5.28,5.45,5.26,5.414999961853027,5.41,21.64,13737600,0.028517,0.0
GME,2012-09-10,20120910,5.39,5.46,5.32,5.397500038146973,5.4,21.6,13571200,-0.001848,0.0
GME,2012-09-11,20120911,5.38,5.51,5.37,5.442500114440918,5.44,21.76,12690000,0.007407,0.0
GME,2012-09-12,20120912,5.47,5.54,5.47,5.517499923706055,5.52,22.08,8313200,0.014706,0.0
GME,2012-09-13,20120913,5.52,5.63,5.45,5.59499979019165,5.59,22.36,11631600,0.012681,0.0
GME,2012-09-14,20120914,5.62,5.95,5.62,5.787499904632568,5.79,23.16,15521600,0.035778,0.0
GME,2012-09-17,20120917,5.77,5.77,5.57,5.572500228881836,5.57,22.28,13833600,-0.037997,0.0
GME,2012-09-18,20120918,5.63,5.7,5.54,5.607500076293945,5.61,22.44,7451200,0.007181,0.0
GME,2012-09-19,20120919,5.62,5.74,5.57,5.707499980926514,5.71,22.84,11372800,0.017825,0.0
GME,2012-09-20,20120920,5.68,5.7,5.57,5.684999942779541,5.68,22.72,7367600,-0.005254,0.0
GME,2012-09-21,20120921,5.71,5.74,5.56,5.574999809265137,5.57,22.28,13615600,-0.019366,0.0
GME,2012-09-24,20120924,5.59,5.6,5.47,5.53249979019165,5.53,22.12,11012000,-0.007181,0.0
GME,2012-09-25,20120925,5.53,5.53,5.21,5.21999979019165,5.22,20.88,18663200,-0.056058,0.0
GME,2012-09-26,20120926,5.23,5.31,5.12,5.28000020980835,5.28,21.12,15690800,0.011494,0.0
GME,2012-09-27,20120927,5.29,5.31,5.2,5.230000019073486,5.23,20.92,7704400,-0.00947,0.0
GME,2012-09-28,20120928,5.22,5.26,5.14,5.25,5.25,21.0,12090400,0.003824,0.0
GME,2012-10-01,20121001,5.36,5.4,5.3,5.309999942779541,5.31,21.24,10143600,0.011429,0.0
GME,2012-10-02,20121002,5.3,5.37,5.26,5.332499980926514,5.33,21.32,11360000,0.003766,0.0
GME,2012-10-03,20121003,5.33,5.38,5.31,5.324999809265137,5.32,21.28,8414400,-0.001876,0.0
GME,2012-10-04,20121004,5.36,5.62,5.36,5.59250020980835,5.59,22.36,14410400,0.050752,0.0
GME,2012-10-05,20121005,5.62,5.87,5.6,5.769999980926514,5.77,23.08,16248000,0.0322,0.0
GME,2012-10-08,20121008,5.75,5.83,5.71,5.8125,5.81,23.24,11357600,0.006932,0.0
GME,2012-10-09,20121009,5.82,6.12,5.79,5.997499942779541,6.0,24.0,19618400,0.032702,0.0
GME,2012-10-10,20121010,5.99,5.99,5.71,5.739999771118164,5.74,22.96,14328800,-0.043333,0.0
GME,2012-10-11,20121011,5.8,5.98,5.71,5.715000152587891,5.72,22.88,16682800,-0.003484,0.0
GME,2012-10-12,20121012,5.72,5.77,5.65,5.692500114440918,5.69,22.76,9075600,-0.005245,0.0
GME,2012-10-15,20121015,5.73,5.82,5.67,5.695000171661377,5.7,22.8,7262400,0.001757,0.0
GME,2012-10-16,20121016,5.72,5.76,5.7,5.737500190734863,5.74,22.96,5444000,0.007018,0.0
GME,2012-10-17,20121017,5.74,5.76,5.67,5.735000133514404,5.74,22.96,6500000,0.0,0.0
GME,2012-10-18,20121018,5.73,5.89,5.7,5.860000133514404,5.86,23.44,9088000,0.020906,0.0
GME,2012-10-19,20121019,5.84,5.89,5.72,5.78000020980835,5.78,23.12,9161200,-0.013652,0.0
GME,2012-10-22,20121022,5.76,5.81,5.72,5.800000190734863,5.8,23.2,6562000,0.00346,0.0
GME,2012-10-23,20121023,5.74,5.87,5.64,5.775000095367432,5.78,23.12,10731200,-0.003448,0.0
GME,2012-10-24,20121024,5.75,5.84,5.66,5.820000171661377,5.82,23.28,11906400,0.00692,0.0
GME,2012-10-25,20121025,5.85,6.0,5.84,5.929999828338623,5.93,23.72,8462800,0.0189,0.0
GME,2012-10-26,20121026,5.92,5.93,5.7,5.75,5.75,23.0,9349200,-0.030354,0.0
GME,2012-10-31,20121031,5.76,5.81,5.69,5.707499980926514,5.71,22.84,7060400,-0.006957,0.0
GME,2012-11-01,20121101,5.71,5.91,5.7,5.900000095367432,5.9,23.6,6469200,0.033275,0.0
GME,2012-11-02,20121102,5.9,5.99,5.9,5.952499866485596,5.95,23.8,9767600,0.008475,0.0
GME,2012-11-05,20121105,5.96,6.07,5.91,5.929999828338623,5.93,23.72,7708400,-0.003361,0.0
GME,2012-11-06,20121106,5.97,6.03,5.94,5.980000019073486,5.98,23.92,5580400,0.008432,0.0
GME,2012-11-07,20121107,5.95,5.97,5.81,5.849999904632568,5.85,23.4,7892400,-0.021739,0.0
GME,2012-11-08,20121108,5.84,5.86,5.51,5.630000114440918,5.63,22.52,11655200,-0.037607,0.0
GME,2012-11-09,20121109,5.55,5.67,5.35,5.527500152587891,5.53,22.12,13927200,-0.017762,0.0
GME,2012-11-12,20121112,5.53,5.81,5.53,5.772500038146973,5.77,23.08,11094400,0.0434,0.0
GME,2012-11-13,20121113,5.74,5.82,5.59,5.815000057220459,5.82,23.28,13159200,0.008666,0.0
GME,2012-11-14,20121114,5.84,6.06,5.8,5.869999885559082,5.87,23.48,25697200,0.008591,0.0
GME,2012-11-15,20121115,6.01,6.22,5.75,6.125,6.12,24.48,43767600,0.042589,0.0
GME,2012-11-16,20121116,6.16,6.41,6.16,6.387499809265137,6.39,25.56,29376000,0.044118,0.0
GME,2012-11-19,20121119,6.47,6.55,6.32,6.480000019073486,6.48,25.92,23256000,0.014085,0.0
GME,2012-11-20,20121120,6.49,6.62,6.44,6.617499828338623,6.62,26.48,11994400,0.021605,0.0
GME,2012-11-21,20121121,6.61,6.79,6.57,6.769999980926514,6.77,27.08,22854400,0.022659,0.0
GME,2012-11-23,20121123,6.83,7.0,6.74,6.767499923706055,6.77,27.08,10151600,0.0,0.0
GME,2012-11-26,20121126,6.71,6.75,6.6,6.704999923706055,6.7,26.8,9468400,-0.01034,0.0
GME,2012-11-27,20121127,6.71,6.88,6.66,6.670000076293945,6.67,26.68,12588400,-0.004478,0.0
GME,2012-11-28,20121128,6.66,6.69,6.56,6.610000133514404,6.61,26.44,14475600,-0.008996,0.0
GME,2012-11-29,20121129,6.64,6.67,6.46,6.552499771118164,6.55,26.2,10922800,-0.009077,0.0
GME,2012-11-30,20121130,6.58,6.64,6.52,6.5625,6.56,26.24,10282000,0.001527,0.0
GME,2012-12-03,20121203,6.61,6.61,6.45,6.457499980926514,6.46,25.84,9694400,-0.015244,0.0
GME,2012-12-04,20121204,6.46,6.56,6.39,6.46999979019165,6.47,25.88,14253200,0.001548,0.0
GME,2012-12-05,20121205,6.45,6.58,6.35,6.492499828338623,6.49,25.96,11141200,0.003091,0.0
GME,2012-12-06,20121206,6.5,6.73,6.5,6.659999847412109,6.66,26.64,9926800,0.026194,0.0
GME,2012-12-07,20121207,6.67,6.86,6.64,6.824999809265137,6.82,27.28,10037200,0.024024,0.0
GME,2012-12-10,20121210,6.84,6.89,6.75,6.860000133514404,6.86,27.44,10475600,0.005865,0.0
GME,2012-12-11,20121211,6.86,6.96,6.84,6.927499771118164,6.93,27.72,9984800,0.010204,0.0
GME,2012-12-12,20121212,6.95,7.05,6.93,6.957499980926514,6.96,27.84,11078000,0.004329,0.0
GME,2012-12-13,20121213,6.96,7.09,6.86,6.902500152587891,6.9,27.6,17790000,-0.008621,0.0
GME,2012-12-14,20121214,6.77,6.97,6.77,6.877500057220459,6.88,27.52,10138000,-0.002899,0.0
GME,2012-12-17,20121217,6.9,6.92,6.83,6.880000114440918,6.88,27.52,9475200,0.0,0.0
GME,2012-12-18,20121218,6.96,6.96,6.85,6.929999828338623,6.93,27.72,13050400,0.007267,0.0
GME,2012-12-19,20121219,6.95,7.0,6.77,6.887499809265137,6.89,27.56,17166000,-0.005772,0.0
GME,2012-12-20,20121220,6.84,6.86,6.47,6.53249979019165,6.53,26.12,17246400,-0.05225,0.0
GME,2012-12-21,20121221,6.47,6.53,6.33,6.392499923706055,6.39,25.56,14838000,-0.02144,0.0
GME,2012-12-24,20121224,6.4,6.46,6.38,6.394999980926514,6.39,25.56,2161600,0.0,0.0
GME,2012-12-26,20121226,6.42,6.53,6.16,6.222499847412109,6.22,24.88,8402400,-0.026604,0.0
GME,2012-12-27,20121227,6.23,6.25,5.98,6.167500019073486,6.17,24.68,9706800,-0.008039,0.0
GME,2012-12-28,20121228,6.12,6.18,6.08,6.132500171661377,6.13,24.52,5726000,-0.006483,0.0
GME,2012-12-31,20121231,6.1,6.29,6.07,6.272500038146973,6.27,25.08,8393600,0.022838,0.0
GME,2013-01-02,20130102,6.39,6.47,6.25,6.414999961853027,6.41,25.64,19592400,0.022329,0.0
GME,2013-01-03,20130103,6.39,6.42,5.98,6.090000152587891,6.09,24.36,42571200,-0.049922,0.0
GME,2013-01-04,20130104,6.11,6.29,6.09,6.199999809265137,6.2,24.8,16160000,0.018062,0.0
GME,2013-01-07,20130107,6.16,6.23,5.97,6.1875,6.19,24.76,15935600,-0.001613,0.0
GME,2013-01-08,20130108,5.73,5.99,5.66,5.797500133514404,5.8,23.2,44524800,-0.063005,0.0
GME,2013-01-09,20130109,5.78,5.83,5.63,5.652500152587891,5.65,22.6,17327600,-0.025862,0.0
GME,2013-01-10,20130110,5.7,5.72,5.6,5.697500228881836,5.7,22.8,15601200,0.00885,0.0
GME,2013-01-11,20130111,5.67,5.81,5.57,5.8125,5.81,23.24,21068400,0.019298,0.0
GME,2013-01-14,20130114,5.8,5.84,5.71,5.752500057220459,5.75,23.0,14018800,-0.010327,0.0
GME,2013-01-15,20130115,5.72,5.8,5.69,5.789999961853027,5.79,23.16,11430000,0.006957,0.0
GME,2013-01-16,20130116,5.78,5.83,5.74,5.767499923706055,5.77,23.08,10560000,-0.003454,0.0
GME,2013-01-17,20130117,5.81,5.94,5.79,5.872499942779541,5.87,23.48,10398400,0.017331,0.0
GME,2013-01-18,20130118,5.88,5.89,5.8,5.820000171661377,5.82,23.28,8466000,-0.008518,0.0
GME,2013-01-22,20130122,5.84,5.86,5.79,5.829999923706055,5.83,23.32,7628400,0.001718,0.0
GME,2013-01-23,20130123,5.83,5.87,5.75,5.787499904632568,5.79,23.16,7164800,-0.006861,0.0
GME,2013-01-24,20130124,5.8,5.89,5.78,5.867499828338623,5.87,23.48,9199200,0.013817,0.0
GME,2013-01-25,20130125,5.9,5.95,5.85,5.927499771118164,5.93,23.72,8050400,0.010221,0.0
GME,2013-01-28,20130128,5.94,5.95,5.88,5.945000171661377,5.95,23.8,6575600,0.003373,0.0
GME,2013-01-29,20130129,5.91,6.05,5.86,6.005000114440918,6.01,24.04,9616400,0.010084,0.0
GME,2013-01-30,20130130,6.0,6.05,5.89,5.909999847412109,5.91,23.64,8915600,-0.016639,0.0
GME,2013-01-31,20130131,5.91,5.93,5.64,5.800000190734863,5.8,23.2,20644000,-0.018613,0.0
GME,2013-02-01,20130201,6.07,6.2,5.86,6.172500133514404,6.17,24.68,17624800,0.063793,0.0
GME,2013-02-04,20130204,6.15,6.43,6.08,6.3125,6.31,25.24,17586400,0.02269,0.0
GME,2013-02-05,20130205,6.32,6.75,6.3,6.702499866485596,6.7,26.8,23107200,0.061807,0.0
GME,2013-02-06,20130206,6.24,6.31,5.94,6.300000190734863,6.3,25.2,39911200,-0.059701,0.0
GME,2013-02-07,20130207,6.28,6.36,6.23,6.352499961853027,6.35,25.4,11059600,0.007937,0.0
GME,2013-02-08,20130208,6.39,6.56,6.39,6.514999866485596,6.51,26.04,13020800,0.025197,0.0
GME,2013-02-11,20130211,6.54,6.64,6.5,6.550000190734863,6.55,26.2,11470400,0.006144,0.0
GME,2013-02-12,20130212,6.57,6.57,6.35,6.462500095367432,6.46,25.84,13946800,-0.01374,0.0
GME,2013-02-13,20130213,6.49,6.56,6.42,6.507500171661377,6.51,26.04,10458400,0.00774,0.0
GME,2013-02-14,20130214,6.48,6.53,6.43,6.4375,6.44,25.76,6522800,-0.010753,0.0
GME,2013-02-15,20130215,6.5,6.5,6.28,6.34250020980835,6.34,25.36,12339200,-0.015528,0.0
GME,2013-02-19,20130219,6.31,6.39,6.14,6.375,6.38,25.52,13305200,0.006309,0.0
GME,2013-02-20,20130220,6.41,6.5,6.32,6.332499980926514,6.33,25.32,9223600,-0.007837,0.0
GME,2013-02-21,20130221,6.43,6.46,6.03,6.182499885559082,6.18,24.72,16028800,-0.023697,0.0
GME,2013-02-22,20130222,6.23,6.29,6.15,6.204999923706055,6.2,24.8,10165600,0.003236,0.0
GME,2013-02-25,20130225,6.27,6.3,6.15,6.152500152587891,6.15,24.6,6154800,-0.008065,0.0
GME,2013-02-26,20130226,6.19,6.3,5.95,6.197500228881836,6.2,24.8,10722000,0.00813,0.0
GME,2013-02-27,20130227,6.18,6.35,6.16,6.309999942779541,6.31,25.24,13807200,0.017742,0.0
GME,2013-02-28,20130228,6.33,6.41,6.26,6.264999866485596,6.26,25.04,10794400,-0.007924,0.0
GME,2013-03-01,20130301,6.16,6.21,5.99,6.012499809265137,6.01,24.04,14103600,-0.039936,0.0
GME,2013-03-04,20130304,5.99,6.02,5.84,5.885000228881836,5.89,23.56,13199200,-0.019967,0.0
GME,2013-03-05,20130305,5.95,6.09,5.92,6.074999809265137,6.07,24.28,13888000,0.03056,0.0
GME,2013-03-06,20130306,6.14,6.19,6.03,6.102499961853027,6.1,24.4,8697600,0.004942,0.0
GME,2013-03-07,20130307,6.09,6.19,6.05,6.135000228881836,6.14,24.56,5027600,0.006557,0.0
GME,2013-03-08,20130308,6.17,6.24,6.07,6.167500019073486,6.17,24.68,5762400,0.004886,0.0
GME,2013-03-11,20130311,6.16,6.32,6.09,6.315000057220459,6.32,25.28,8355600,0.024311,0.0
GME,2013-03-12,20130312,6.32,6.39,6.25,6.369999885559082,6.37,25.48,6461200,0.007911,0.0
GME,2013-03-13,20130313,6.36,6.47,6.35,6.412499904632568,6.41,25.64,5648400,0.006279,0.0
GME,2013-03-14,20130314,6.43,6.43,6.28,6.352499961853027,6.35,25.4,6496000,-0.00936,0.0
GME,2013-03-15,20130315,6.33,6.37,6.24,6.362500190734863,6.36,25.44,10422800,0.001575,0.0
GME,2013-03-18,20130318,6.29,6.45,6.29,6.429999828338623,6.43,25.72,5818000,0.011006,0.0
GME,2013-03-19,20130319,6.45,6.45,6.22,6.309999942779541,6.31,25.24,5177200,-0.018663,0.0
GME,2013-03-20,20130320,6.35,6.38,6.26,6.362500190734863,6.36,25.44,7318400,0.007924,0.0
GME,2013-03-21,20130321,6.34,6.42,6.25,6.309999942779541,6.31,25.24,7572000,-0.007862,0.0
GME,2013-03-22,20130322,6.34,6.45,6.27,6.414999961853027,6.41,25.64,4812800,0.015848,0.0
GME,2013-03-25,20130325,6.45,6.54,6.3,6.34499979019165,6.34,25.36,8667600,-0.01092,0.0
GME,2013-03-26,20130326,6.41,6.6,6.36,6.590000152587891,6.59,26.36,14184000,0.039432,0.0
GME,2013-03-27,20130327,6.57,6.67,6.53,6.612500190734863,6.61,26.44,12135200,0.003035,0.0
GME,2013-03-28,20130328,6.31,7.17,6.31,6.992499828338623,6.99,27.96,39372800,0.057489,0.0
GME,2013-04-01,20130401,7.0,7.52,6.98,7.440000057220459,7.44,29.76,28086000,0.064378,0.0
GME,2013-04-02,20130402,7.43,7.59,7.26,7.559999942779541,7.56,30.24,16349200,0.016129,0.0
GME,2013-04-03,20130403,7.57,7.65,7.5,7.5625,7.56,30.24,18020400,0.0,0.0
GME,2013-04-04,20130404,7.55,7.78,7.37,7.472499847412109,7.47,29.88,17995200,-0.011905,0.0
GME,2013-04-05,20130405,7.41,7.52,7.33,7.489999771118164,7.49,29.96,11217200,0.002677,0.0
GME,2013-04-08,20130408,7.51,7.64,7.46,7.565000057220459,7.57,30.28,11594000,0.010681,0.0
GME,2013-04-09,20130409,7.55,7.59,7.46,7.46999979019165,7.47,29.88,9748000,-0.01321,0.0
GME,2013-04-10,20130410,7.5,7.56,7.38,7.477499961853027,7.48,29.92,11600000,0.001339,0.0
GME,2013-04-11,20130411,7.5,7.94,7.48,7.920000076293945,7.92,31.68,25042000,0.058824,0.0
GME,2013-04-12,20130412,7.89,8.08,7.79,8.005000114440918,8.01,32.04,11446800,0.011364,0.0
GME,2013-04-15,20130415,8.0,8.04,7.83,7.84499979019165,7.84,31.36,11366800,-0.021223,0.0
GME,2013-04-16,20130416,7.88,8.08,7.82,8.074999809265137,8.07,32.28,11226800,0.029337,0.0
GME,2013-04-17,20130417,7.99,8.2,7.89,8.192500114440918,8.19,32.76,18656400,0.01487,0.0
GME,2013-04-18,20130418,8.16,8.31,8.12,8.170000076293945,8.17,32.68,18770400,-0.002442,0.0
GME,2013-04-19,20130419,8.16,8.27,8.07,8.182499885559082,8.18,32.72,12038000,0.001224,0.0
GME,2013-04-22,20130422,8.18,8.29,7.96,8.130000114440918,8.13,32.52,12639600,-0.006112,0.0
GME,2013-04-23,20130423,8.19,8.31,8.13,8.297499656677246,8.3,33.2,11824000,0.02091,0.0
GME,2013-04-24,20130424,8.3,8.64,8.25,8.557499885559082,8.56,34.24,12242400,0.031325,0.0
GME,2013-04-25,20130425,8.56,8.64,8.45,8.5600004196167,8.56,34.24,11951200,0.0,0.0
GME,2013-04-26,20130426,8.53,8.74,8.51,8.654999732971191,8.65,34.6,7236800,0.010514,0.0
GME,2013-04-29,20130429,8.66,8.82,8.59,8.642499923706055,8.64,34.56,9066000,-0.001156,0.0
GME,2013-04-30,20130430,8.65,8.85,8.61,8.725000381469727,8.73,34.92,12765600,0.010417,0.0
GME,2013-05-01,20130501,8.74,8.79,8.58,8.6850004196167,8.69,34.76,7445200,-0.004582,0.0
GME,2013-05-02,20130502,8.68,9.09,8.65,9.077500343322754,9.08,36.32,8562800,0.044879,0.0
GME,2013-05-03,20130503,9.14,9.31,9.11,9.287500381469727,9.29,37.16,10840400,0.023128,0.0
GME,2013-05-06,20130506,9.25,9.36,9.16,9.297499656677246,9.3,37.2,8249600,0.001076,0.0
GME,2013-05-07,20130507,9.43,9.43,9.23,9.322500228881836,9.32,37.28,12170000,0.002151,0.0
GME,2013-05-08,20130508,9.38,9.64,9.27,9.28499984741211,9.28,37.12,12584800,-0.004292,0.0
GME,2013-05-09,20130509,9.28,9.38,9.15,9.272500038146973,9.27,37.08,13998400,-0.001078,0.0
GME,2013-05-10,20130510,9.29,9.6,9.28,9.595000267028809,9.6,38.4,9331200,0.035599,0.0
GME,2013-05-13,20130513,9.56,9.65,9.55,9.567500114440918,9.57,38.28,11100800,-0.003125,0.0
GME,2013-05-14,20130514,9.55,9.75,9.55,9.65999984741211,9.66,38.64,9750800,0.009404,0.0
GME,2013-05-15,20130515,9.65,9.81,9.61,9.7475004196167,9.75,39.0,7657600,0.009317,0.0
GME,2013-05-16,20130516,9.7,9.72,9.45,9.512499809265137,9.51,38.04,9675600,-0.024615,0.0
GME,2013-05-17,20130517,9.6,9.97,9.57,9.9399995803833,9.94,39.76,15209200,0.045216,0.0
GME,2013-05-20,20130520,9.94,9.95,9.69,9.6899995803833,9.69,38.76,10988400,-0.025151,0.0
GME,2013-05-21,20130521,9.77,9.82,8.94,9.194999694824219,9.19,36.76,34144800,-0.0516,0.0
GME,2013-05-22,20130522,9.1,9.35,8.93,9.0625,9.06,36.24,25998400,-0.014146,0.0
GME,2013-05-23,20130523,8.99,9.2,8.7,9.0024995803833,9.0,36.0,33572800,-0.006623,0.0
GME,2013-05-24,20130524,8.8,8.86,7.74,8.02750015258789,8.03,32.12,55468800,-0.107778,0.0
GME,2013-05-28,20130528,8.2,8.39,7.88,7.929999828338623,7.93,31.72,19694800,-0.012453,0.0
GME,2013-05-29,20130529,7.89,8.02,7.87,7.954999923706055,7.95,31.8,8894400,0.002522,0.0
GME,2013-05-30,20130530,7.91,8.43,7.91,8.375,8.38,33.52,16263600,0.054088,0.0
GME,2013-05-31,20130531,8.18,8.46,8.15,8.289999961853027,8.29,33.16,13592000,-0.01074,0.0
GME,2013-06-03,20130603,8.3,8.66,8.29,8.600000381469727,8.6,34.4,19293600,0.037394,0.0
GME,2013-06-04,20130604,8.59,9.01,8.57,8.8725004196167,8.87,35.48,26521200,0.031395,0.0
GME,2013-06-05,20130605,8.83,8.94,8.56,8.71500015258789,8.72,34.88,17047600,-0.016911,0.0
GME,2013-06-06,20130606,8.73,8.94,8.49,8.654999732971191,8.65,34.6,16494400,-0.008028,0.0
GME,2013-06-07,20130607,8.9,9.37,8.89,9.1875,9.19,36.76,28413200,0.062428,0.0
GME,2013-06-10,20130610,9.19,9.25,8.71,8.7475004196167,8.75,35.0,17507200,-0.047878,0.0
GME,2013-06-11,20130611,9.15,9.67,9.11,9.430000305175781,9.43,37.72,35602800,0.077714,0.0
GME,2013-06-12,20130612,9.51,9.55,9.11,9.147500038146973,9.15,36.6,14868800,-0.029692,0.0
GME,2013-06-13,20130613,9.16,9.55,9.05,9.382499694824219,9.38,37.52,13186000,0.025137,0.0
GME,2013-06-14,20130614,9.66,9.94,9.65,9.7524995803833,9.75,39.0,24263600,0.039446,0.0
GME,2013-06-17,20130617,9.76,9.84,9.51,9.625,9.62,38.48,9991600,-0.013333,0.0
GME,2013-06-18,20130618,9.57,9.62,9.48,9.614999771118164,9.61,38.44,6765600,-0.00104,0.0
GME,2013-06-19,20130619,9.57,9.76,9.53,9.632499694824219,9.63,38.52,6960000,0.002081,0.0
GME,2013-06-20,20130620,10.08,10.34,9.9,10.234999656677246,10.23,40.92,34425600,0.062305,0.0
GME,2013-06-21,20130621,10.35,10.38,10.11,10.194999694824219,10.19,40.76,24414800,-0.00391,0.0
GME,2013-06-24,20130624,10.07,10.18,9.94,9.975000381469727,9.98,39.92,16722400,-0.020608,0.0
GME,2013-06-25,20130625,10.04,10.11,9.86,10.015000343322754,10.02,40.08,12790000,0.004008,0.0
GME,2013-06-26,20130626,10.02,10.15,9.87,10.095000267028809,10.1,40.4,10692800,0.007984,0.0
GME,2013-06-27,20130627,10.12,10.27,10.1,10.217499732971191,10.22,40.88,8042400,0.011881,0.0
GME,2013-06-28,20130628,10.28,10.71,10.28,10.507499694824219,10.51,42.04,13968400,0.028376,0.0
GME,2013-07-01,20130701,10.5,10.59,10.41,10.552499771118164,10.55,42.2,7224400,0.003806,0.0
GME,2013-07-02,20130702,10.57,10.69,10.5,10.542499542236328,10.54,42.16,10888400,-0.000948,0.0
GME,2013-07-03,20130703,10.54,10.69,10.52,10.595000267028809,10.6,42.4,2504000,0.005693,0.0
GME,2013-07-05,20130705,10.65,10.75,10.41,10.7475004196167,10.75,43.0,4302400,0.014151,0.0
GME,2013-07-08,20130708,10.77,10.83,10.59,10.657500267028809,10.66,42.64,9387200,-0.008372,0.0
GME,2013-07-09,20130709,10.68,10.81,10.56,10.672499656677246,10.67,42.68,6728800,0.000938,0.0
GME,2013-07-10,20130710,10.67,10.73,10.55,10.604999542236328,10.6,42.4,7175200,-0.00656,0.0
GME,2013-07-11,20130711,10.75,10.81,10.56,10.649999618530273,10.65,42.6,8972000,0.004717,0.0
GME,2013-07-12,20130712,10.65,10.8,10.53,10.792499542236328,10.79,43.16,7475200,0.013146,0.0
GME,2013-07-15,20130715,10.79,10.88,10.74,10.869999885559082,10.87,43.48,7650800,0.007414,0.0
GME,2013-07-16,20130716,10.84,10.98,10.62,10.960000038146973,10.96,43.84,14174000,0.00828,0.0
GME,2013-07-17,20130717,10.98,11.03,10.84,10.869999885559082,10.87,43.48,7836800,-0.008212,0.0
GME,2013-07-18,20130718,10.88,11.0,10.87,10.907500267028809,10.91,43.64,3755200,0.00368,0.0
GME,2013-07-19,20130719,10.97,11.11,10.83,10.864999771118164,10.86,43.44,6703200,-0.004583,0.0
GME,2013-07-22,20130722,10.88,10.95,10.74,10.755000114440918,10.76,43.04,4352000,-0.009208,0.0
GME,2013-07-23,20130723,10.78,10.85,10.58,10.604999542236328,10.6,42.4,7554400,-0.01487,0.0
GME,2013-07-24,20130724,10.69,11.1,10.68,10.8100004196167,10.81,43.24,10179600,0.019811,0.0
GME,2013-07-25,20130725,10.78,11.11,10.71,11.102499961853027,11.1,44.4,7434800,0.026827,0.0
GME,2013-07-26,20130726,11.02,11.46,10.97,11.449999809265137,11.45,45.8,10391600,0.031532,0.0
GME,2013-07-29,20130729,11.42,11.44,11.14,11.34749984741211,11.35,45.4,7770800,-0.008734,0.0
GME,2013-07-30,20130730,11.36,11.81,11.36,11.727499961853027,11.73,46.92,10822800,0.03348,0.0
GME,2013-07-31,20130731,11.78,12.38,11.78,12.265000343322754,12.27,49.08,18825200,0.046036,0.0
GME,2013-08-01,20130801,12.38,12.84,12.31,12.494999885559082,12.49,49.96,16776400,0.01793,0.0
GME,2013-08-02,20130802,12.24,12.66,11.99,12.59749984741211,12.6,50.4,15702000,0.008807,0.0
GME,2013-08-05,20130805,12.58,12.78,12.46,12.572500228881836,12.57,50.28,10920400,-0.002381,0.0
GME,2013-08-06,20130806,12.55,12.66,12.19,12.2475004196167,12.25,49.0,14586400,-0.025457,0.0
GME,2013-08-07,20130807,12.15,12.23,11.8,11.970000267028809,11.97,47.88,14761600,-0.022857,0.0
GME,2013-08-08,20130808,11.97,12.18,11.91,12.1225004196167,12.12,48.48,11133200,0.012531,0.0
GME,2013-08-09,20130809,12.06,12.36,12.03,12.242500305175781,12.24,48.96,6906000,0.009901,0.0
GME,2013-08-12,20130812,12.14,12.4,12.1,12.369999885559082,12.37,49.48,5619600,0.010621,0.0
GME,2013-08-13,20130813,12.4,12.41,12.19,12.3100004196167,12.31,49.24,6287600,-0.00485,0.0
GME,2013-08-14,20130814,12.27,12.41,12.13,12.172499656677246,12.17,48.68,5108000,-0.011373,0.0
GME,2013-08-15,20130815,12.05,12.11,11.84,11.922499656677246,11.92,47.68,5038800,-0.020542,0.0
GME,2013-08-16,20130816,11.87,12.14,11.76,11.895000457763672,11.9,47.6,6299200,-0.001678,0.0
GME,2013-08-19,20130819,11.93,12.06,11.89,11.925000190734863,11.93,47.72,6885600,0.002521,0.0
GME,2013-08-20,20130820,12.04,12.09,11.93,12.0600004196167,12.06,48.24,7826000,0.010897,0.0
GME,2013-08-21,20130821,12.0,12.16,11.83,11.904999732971191,11.9,47.6,6636000,-0.013267,0.0
GME,2013-08-22,20130822,13.49,14.02,12.89,12.977499961853027,12.98,51.92,40547600,0.090756,0.0
GME,2013-08-23,20130823,13.15,13.2,12.7,12.904999732971191,12.9,51.6,9461200,-0.006163,0.0
GME,2013-08-26,20130826,12.89,13.3,12.89,13.095000267028809,13.1,52.4,9117600,0.015504,0.0
GME,2013-08-27,20130827,13.02,13.02,12.34,12.342499732971191,12.34,49.36,10185200,-0.058015,0.0
GME,2013-08-28,20130828,12.34,12.57,12.32,12.475000381469727,12.48,49.92,8990400,0.011345,0.0
GME,2013-08-29,20130829,12.47,12.87,12.43,12.664999961853027,12.66,50.64,5702000,0.014423,0.0
GME,2013-08-30,20130830,12.77,12.77,12.42,12.552499771118164,12.55,50.2,8118800,-0.008689,0.0
GME,2013-09-03,20130903,12.69,12.8,12.48,12.492500305175781,12.49,49.96,5745200,-0.004781,0.0
GME,2013-09-04,20130904,12.46,12.6,12.35,12.40999984741211,12.41,49.64,7009600,-0.006405,0.0
GME,2013-09-05,20130905,12.41,12.87,12.41,12.800000190734863,12.8,51.2,6313200,0.031426,0.0
GME,2013-09-06,20130906,12.81,12.88,12.36,12.40250015258789,12.4,49.6,7304800,-0.03125,0.0
GME,2013-09-09,20130909,12.52,12.7,12.43,12.524999618530273,12.52,50.08,7003600,0.009677,0.0
GME,2013-09-10,20130910,12.56,12.67,12.52,12.585000038146973,12.59,50.36,4505600,0.005591,0.0
GME,2013-09-11,20130911,12.56,12.62,12.31,12.390000343322754,12.39,49.56,5350000,-0.015886,0.0
GME,2013-09-12,20130912,12.41,12.46,12.23,12.362500190734863,12.36,49.44,4783200,-0.002421,0.0
GME,2013-09-13,20130913,12.4,13.14,12.39,13.112500190734863,13.11,52.44,11580000,0.06068,0.0
GME,2013-09-16,20130916,13.22,13.32,13.02,13.029999732971191,13.03,52.12,7050000,-0.006102,0.0
GME,2013-09-17,20130917,13.14,13.28,12.97,13.154999732971191,13.15,52.6,8488400,0.00921,0.0
GME,2013-09-18,20130918,13.11,13.16,12.58,12.845000267028809,12.85,51.4,8842400,-0.022814,0.0
GME,2013-09-19,20130919,13.02,13.06,12.9,12.960000038146973,12.96,51.84,5529200,0.00856,0.0
GME,2013-09-20,20130920,12.97,12.97,12.29,12.357500076293945,12.36,49.44,14769200,-0.046296,0.0
GME,2013-09-23,20130923,12.38,12.51,12.16,12.452500343322754,12.45,49.8,8452400,0.007282,0.0
GME,2013-09-24,20130924,12.49,12.84,12.47,12.762499809265137,12.76,51.04,7662000,0.0249,0.0
GME,2013-09-25,20130925,12.82,12.93,12.53,12.699999809265137,12.7,50.8,6532000,-0.004702,0.0
GME,2013-09-26,20130926,12.68,12.78,12.4,12.607500076293945,12.61,50.44,5015200,-0.007087,0.0
GME,2013-09-27,20130927,12.52,12.63,12.39,12.412500381469727,12.41,49.64,5275200,-0.01586,0.0
GME,2013-09-30,20130930,12.31,12.48,12.26,12.412500381469727,12.41,49.64,7489200,0.0,0.0
GME,2013-10-01,20131001,12.4,12.81,12.39,12.802499771118164,12.8,51.2,10804400,0.031426,0.0
GME,2013-10-02,20131002,12.72,12.74,12.45,12.579999923706055,12.58,50.32,5959600,-0.017188,0.0
GME,2013-10-03,20131003,12.55,12.67,11.93,12.454999923706055,12.45,49.8,5899200,-0.010334,0.0
GME,2013-10-04,20131004,12.44,12.73,12.35,12.675000190734863,12.68,50.72,5106800,0.018474,0.0
GME,2013-10-07,20131007,12.56,12.7,12.39,12.395000457763672,12.4,49.6,4756000,-0.022082,0.0
GME,2013-10-08,20131008,12.43,12.69,12.22,12.329999923706055,12.33,49.32,7138400,-0.005645,0.0
GME,2013-10-09,20131009,12.38,12.56,12.13,12.505000114440918,12.51,50.04,6132800,0.014599,0.0
GME,2013-10-10,20131010,12.66,13.21,12.64,12.97249984741211,12.97,51.88,12719200,0.036771,0.0
GME,2013-10-11,20131011,12.89,13.04,12.81,12.890000343322754,12.89,51.56,6244000,-0.006168,0.0
GME,2013-10-14,20131014,12.77,12.97,12.7,12.944999694824219,12.94,51.76,4960000,0.003879,0.0
GME,2013-10-15,20131015,12.95,13.02,12.75,12.824999809265137,12.82,51.28,7324400,-0.009274,0.0
GME,2013-10-16,20131016,12.87,12.99,12.76,12.914999961853027,12.91,51.64,7542800,0.00702,0.0
GME,2013-10-17,20131017,12.91,13.18,12.85,13.167499542236328,13.17,52.68,6847200,0.020139,0.0
GME,2013-10-18,20131018,13.26,13.5,13.01,13.470000267028809,13.47,53.88,6705600,0.022779,0.0
GME,2013-10-21,20131021,13.57,13.71,13.34,13.662500381469727,13.66,54.64,6783600,0.014105,0.0
GME,2013-10-22,20131022,13.69,13.82,13.55,13.6899995803833,13.69,54.76,7547600,0.002196,0.0
GME,2013-10-23,20131023,13.64,13.71,13.4,13.617500305175781,13.62,54.48,5396000,-0.005113,0.0
GME,2013-10-24,20131024,13.65,13.77,13.63,13.699999809265137,13.7,54.8,4599200,0.005874,0.0
GME,2013-10-25,20131025,13.73,13.84,13.59,13.720000267028809,13.72,54.88,3676400,0.00146,0.0
GME,2013-10-28,20131028,13.72,13.76,13.55,13.602499961853027,13.6,54.4,4799600,-0.008746,0.0
GME,2013-10-29,20131029,13.73,13.92,13.18,13.862500190734863,13.86,55.44,7617600,0.019118,0.0
GME,2013-10-30,20131030,13.96,14.0,13.73,13.805000305175781,13.81,55.24,5788000,-0.003608,0.0
GME,2013-10-31,20131031,13.8,13.84,13.52,13.704999923706055,13.7,54.8,7030800,-0.007965,0.0
GME,2013-11-01,20131101,13.77,13.84,13.68,13.762499809265137,13.76,55.04,9355600,0.00438,0.0
GME,2013-11-04,20131104,13.86,13.93,13.74,13.824999809265137,13.82,55.28,5709600,0.00436,0.0
GME,2013-11-05,20131105,13.84,14.19,13.64,14.140000343322754,14.14,56.56,10962800,0.023155,0.0
GME,2013-11-06,20131106,14.18,14.3,13.96,14.012499809265137,14.01,56.04,6945600,-0.009194,0.0
GME,2013-11-07,20131107,13.99,14.08,13.41,13.454999923706055,13.45,53.8,9811600,-0.039971,0.0
GME,2013-11-08,20131108,13.48,13.88,13.45,13.869999885559082,13.87,55.48,5989600,0.031227,0.0
GME,2013-11-11,20131111,13.8,13.94,13.51,13.845000267028809,13.85,55.4,6014000,-0.001442,0.0
GME,2013-11-12,20131112,13.84,14.28,13.75,14.239999771118164,14.24,56.96,9398800,0.028159,0.0
GME,2013-11-13,20131113,14.14,14.4,14.14,14.397500038146973,14.4,57.6,7041600,0.011236,0.0
GME,2013-11-14,20131114,14.42,14.44,14.23,14.357500076293945,14.36,57.44,6816000,-0.002778,0.0
GME,2013-11-15,20131115,14.38,14.39,13.9,14.132499694824219,14.13,56.52,11509600,-0.016017,0.0
GME,2013-11-18,20131118,14.27,14.3,13.69,13.760000228881836,13.76,55.04,10570400,-0.026185,0.0
GME,2013-11-19,20131119,13.82,13.83,13.25,13.297499656677246,13.3,53.2,12419200,-0.03343,0.0
GME,2013-11-20,20131120,13.31,13.33,12.95,13.109999656677246,13.11,52.44,16545600,-0.014286,0.0
GME,2013-11-21,20131121,12.55,12.56,11.66,12.199999809265137,12.2,48.8,58424000,-0.069413,0.0
GME,2013-11-22,20131122,12.48,12.5,12.15,12.46500015258789,12.47,49.88,20955200,0.022131,0.0
GME,2013-11-25,20131125,12.68,12.68,12.19,12.225000381469727,12.23,48.92,22014000,-0.019246,0.0
GME,2013-11-26,20131126,12.24,12.34,12.0,12.0649995803833,12.06,48.24,18137200,-0.0139,0.0
GME,2013-11-27,20131127,12.07,12.15,11.92,11.942500114440918,11.94,47.76,14298800,-0.00995,0.0
GME,2013-11-29,20131129,12.05,12.19,11.98,12.0625,12.06,48.24,9180800,0.01005,0.0
GME,2013-12-02,20131202,12.12,12.15,11.69,11.742500305175781,11.74,46.96,16794000,-0.026534,0.0
GME,2013-12-03,20131203,11.69,11.73,11.23,11.487500190734863,11.49,45.96,32862800,-0.021295,0.0
GME,2013-12-04,20131204,11.51,11.67,11.41,11.442500114440918,11.44,45.76,18393600,-0.004352,0.0
GME,2013-12-05,20131205,11.41,11.53,11.27,11.282500267028809,11.28,45.12,17945200,-0.013986,0.0
GME,2013-12-06,20131206,11.42,11.64,11.22,11.270000457763672,11.27,45.08,15780800,-0.000887,0.0
GME,2013-12-09,20131209,11.27,11.53,11.25,11.395000457763672,11.4,45.6,17645600,0.011535,0.0
GME,2013-12-10,20131210,11.37,11.48,11.3,11.442500114440918,11.44,45.76,13598000,0.003509,0.0
GME,2013-12-11,20131211,11.44,11.61,11.26,11.302499771118164,11.3,45.2,11872800,-0.012238,0.0
GME,2013-12-12,20131212,11.28,11.62,11.27,11.40250015258789,11.4,45.6,11870000,0.00885,0.0
GME,2013-12-13,20131213,11.5,11.95,11.5,11.822500228881836,11.82,47.28,19215600,0.036842,0.0
GME,2013-12-16,20131216,11.85,12.12,11.85,12.02750015258789,12.03,48.12,14051600,0.017766,0.0
GME,2013-12-17,20131217,12.01,12.28,11.95,12.244999885559082,12.24,48.96,11594800,0.017456,0.0
GME,2013-12-18,20131218,12.25,12.54,12.14,12.482500076293945,12.48,49.92,14142000,0.019608,0.0
GME,2013-12-19,20131219,12.42,12.62,12.31,12.467499732971191,12.47,49.88,9278400,-0.000801,0.0
GME,2013-12-20,20131220,12.48,12.54,12.29,12.3125,12.31,49.24,11484000,-0.012831,0.0
GME,2013-12-23,20131223,12.34,12.64,12.26,12.630000114440918,12.63,50.52,7376000,0.025995,0.0
GME,2013-12-24,20131224,12.59,12.8,12.59,12.742500305175781,12.74,50.96,4603200,0.008709,0.0
GME,2013-12-26,20131226,12.77,12.89,12.55,12.59000015258789,12.59,50.36,6075200,-0.011774,0.0
GME,2013-12-27,20131227,12.58,12.65,12.23,12.260000228881836,12.26,49.04,8428800,-0.026211,0.0
GME,2013-12-30,20131230,12.25,12.35,12.04,12.317500114440918,12.32,49.28,7888400,0.004894,0.0
GME,2013-12-31,20131231,12.36,12.45,12.28,12.3149995803833,12.31,49.24,6984400,-0.000812,0.0
GME,2014-01-02,20140102,12.29,12.44,12.03,12.412500381469727,12.41,49.64,11337200,0.008123,0.0
GME,2014-01-03,20140103,12.43,12.5,12.27,12.3100004196167,12.31,49.24,5271200,-0.008058,0.0
GME,2014-01-06,20140106,12.31,12.32,11.99,12.042499542236328,12.04,48.16,11595600,-0.021933,0.0
GME,2014-01-07,20140107,12.11,12.27,10.9,11.03499984741211,11.03,44.12,60224000,-0.083887,0.0
GME,2014-01-08,20140108,10.98,11.41,10.9,11.337499618530273,11.34,45.36,29900800,0.028105,0.0
GME,2014-01-09,20140109,11.34,11.35,11.07,11.242500305175781,11.24,44.96,15887200,-0.008818,0.0
GME,2014-01-10,20140110,11.12,11.4,11.12,11.380000114440918,11.38,45.52,8870000,0.012456,0.0
GME,2014-01-13,20140113,11.37,11.46,11.27,11.329999923706055,11.33,45.32,17146000,-0.004394,0.0
GME,2014-01-14,20140114,9.6,9.77,9.0,9.077500343322754,9.08,36.32,94026800,-0.198588,0.0
GME,2014-01-15,20140115,9.19,9.26,9.06,9.242500305175781,9.24,36.96,33702400,0.017621,0.0
GME,2014-01-16,20140116,9.19,9.64,9.13,9.4375,9.44,37.76,34463600,0.021645,0.0
GME,2014-01-17,20140117,9.47,9.6,9.24,9.412500381469727,9.41,37.64,25863200,-0.003178,0.0
GME,2014-01-21,20140121,9.63,9.85,9.53,9.552499771118164,9.55,38.2,24843200,0.014878,0.0
GME,2014-01-22,20140122,9.53,9.85,9.5,9.8125,9.81,39.24,15303200,0.027225,0.0
GME,2014-01-23,20140123,9.85,9.88,9.44,9.5625,9.56,38.24,19949200,-0.025484,0.0
GME,2014-01-24,20140124,9.48,9.48,9.1,9.130000114440918,9.13,36.52,21522400,-0.044979,0.0
GME,2014-01-27,20140127,9.15,9.38,9.04,9.329999923706055,9.33,37.32,15472400,0.021906,0.0
GME,2014-01-28,20140128,9.32,9.4,8.95,9.012499809265137,9.01,36.04,18165200,-0.034298,0.0
GME,2014-01-29,20140129,8.93,9.09,8.75,8.767499923706055,8.77,35.08,19112000,-0.026637,0.0
GME,2014-01-30,20140130,8.88,8.94,8.68,8.827500343322754,8.83,35.32,16910800,0.006842,0.0
GME,2014-01-31,20140131,8.76,8.86,8.7,8.767499923706055,8.77,35.08,17035200,-0.006795,0.0
GME,2014-02-03,20140203,8.74,8.78,8.27,8.457500457763672,8.46,33.84,26290000,-0.035348,0.0
GME,2014-02-04,20140204,8.49,8.6,8.28,8.487500190734863,8.49,33.96,22790000,0.003546,0.0
GME,2014-02-05,20140205,8.42,8.75,8.39,8.6899995803833,8.69,34.76,17794800,0.023557,0.0
GME,2014-02-06,20140206,8.65,8.9,8.64,8.837499618530273,8.84,35.36,10514400,0.017261,0.0
GME,2014-02-07,20140207,8.85,8.94,8.75,8.875,8.88,35.52,13534000,0.004525,0.0
GME,2014-02-10,20140210,8.88,9.17,8.85,9.104999542236328,9.1,36.4,17729600,0.024775,0.0
GME,2014-02-11,20140211,9.11,9.15,8.93,8.9375,8.94,35.76,23831200,-0.017582,0.0
GME,2014-02-12,20140212,8.97,9.19,8.92,9.1274995803833,9.13,36.52,13958800,0.021253,0.0
GME,2014-02-13,20140213,9.06,9.07,8.84,8.96500015258789,8.97,35.88,15523200,-0.017525,0.0
GME,2014-02-14,20140214,8.93,8.93,8.76,8.90250015258789,8.9,35.6,13072400,-0.007804,0.0
GME,2014-02-18,20140218,8.95,9.11,8.83,9.03499984741211,9.03,36.12,10734000,0.014607,0.0
GME,2014-02-19,20140219,9.03,9.03,8.81,8.899999618530273,8.9,35.6,14306800,-0.014396,0.0
GME,2014-02-20,20140220,8.9,8.95,8.84,8.90999984741211,8.91,35.64,8972800,0.001124,0.0
GME,2014-02-21,20140221,8.89,8.93,8.83,8.890000343322754,8.89,35.56,10791600,-0.002245,0.0
GME,2014-02-24,20140224,8.9,9.09,8.85,9.012499809265137,9.01,36.04,11340800,0.013498,0.0
GME,2014-02-25,20140225,9.06,9.75,9.04,9.617500305175781,9.62,38.48,27935600,0.067703,0.0
GME,2014-02-26,20140226,9.58,9.65,9.4,9.517499923706055,9.52,38.08,13794400,-0.010395,0.0
GME,2014-02-27,20140227,9.41,9.47,9.23,9.3125,9.31,37.24,11474800,-0.022059,0.0
GME,2014-02-28,20140228,9.35,9.44,9.23,9.327500343322754,9.33,37.32,8571200,0.002148,0.0
GME,2014-03-03,20140303,9.26,9.42,9.21,9.297499656677246,9.3,37.2,6933200,-0.003215,0.0
GME,2014-03-04,20140304,9.38,9.46,9.31,9.337499618530273,9.34,37.36,6133200,0.004301,0.0
GME,2014-03-05,20140305,9.43,9.75,9.38,9.6875,9.69,38.76,15731200,0.037473,0.0
GME,2014-03-06,20140306,9.69,9.84,9.6,9.672499656677246,9.67,38.68,11832800,-0.002064,0.0
GME,2014-03-07,20140307,9.75,9.8,9.6,9.630000114440918,9.63,38.52,8106400,-0.004137,0.0
GME,2014-03-10,20140310,9.63,9.74,9.52,9.6274995803833,9.63,38.52,9502000,0.0,0.0
GME,2014-03-11,20140311,9.61,9.7,9.57,9.6225004196167,9.62,38.48,8839200,-0.001038,0.0
GME,2014-03-12,20140312,9.49,9.64,9.49,9.625,9.62,38.48,8959200,0.0,0.0
GME,2014-03-13,20140313,9.57,9.61,9.26,9.279999732971191,9.28,37.12,12641200,-0.035343,0.0
GME,2014-03-14,20140314,9.22,9.79,9.19,9.744999885559082,9.74,38.96,16728400,0.049569,0.0
GME,2014-03-17,20140317,9.76,9.96,9.72,9.9375,9.94,39.76,11348800,0.020534,0.0
GME,2014-03-18,20140318,9.47,9.67,9.34,9.59749984741211,9.6,38.4,30610000,-0.034205,0.0
GME,2014-03-19,20140319,9.61,9.65,9.32,9.40250015258789,9.4,37.6,11680800,-0.020833,0.0
GME,2014-03-20,20140320,9.36,9.66,9.36,9.609999656677246,9.61,38.44,8980000,0.02234,0.0
GME,2014-03-21,20140321,9.67,9.72,9.44,9.454999923706055,9.45,37.8,11760000,-0.016649,0.0
GME,2014-03-24,20140324,9.5,9.64,9.4,9.52750015258789,9.53,38.12,12948000,0.008466,0.0
GME,2014-03-25,20140325,9.61,9.64,9.44,9.447500228881836,9.45,37.8,12698400,-0.008395,0.0
GME,2014-03-26,20140326,9.52,9.75,9.51,9.725000381469727,9.73,38.92,22553600,0.02963,0.0
GME,2014-03-27,20140327,9.28,9.44,8.82,9.332500457763672,9.33,37.32,42473200,-0.04111,0.0
GME,2014-03-28,20140328,9.34,10.16,9.34,10.154999732971191,10.15,40.6,29237200,0.087889,0.0
GME,2014-03-31,20140331,10.18,10.39,10.06,10.274999618530273,10.27,41.08,16544000,0.011823,0.0
GME,2014-04-01,20140401,10.26,10.68,10.23,10.645000457763672,10.65,42.6,17088400,0.037001,0.0
GME,2014-04-02,20140402,10.65,10.86,10.61,10.842499732971191,10.84,43.36,18085600,0.01784,0.0
GME,2014-04-03,20140403,10.88,11.11,10.85,11.09749984741211,11.1,44.4,21476000,0.023985,0.0
GME,2014-04-04,20140404,11.36,11.37,10.59,10.710000038146973,10.71,42.84,27134000,-0.035135,0.0
GME,2014-04-07,20140407,10.67,10.93,10.52,10.880000114440918,10.88,43.52,16592400,0.015873,0.0
GME,2014-04-08,20140408,10.89,11.02,10.85,10.9350004196167,10.94,43.76,15609600,0.005515,0.0
GME,2014-04-09,20140409,10.95,10.95,10.7,10.795000076293945,10.8,43.2,13522800,-0.012797,0.0
GME,2014-04-10,20140410,10.8,10.88,10.28,10.302499771118164,10.3,41.2,23130400,-0.046296,0.0
GME,2014-04-11,20140411,10.18,10.3,10.06,10.130000114440918,10.13,40.52,13264400,-0.016505,0.0
GME,2014-04-14,20140414,10.22,10.4,10.18,10.292499542236328,10.29,41.16,13408800,0.015795,0.0
GME,2014-04-15,20140415,10.32,10.47,10.19,10.362500190734863,10.36,41.44,14148800,0.006803,0.0
GME,2014-04-16,20140416,10.46,10.51,10.16,10.1850004196167,10.19,40.76,8252000,-0.016409,0.0
GME,2014-04-17,20140417,10.15,10.4,10.03,10.367500305175781,10.37,41.48,9644000,0.017664,0.0
GME,2014-04-21,20140421,10.35,10.48,10.19,10.242500305175781,10.24,40.96,7421200,-0.012536,0.0
GME,2014-04-22,20140422,10.22,10.7,10.22,10.567500114440918,10.57,42.28,11579600,0.032227,0.0
GME,2014-04-23,20140423,10.6,10.67,9.97,9.977499961853027,9.98,39.92,14692800,-0.055818,0.0
GME,2014-04-24,20140424,10.06,10.15,9.87,10.052499771118164,10.05,40.2,8976800,0.007014,0.0
GME,2014-04-25,20140425,9.93,9.99,9.74,9.842499732971191,9.84,39.36,6581200,-0.020896,0.0
GME,2014-04-28,20140428,9.9,10.12,9.8,10.085000038146973,10.09,40.36,7139200,0.025407,0.0
GME,2014-04-29,20140429,10.08,10.12,9.91,10.087499618530273,10.09,40.36,7624000,0.0,0.0
GME,2014-04-30,20140430,10.04,10.07,9.77,9.920000076293945,9.92,39.68,8044800,-0.016848,0.0
GME,2014-05-01,20140501,9.97,10.05,9.81,9.8149995803833,9.81,39.24,8942000,-0.011089,0.0
GME,2014-05-02,20140502,9.84,10.12,9.81,9.979999542236328,9.98,39.92,7522800,0.017329,0.0
GME,2014-05-05,20140505,9.84,9.87,9.53,9.537500381469727,9.54,38.16,11861600,-0.044088,0.0
GME,2014-05-06,20140506,9.58,9.59,9.4,9.414999961853027,9.41,37.64,9692000,-0.013627,0.0
GME,2014-05-07,20140507,9.47,9.5,8.92,8.960000038146973,8.96,35.84,22162400,-0.047821,0.0
GME,2014-05-08,20140508,8.94,9.2,8.92,9.005000114440918,9.01,36.04,11555200,0.00558,0.0
GME,2014-05-09,20140509,9.0,9.19,8.94,9.140000343322754,9.14,36.56,7016400,0.014428,0.0
GME,2014-05-12,20140512,9.15,9.32,9.14,9.204999923706055,9.2,36.8,7760800,0.006565,0.0
GME,2014-05-13,20140513,9.23,9.5,9.22,9.462499618530273,9.46,37.84,10346400,0.028261,0.0
GME,2014-05-14,20140514,9.41,9.42,9.1,9.114999771118164,9.11,36.44,8714400,-0.036998,0.0
GME,2014-05-15,20140515,9.03,9.06,8.77,8.967499732971191,8.97,35.88,9629600,-0.015368,0.0
GME,2014-05-16,20140516,8.86,9.06,8.85,9.055000305175781,9.06,36.24,7777600,0.010033,0.0
GME,2014-05-19,20140519,9.08,9.29,8.94,9.244999885559082,9.24,36.96,14664400,0.019868,0.0
GME,2014-05-20,20140520,9.22,9.29,9.07,9.107500076293945,9.11,36.44,13653200,-0.014069,0.0
GME,2014-05-21,20140521,9.11,9.33,9.11,9.234999656677246,9.23,36.92,10674800,0.013172,0.0
GME,2014-05-22,20140522,9.2,9.36,9.01,9.220000267028809,9.22,36.88,16339200,-0.001083,0.0
GME,2014-05-23,20140523,9.64,9.88,9.51,9.607500076293945,9.61,38.44,24071600,0.042299,0.0
GME,2014-05-27,20140527,9.68,9.76,9.29,9.322500228881836,9.32,37.28,12504400,-0.030177,0.0
GME,2014-05-28,20140528,9.32,9.57,9.19,9.552499771118164,9.55,38.2,11018400,0.024678,0.0
GME,2014-05-29,20140529,9.57,9.65,9.43,9.542499542236328,9.54,38.16,9859200,-0.001047,0.0
GME,2014-05-30,20140530,9.54,9.58,9.44,9.462499618530273,9.46,37.84,9635600,-0.008386,0.0
GME,2014-06-02,20140602,9.42,9.46,9.14,9.140000343322754,9.14,36.56,8949200,-0.033827,0.0
GME,2014-06-03,20140603,9.11,9.19,8.97,9.142499923706055,9.14,36.56,11521600,0.0,0.0
GME,2014-06-04,20140604,9.12,9.47,9.07,9.3149995803833,9.31,37.24,7606400,0.0186,0.0
GME,2014-06-05,20140605,9.31,9.33,9.1,9.172499656677246,9.17,36.68,6580400,-0.015038,0.0
GME,2014-06-06,20140606,9.18,9.36,9.17,9.319999694824219,9.32,37.28,7308000,0.016358,0.0
GME,2014-06-09,20140609,9.32,9.4,9.12,9.130000114440918,9.13,36.52,7674000,-0.020386,0.0
GME,2014-06-10,20140610,9.14,9.34,9.08,9.322500228881836,9.32,37.28,8293200,0.020811,0.0
GME,2014-06-11,20140611,9.34,9.77,9.32,9.4350004196167,9.44,37.76,13596800,0.012876,0.0
GME,2014-06-12,20140612,9.39,9.4,9.05,9.074999809265137,9.07,36.28,10489600,-0.039195,0.0
GME,2014-06-13,20140613,9.08,9.27,9.02,9.2475004196167,9.25,37.0,7460400,0.019846,0.0
GME,2014-06-16,20140616,9.21,9.44,9.2,9.430000305175781,9.43,37.72,7273600,0.019459,0.0
GME,2014-06-17,20140617,9.74,10.09,9.59,10.072500228881836,10.07,40.28,20228400,0.067869,0.0
GME,2014-06-18,20140618,10.08,10.08,9.86,10.0,10.0,40.0,11353600,-0.006951,0.0
GME,2014-06-19,20140619,10.03,10.1,9.92,9.989999771118164,9.99,39.96,9364800,-0.001,0.0
GME,2014-06-20,20140620,10.0,10.1,9.97,10.02750015258789,10.03,40.12,11714800,0.004004,0.0
GME,2014-06-23,20140623,10.02,10.14,9.95,10.100000381469727,10.1,40.4,6448000,0.006979,0.0
GME,2014-06-24,20140624,10.09,10.19,10.0,10.0600004196167,10.06,40.24,7699200,-0.00396,0.0
GME,2014-06-25,20140625,10.04,10.12,9.95,10.052499771118164,10.05,40.2,8234800,-0.000994,0.0
GME,2014-06-26,20140626,10.06,10.15,9.93,10.142499923706055,10.14,40.56,7635600,0.008955,0.0
GME,2014-06-27,20140627,10.11,10.25,10.06,10.087499618530273,10.09,40.36,11698400,-0.004931,0.0
GME,2014-06-30,20140630,10.11,10.2,10.07,10.117500305175781,10.12,40.48,6017600,0.002973,0.0
GME,2014-07-01,20140701,10.13,10.22,10.07,10.125,10.12,40.48,6431600,0.0,0.0
GME,2014-07-02,20140702,10.15,10.3,10.13,10.217499732971191,10.22,40.88,6895200,0.009881,0.0
GME,2014-07-03,20140703,10.24,10.45,10.22,10.4399995803833,10.44,41.76,4632400,0.021526,0.0
GME,2014-07-07,20140707,10.39,10.45,10.36,10.397500038146973,10.4,41.6,5614000,-0.003831,0.0
GME,2014-07-08,20140708,10.36,10.42,10.25,10.40999984741211,10.41,41.64,10330000,0.000962,0.0
GME,2014-07-09,20140709,10.42,10.72,10.36,10.447500228881836,10.45,41.8,10606400,0.003842,0.0
GME,2014-07-10,20140710,10.26,10.51,10.19,10.444999694824219,10.44,41.76,8253200,-0.000957,0.0
GME,2014-07-11,20140711,10.4,10.44,10.21,10.3100004196167,10.31,41.24,7210400,-0.012452,0.0
GME,2014-07-14,20140714,10.46,10.52,10.36,10.444999694824219,10.44,41.76,5525600,0.012609,0.0
GME,2014-07-15,20140715,10.42,10.48,10.22,10.255000114440918,10.26,41.04,7142000,-0.017241,0.0
GME,2014-07-16,20140716,10.32,10.43,10.26,10.385000228881836,10.39,41.56,5677600,0.012671,0.0
GME,2014-07-17,20140717,10.41,10.51,10.28,10.3125,10.31,41.24,9124000,-0.0077,0.0
GME,2014-07-18,20140718,10.43,10.84,10.38,10.707500457763672,10.71,42.84,15965200,0.038797,0.0
GME,2014-07-21,20140721,10.64,10.81,10.6,10.712499618530273,10.71,42.84,10919200,0.0,0.0
GME,2014-07-22,20140722,10.73,11.08,10.63,11.022500038146973,11.02,44.08,10909600,0.028945,0.0
GME,2014-07-23,20140723,11.13,11.42,11.02,11.180000305175781,11.18,44.72,16192400,0.014519,0.0
GME,2014-07-24,20140724,11.19,11.55,11.19,11.524999618530273,11.52,46.08,17061600,0.030411,0.0
GME,2014-07-25,20140725,11.47,11.52,11.4,11.420000076293945,11.42,45.68,5972800,-0.008681,0.0
GME,2014-07-28,20140728,11.47,11.64,11.47,11.520000457763672,11.52,46.08,6551600,0.008757,0.0
GME,2014-07-29,20140729,11.52,11.65,10.47,10.857500076293945,10.86,43.44,50204800,-0.057292,0.0
GME,2014-07-30,20140730,10.97,11.12,10.77,10.78499984741211,10.78,43.12,21596000,-0.007366,0.0
GME,2014-07-31,20140731,10.74,10.76,10.48,10.492500305175781,10.49,41.96,9102800,-0.026902,0.0
GME,2014-08-01,20140801,10.5,10.64,10.27,10.305000305175781,10.31,41.24,9872000,-0.017159,0.0
GME,2014-08-04,20140804,10.34,10.53,10.33,10.422499656677246,10.42,41.68,10934000,0.010669,0.0
GME,2014-08-05,20140805,10.38,10.51,10.29,10.332500457763672,10.33,41.32,6903200,-0.008637,0.0
GME,2014-08-06,20140806,10.26,10.45,10.22,10.375,10.38,41.52,6443600,0.00484,0.0
GME,2014-08-07,20140807,10.44,10.49,10.21,10.217499732971191,10.22,40.88,4842000,-0.015414,0.0
GME,2014-08-08,20140808,10.23,10.23,10.07,10.175000190734863,10.18,40.72,7065200,-0.003914,0.0
GME,2014-08-11,20140811,10.25,10.43,10.18,10.40999984741211,10.41,41.64,5984000,0.022593,0.0
GME,2014-08-12,20140812,10.4,10.41,10.15,10.232500076293945,10.23,40.92,6754400,-0.017291,0.0
GME,2014-08-13,20140813,10.3,10.34,10.1,10.335000038146973,10.34,41.36,5554000,0.010753,0.0
GME,2014-08-14,20140814,10.37,10.48,10.2,10.457500457763672,10.46,41.84,8917600,0.011605,0.0
GME,2014-08-15,20140815,10.47,10.47,9.85,9.90999984741211,9.91,39.64,17036400,-0.052581,0.0
GME,2014-08-18,20140818,10.02,10.19,9.99,10.162500381469727,10.16,40.64,10640800,0.025227,0.0
GME,2014-08-19,20140819,10.2,10.32,10.19,10.220000267028809,10.22,40.88,8368000,0.005906,0.0
GME,2014-08-20,20140820,10.22,10.35,10.02,10.332500457763672,10.33,41.32,9188000,0.010763,0.0
GME,2014-08-21,20140821,10.42,10.43,10.08,10.1225004196167,10.12,40.48,19876000,-0.020329,0.0
GME,2014-08-22,20140822,10.92,11.12,10.6,10.725000381469727,10.73,42.92,34313200,0.060277,0.0
GME,2014-08-25,20140825,10.9,10.9,10.47,10.602499961853027,10.6,42.4,13844400,-0.012116,0.0
GME,2014-08-26,20140826,10.61,10.74,10.48,10.692500114440918,10.69,42.76,9614800,0.008491,0.0
GME,2014-08-27,20140827,10.74,10.78,10.64,10.7475004196167,10.75,43.0,4411200,0.005613,0.0
GME,2014-08-28,20140828,10.69,10.8,10.56,10.792499542236328,10.79,43.16,7231600,0.003721,0.0
GME,2014-08-29,20140829,10.73,10.74,10.53,10.550000190734863,10.55,42.2,7246400,-0.022243,0.0
GME,2014-09-02,20140902,10.57,10.99,10.56,10.9375,10.94,43.76,12292800,0.036967,0.0
GME,2014-09-03,20140903,11.0,11.02,10.85,10.882499694824219,10.88,43.52,6695600,-0.005484,0.0
GME,2014-09-04,20140904,10.9,11.12,10.89,11.109999656677246,11.11,44.44,9081200,0.02114,0.0
GME,2014-09-05,20140905,11.08,11.31,10.94,11.3100004196167,11.31,45.24,11084800,0.018002,0.0
GME,2014-09-08,20140908,11.27,11.35,11.05,11.069999694824219,11.07,44.28,7970000,-0.02122,0.0
GME,2014-09-09,20140909,11.04,11.07,10.77,10.789999961853027,10.79,43.16,10428400,-0.025294,0.0
GME,2014-09-10,20140910,10.86,10.89,10.69,10.78499984741211,10.78,43.12,8990400,-0.000927,0.0
GME,2014-09-11,20140911,10.77,11.0,10.74,10.989999771118164,10.99,43.96,7767600,0.019481,0.0
GME,2014-09-12,20140912,11.01,11.1,10.87,10.90250015258789,10.9,43.6,6821600,-0.008189,0.0
GME,2014-09-15,20140915,10.9,10.94,10.8,10.8774995803833,10.88,43.52,4722400,-0.001835,0.0
GME,2014-09-16,20140916,10.86,11.36,10.82,11.212499618530273,11.21,44.84,10979200,0.030331,0.0
GME,2014-09-17,20140917,11.21,11.24,10.99,11.005000114440918,11.01,44.04,8987600,-0.017841,0.0
GME,2014-09-18,20140918,11.0,11.1,10.88,11.057499885559082,11.06,44.24,7438400,0.004541,0.0
GME,2014-09-19,20140919,11.08,11.11,10.82,10.845000267028809,10.85,43.4,9978400,-0.018987,0.0
GME,2014-09-22,20140922,10.83,10.86,10.76,10.845000267028809,10.85,43.4,5281200,0.0,0.0
GME,2014-09-23,20140923,10.84,10.84,10.6,10.595000267028809,10.6,42.4,5280000,-0.023041,0.0
GME,2014-09-24,20140924,10.59,10.82,10.53,10.792499542236328,10.79,43.16,8474800,0.017925,0.0
GME,2014-09-25,20140925,10.83,10.92,10.52,10.515000343322754,10.52,42.08,8304000,-0.025023,0.0
GME,2014-09-26,20140926,10.52,10.65,10.42,10.510000228881836,10.51,42.04,6391200,-0.000951,0.0
GME,2014-09-29,20140929,10.44,10.59,10.35,10.515000343322754,10.52,42.08,5400000,0.000951,0.0
GME,2014-09-30,20140930,10.5,10.53,10.3,10.300000190734863,10.3,41.2,8336000,-0.020913,0.0
GME,2014-10-01,20141001,10.28,10.28,10.07,10.095000267028809,10.1,40.4,9305600,-0.019417,0.0
GME,2014-10-02,20141002,10.08,10.28,9.9,10.220000267028809,10.22,40.88,10038000,0.011881,0.0
GME,2014-10-03,20141003,10.28,10.37,10.11,10.114999771118164,10.11,40.44,7416400,-0.010763,0.0
GME,2014-10-06,20141006,10.12,10.15,9.89,9.890000343322754,9.89,39.56,9934400,-0.021761,0.0
GME,2014-10-07,20141007,9.86,10.01,9.75,9.7524995803833,9.75,39.0,10106400,-0.014156,0.0
GME,2014-10-08,20141008,9.79,9.93,9.65,9.90999984741211,9.91,39.64,10581600,0.01641,0.0
GME,2014-10-09,20141009,9.89,9.97,9.52,9.574999809265137,9.57,38.28,9502400,-0.034309,0.0
GME,2014-10-10,20141010,9.55,9.87,9.55,9.577500343322754,9.58,38.32,12431200,0.001045,0.0
GME,2014-10-13,20141013,9.53,9.6,9.27,9.300000190734863,9.3,37.2,9831200,-0.029228,0.0
GME,2014-10-14,20141014,9.32,9.39,9.22,9.300000190734863,9.3,37.2,12075200,0.0,0.0
GME,2014-10-15,20141015,9.11,9.7,8.95,9.614999771118164,9.61,38.44,14822800,0.033333,0.0
GME,2014-10-16,20141016,9.44,10.04,9.39,9.807499885559082,9.81,39.24,15447600,0.020812,0.0
GME,2014-10-17,20141017,9.91,10.09,9.85,9.96500015258789,9.97,39.88,16314400,0.01631,0.0
GME,2014-10-20,20141020,9.93,10.25,9.88,10.164999961853027,10.16,40.64,12018000,0.019057,0.0
GME,2014-10-21,20141021,10.21,10.3,10.13,10.177499771118164,10.18,40.72,9868400,0.001969,0.0
GME,2014-10-22,20141022,10.2,10.29,10.14,10.149999618530273,10.15,40.6,6621200,-0.002947,0.0
GME,2014-10-23,20141023,10.21,10.41,10.19,10.3149995803833,10.31,41.24,5678800,0.015764,0.0
GME,2014-10-24,20141024,10.33,10.6,10.27,10.507499694824219,10.51,42.04,7592800,0.019399,0.0
GME,2014-10-27,20141027,10.5,10.61,10.39,10.452500343322754,10.45,41.8,8297200,-0.005709,0.0
GME,2014-10-28,20141028,10.3,10.32,9.83,10.257499694824219,10.26,41.04,16464800,-0.018182,0.0
GME,2014-10-29,20141029,10.26,10.46,10.2,10.382499694824219,10.38,41.52,6072400,0.011696,0.0
GME,2014-10-30,20141030,10.35,10.59,10.35,10.520000457763672,10.52,42.08,5934800,0.013487,0.0
GME,2014-10-31,20141031,10.64,10.97,10.63,10.6899995803833,10.69,42.76,11985200,0.01616,0.0
GME,2014-11-03,20141103,10.69,10.78,10.6,10.677499771118164,10.68,42.72,6033600,-0.000935,0.0
GME,2014-11-04,20141104,10.63,10.7,10.53,10.682499885559082,10.68,42.72,5909600,0.0,0.0
GME,2014-11-05,20141105,10.88,10.96,10.68,10.760000228881836,10.76,43.04,5540000,0.007491,0.0
GME,2014-11-06,20141106,10.76,11.21,10.76,11.182499885559082,11.18,44.72,12739600,0.039033,0.0
GME,2014-11-07,20141107,11.17,11.19,10.91,10.922499656677246,10.92,43.68,9416400,-0.023256,0.0
GME,2014-11-10,20141110,10.92,11.0,10.6,10.6850004196167,10.69,42.76,15391600,-0.021062,0.0
GME,2014-11-11,20141111,10.72,10.8,10.59,10.625,10.62,42.48,7190000,-0.006548,0.0
GME,2014-11-12,20141112,10.63,10.92,10.63,10.852499961853027,10.85,43.4,9143200,0.021657,0.0
GME,2014-11-13,20141113,11.04,11.18,10.98,11.114999771118164,11.11,44.44,12180400,0.023963,0.0
GME,2014-11-14,20141114,10.89,11.12,10.73,11.100000381469727,11.1,44.4,11161200,-0.0009,0.0
GME,2014-11-17,20141117,11.09,11.18,10.95,11.024999618530273,11.02,44.08,8082800,-0.007207,0.0
GME,2014-11-18,20141118,11.02,11.1,10.89,11.005000114440918,11.01,44.04,8024400,-0.000907,0.0
GME,2014-11-19,20141119,11.1,11.11,10.83,10.90250015258789,10.9,43.6,15128400,-0.009991,0.0
GME,2014-11-20,20141120,11.04,11.18,10.82,10.967499732971191,10.97,43.88,23846000,0.006422,0.0
GME,2014-11-21,20141121,9.85,9.99,9.28,9.46500015258789,9.47,37.88,75044400,-0.136737,0.0
GME,2014-11-24,20141124,9.43,9.56,9.22,9.4399995803833,9.44,37.76,31472800,-0.003168,0.0
GME,2014-11-25,20141125,9.53,9.57,9.26,9.350000381469727,9.35,37.4,20687200,-0.009534,0.0
GME,2014-11-26,20141126,9.38,9.43,9.27,9.300000190734863,9.3,37.2,10280000,-0.005348,0.0
GME,2014-11-28,20141128,9.3,9.49,9.3,9.452500343322754,9.45,37.8,7681600,0.016129,0.0
GME,2014-12-01,20141201,9.4,9.42,8.91,8.957500457763672,8.96,35.84,27137200,-0.051852,0.0
GME,2014-12-02,20141202,9.0,9.19,8.82,8.885000228881836,8.89,35.56,14692400,-0.007812,0.0
GME,2014-12-03,20141203,8.86,9.18,8.79,9.15250015258789,9.15,36.6,18127200,0.029246,0.0
GME,2014-12-04,20141204,9.15,9.28,9.03,9.267499923706055,9.27,37.08,12595600,0.013115,0.0
GME,2014-12-05,20141205,9.26,9.37,9.15,9.354999542236328,9.35,37.4,11269200,0.00863,0.0
GME,2014-12-08,20141208,9.27,9.27,8.69,8.797499656677246,8.8,35.2,18082800,-0.058824,0.0
GME,2014-12-09,20141209,8.65,8.91,8.5,8.892499923706055,8.89,35.56,20448400,0.010227,0.0
GME,2014-12-10,20141210,8.69,8.73,8.33,8.332500457763672,8.33,33.32,21374000,-0.062992,0.0
GME,2014-12-11,20141211,8.41,8.75,8.38,8.477499961853027,8.48,33.92,20112000,0.018007,0.0
GME,2014-12-12,20141212,8.43,8.5,8.06,8.074999809265137,8.07,32.28,23647600,-0.048349,0.0
GME,2014-12-15,20141215,8.15,8.38,8.0,8.232500076293945,8.23,32.92,17962400,0.019827,0.0
GME,2014-12-16,20141216,8.15,8.39,7.95,7.980000019073486,7.98,31.92,17685600,-0.030377,0.0
GME,2014-12-17,20141217,8.03,8.18,7.97,8.172499656677246,8.17,32.68,14442400,0.02381,0.0
GME,2014-12-18,20141218,8.31,8.41,8.1,8.274999618530273,8.27,33.08,13588800,0.01224,0.0
GME,2014-12-19,20141219,8.37,8.62,8.23,8.625,8.62,34.48,18333200,0.042322,0.0
GME,2014-12-22,20141222,9.12,9.15,8.46,8.529999732971191,8.53,34.12,20784800,-0.010441,0.0
GME,2014-12-23,20141223,8.57,8.78,8.53,8.657500267028809,8.66,34.64,15212400,0.01524,0.0
GME,2014-12-24,20141224,8.72,8.72,8.31,8.34749984741211,8.35,33.4,10998400,-0.035797,0.0
GME,2014-12-26,20141226,8.4,8.51,8.3,8.412500381469727,8.41,33.64,15397600,0.007186,0.0
GME,2014-12-29,20141229,8.38,8.45,8.23,8.412500381469727,8.41,33.64,9599600,0.0,0.0
GME,2014-12-30,20141230,8.36,8.59,8.3,8.457500457763672,8.46,33.84,8536400,0.005945,0.0
GME,2014-12-31,20141231,8.56,8.6,8.43,8.449999809265137,8.45,33.8,6459200,-0.001182,0.0
GME,2015-01-02,20150102,8.52,8.54,8.31,8.449999809265137,8.45,33.8,6450800,0.0,0.0
GME,2015-01-05,20150105,8.38,8.72,8.33,8.680000305175781,8.68,34.72,19739600,0.027219,0.0
GME,2015-01-06,20150106,8.79,9.01,8.38,8.422499656677246,8.42,33.68,19540400,-0.029954,0.0
GME,2015-01-07,20150107,8.57,8.67,8.24,8.324999809265137,8.32,33.28,10233200,-0.011876,0.0
GME,2015-01-08,20150108,8.4,8.54,8.33,8.422499656677246,8.42,33.68,18189600,0.012019,0.0
GME,2015-01-09,20150109,8.4,8.43,8.02,8.067500114440918,8.07,32.28,16299600,-0.041568,0.0
GME,2015-01-12,20150112,8.14,8.46,7.92,8.442500114440918,8.44,33.76,14482000,0.045849,0.0
GME,2015-01-13,20150113,8.55,8.77,8.18,8.192500114440918,8.19,32.76,11729200,-0.029621,0.0
GME,2015-01-14,20150114,9.3,9.34,8.96,9.052499771118164,9.05,36.2,29746400,0.105006,0.0
GME,2015-01-15,20150115,9.01,9.19,8.56,8.614999771118164,8.61,34.44,20556800,-0.048619,0.0
GME,2015-01-16,20150116,8.92,9.1,8.73,9.087499618530273,9.09,36.36,17027200,0.055749,0.0
GME,2015-01-20,20150120,9.08,9.19,8.8,9.017499923706055,9.02,36.08,18146400,-0.007701,0.0
GME,2015-01-21,20150121,8.92,9.27,8.87,9.210000038146973,9.21,36.84,11862400,0.021064,0.0
GME,2015-01-22,20150122,9.31,9.31,9.04,9.279999732971191,9.28,37.12,8621200,0.0076,0.0
GME,2015-01-23,20150123,9.24,9.38,9.11,9.350000381469727,9.35,37.4,7202000,0.007543,0.0
GME,2015-01-26,20150126,9.35,9.61,9.32,9.539999961853027,9.54,38.16,9706000,0.020321,0.0
GME,2015-01-27,20150127,9.53,9.75,9.4,9.569999694824219,9.57,38.28,8028000,0.003145,0.0
GME,2015-01-28,20150128,9.62,9.82,9.36,9.40250015258789,9.4,37.6,11009200,-0.017764,0.0
GME,2015-01-29,20150129,9.45,9.45,8.87,9.067500114440918,9.07,36.28,13562400,-0.035106,0.0
GME,2015-01-30,20150130,8.96,9.02,8.77,8.8125,8.81,35.24,12139200,-0.028666,0.0
GME,2015-02-02,20150202,8.78,9.23,8.63,9.207500457763672,9.21,36.84,9705200,0.045403,0.0
GME,2015-02-03,20150203,9.2,9.48,9.1,9.375,9.38,37.52,5846400,0.018458,0.0
GME,2015-02-04,20150204,9.29,9.35,8.91,9.157500267028809,9.16,36.64,8152400,-0.023454,0.0
GME,2015-02-05,20150205,9.19,9.32,9.06,9.175000190734863,9.18,36.72,5452400,0.002183,0.0
GME,2015-02-06,20150206,9.24,9.35,9.11,9.1899995803833,9.19,36.76,5929200,0.001089,0.0
GME,2015-02-09,20150209,9.14,9.4,9.13,9.295000076293945,9.3,37.2,6226000,0.01197,0.0
GME,2015-02-10,20150210,9.3,9.53,9.25,9.510000228881836,9.51,38.04,9737600,0.022581,0.0
GME,2015-02-11,20150211,9.52,9.55,9.31,9.380000114440918,9.38,37.52,5919200,-0.01367,0.0
GME,2015-02-12,20150212,9.4,9.44,9.25,9.3125,9.31,37.24,4923600,-0.007463,0.0
GME,2015-02-13,20150213,9.26,9.48,9.22,9.337499618530273,9.34,37.36,6658800,0.003222,0.0
GME,2015-02-17,20150217,9.34,9.55,9.2,9.34000015258789,9.34,37.36,5420400,0.0,0.0
GME,2015-02-18,20150218,9.25,9.39,9.15,9.375,9.38,37.52,4199600,0.004283,0.0
GME,2015-02-19,20150219,9.42,9.42,9.26,9.382499694824219,9.38,37.52,3096000,0.0,0.0
GME,2015-02-20,20150220,9.41,9.51,9.35,9.3725004196167,9.37,37.48,5183600,-0.001066,0.0
GME,2015-02-23,20150223,9.48,9.5,9.25,9.337499618530273,9.34,37.36,4601600,-0.003202,0.0
GME,2015-02-24,20150224,9.41,9.45,9.23,9.28499984741211,9.28,37.12,3007200,-0.006424,0.0
GME,2015-02-25,20150225,9.34,9.45,9.23,9.319999694824219,9.32,37.28,4074000,0.00431,0.0
GME,2015-02-26,20150226,9.31,9.37,9.21,9.257499694824219,9.26,37.04,4559200,-0.006438,0.0
GME,2015-02-27,20150227,9.28,9.43,9.17,9.242500305175781,9.24,36.96,5850800,-0.00216,0.0
GME,2015-03-02,20150302,9.24,9.73,9.24,9.667499542236328,9.67,38.68,9590000,0.046537,0.0
GME,2015-03-03,20150303,9.74,9.81,9.64,9.670000076293945,9.67,38.68,4709600,0.0,0.0
GME,2015-03-04,20150304,9.8,10.11,9.68,10.007499694824219,10.01,40.04,8379200,0.03516,0.0
GME,2015-03-05,20150305,9.99,10.14,9.88,10.0,10.0,40.0,4857200,-0.000999,0.0
GME,2015-03-06,20150306,9.95,10.15,9.95,10.039999961853027,10.04,40.16,4742000,0.004,0.0
GME,2015-03-09,20150309,10.03,10.37,9.95,10.207500457763672,10.21,40.84,6152400,0.016932,0.0
GME,2015-03-10,20150310,10.13,10.29,10.03,10.162500381469727,10.16,40.64,5972400,-0.004897,0.0
GME,2015-03-11,20150311,10.32,10.67,9.78,9.869999885559082,9.87,39.48,7636400,-0.028543,0.0
GME,2015-03-12,20150312,9.99,10.05,9.77,9.920000076293945,9.92,39.68,4531600,0.005066,0.0
GME,2015-03-13,20150313,10.06,10.22,9.99,10.175000190734863,10.18,40.72,7166400,0.02621,0.0
GME,2015-03-16,20150316,10.18,10.32,10.16,10.272500038146973,10.27,41.08,4221200,0.008841,0.0
GME,2015-03-17,20150317,10.29,10.32,10.13,10.227499961853027,10.23,40.92,3508000,-0.003895,0.0
GME,2015-03-18,20150318,10.19,10.34,10.04,10.279999732971191,10.28,41.12,4463200,0.004888,0.0
GME,2015-03-19,20150319,10.27,10.29,10.15,10.197500228881836,10.2,40.8,3588400,-0.007782,0.0
GME,2015-03-20,20150320,10.21,10.3,10.13,10.229999542236328,10.23,40.92,9629200,0.002941,0.0
GME,2015-03-23,20150323,10.27,10.43,10.19,10.335000038146973,10.34,41.36,7013600,0.010753,0.0
GME,2015-03-24,20150324,10.32,10.38,10.23,10.227499961853027,10.23,40.92,10312000,-0.010638,0.0
GME,2015-03-25,20150325,10.23,10.3,9.95,9.952500343322754,9.95,39.8,8285200,-0.02737,0.0
GME,2015-03-26,20150326,9.87,9.95,9.65,9.697500228881836,9.7,38.8,19414000,-0.025126,0.0
GME,2015-03-27,20150327,9.42,9.7,9.28,9.59000015258789,9.59,38.36,21983200,-0.01134,0.0
GME,2015-03-30,20150330,9.6,9.62,9.38,9.422499656677246,9.42,37.68,11960400,-0.017727,0.0
GME,2015-03-31,20150331,9.35,9.64,9.31,9.489999771118164,9.49,37.96,8458800,0.007431,0.0
GME,2015-04-01,20150401,9.47,9.62,9.33,9.444999694824219,9.44,37.76,9859600,-0.005269,0.0
GME,2015-04-02,20150402,9.52,9.7,9.47,9.550000190734863,9.55,38.2,4690400,0.011653,0.0
GME,2015-04-06,20150406,9.5,9.6,9.42,9.592499732971191,9.59,38.36,5935600,0.004188,0.0
GME,2015-04-07,20150407,9.59,9.62,9.48,9.494999885559082,9.49,37.96,5328400,-0.010428,0.0
GME,2015-04-08,20150408,9.45,9.69,9.44,9.677499771118164,9.68,38.72,6596800,0.020021,0.0
GME,2015-04-09,20150409,9.69,10.0,9.59,9.9975004196167,10.0,40.0,7646400,0.033058,0.0
GME,2015-04-10,20150410,10.05,10.1,9.89,10.100000381469727,10.1,40.4,5076000,0.01,0.0
GME,2015-04-13,20150413,10.1,10.2,9.86,10.104999542236328,10.1,40.4,7375600,0.0,0.0
GME,2015-04-14,20150414,10.06,10.13,9.92,10.100000381469727,10.1,40.4,5990400,0.0,0.0
GME,2015-04-15,20150415,10.15,10.24,9.99,10.22249984741211,10.22,40.88,9188400,0.011881,0.0
GME,2015-04-16,20150416,10.23,10.32,10.17,10.234999656677246,10.23,40.92,5828800,0.000978,0.0
GME,2015-04-17,20150417,10.18,10.19,9.86,9.914999961853027,9.91,39.64,6248400,-0.031281,0.0
GME,2015-04-20,20150420,9.95,10.11,9.94,10.079999923706055,10.08,40.32,5238400,0.017154,0.0
GME,2015-04-21,20150421,10.11,10.12,9.93,10.020000457763672,10.02,40.08,5508000,-0.005952,0.0
GME,2015-04-22,20150422,10.0,10.09,9.9,10.0600004196167,10.06,40.24,3904400,0.003992,0.0
GME,2015-04-23,20150423,10.06,10.14,10.01,10.079999923706055,10.08,40.32,3466400,0.001988,0.0
GME,2015-04-24,20150424,10.07,10.19,10.03,10.177499771118164,10.18,40.72,3487200,0.009921,0.0
GME,2015-04-27,20150427,10.18,10.25,10.06,10.069999694824219,10.07,40.28,4195200,-0.010806,0.0
GME,2015-04-28,20150428,10.05,10.12,9.89,10.09749984741211,10.1,40.4,3791200,0.002979,0.0
GME,2015-04-29,20150429,10.02,10.14,9.79,9.832500457763672,9.83,39.32,4985200,-0.026733,0.0
GME,2015-04-30,20150430,9.81,9.83,9.6,9.635000228881836,9.64,38.56,4542800,-0.019329,0.0
GME,2015-05-01,20150501,9.66,9.8,9.61,9.792499542236328,9.79,39.16,3079200,0.01556,0.0
GME,2015-05-04,20150504,9.83,10.04,9.77,10.029999732971191,10.03,40.12,3512000,0.024515,0.0
GME,2015-05-05,20150505,9.98,10.07,9.94,10.005000114440918,10.01,40.04,4387600,-0.001994,0.0
GME,2015-05-06,20150506,9.98,9.98,9.69,9.782500267028809,9.78,39.12,5807600,-0.022977,0.0
GME,2015-05-07,20150507,9.78,9.9,9.62,9.8774995803833,9.88,39.52,6820400,0.010225,0.0
GME,2015-05-08,20150508,9.96,10.12,9.93,10.047499656677246,10.05,40.2,4222000,0.017206,0.0
GME,2015-05-11,20150511,10.02,10.12,9.94,9.9399995803833,9.94,39.76,4075600,-0.010945,0.0
GME,2015-05-12,20150512,9.88,9.95,9.76,9.762499809265137,9.76,39.04,5334400,-0.018109,0.0
GME,2015-05-13,20150513,9.77,9.85,9.63,9.800000190734863,9.8,39.2,6279200,0.004098,0.0
GME,2015-05-14,20150514,9.85,9.85,9.69,9.792499542236328,9.79,39.16,2988800,-0.00102,0.0
GME,2015-05-15,20150515,9.79,10.02,9.77,10.015000343322754,10.02,40.08,5546800,0.023493,0.0
GME,2015-05-18,20150518,10.02,10.08,9.93,10.0600004196167,10.06,40.24,4638800,0.003992,0.0
GME,2015-05-19,20150519,10.1,10.11,10.01,10.077500343322754,10.08,40.32,4007600,0.001988,0.0
GME,2015-05-20,20150520,10.05,10.08,9.92,10.03499984741211,10.03,40.12,4026000,-0.00496,0.0
GME,2015-05-21,20150521,10.11,10.23,10.06,10.192500114440918,10.19,40.76,5148000,0.015952,0.0
GME,2015-05-22,20150522,10.19,10.24,10.1,10.199999809265137,10.2,40.8,4556400,0.000981,0.0
GME,2015-05-26,20150526,10.17,10.24,9.96,10.045000076293945,10.05,40.2,4948400,-0.014706,0.0
GME,2015-05-27,20150527,10.14,10.15,9.85,9.867500305175781,9.87,39.48,7198800,-0.01791,0.0
GME,2015-05-28,20150528,9.89,10.33,9.88,10.229999542236328,10.23,40.92,15432800,0.036474,0.0
GME,2015-05-29,20150529,10.99,11.12,10.78,10.852499961853027,10.85,43.4,34731200,0.060606,0.0
GME,2015-06-01,20150601,10.94,11.02,10.6,10.867500305175781,10.87,43.48,13171200,0.001843,0.0
GME,2015-06-02,20150602,10.85,11.1,10.69,10.992500305175781,10.99,43.96,9230000,0.01104,0.0
GME,2015-06-03,20150603,11.0,11.08,10.9,10.930000305175781,10.93,43.72,7961200,-0.00546,0.0
GME,2015-06-04,20150604,11.04,11.11,10.97,11.005000114440918,11.01,44.04,7472000,0.007319,0.0
GME,2015-06-05,20150605,11.02,11.06,10.9,11.03499984741211,11.03,44.12,5970000,0.001817,0.0
GME,2015-06-08,20150608,11.01,11.07,10.76,10.762499809265137,10.76,43.04,5908000,-0.024479,0.0
GME,2015-06-09,20150609,10.78,10.86,10.72,10.725000381469727,10.73,42.92,5136800,-0.002788,0.0
GME,2015-06-10,20150610,10.79,10.87,10.68,10.712499618530273,10.71,42.84,7138800,-0.001864,0.0
GME,2015-06-11,20150611,10.8,10.93,10.69,10.75,10.75,43.0,7231600,0.003735,0.0
GME,2015-06-12,20150612,10.73,10.82,10.67,10.739999771118164,10.74,42.96,5338800,-0.00093,0.0
GME,2015-06-15,20150615,10.72,10.82,10.58,10.630000114440918,10.63,42.52,7436800,-0.010242,0.0
GME,2015-06-16,20150616,10.6,10.66,10.49,10.6274995803833,10.63,42.52,5532000,0.0,0.0
GME,2015-06-17,20150617,10.63,10.81,10.55,10.757499694824219,10.76,43.04,8661200,0.01223,0.0
GME,2015-06-18,20150618,10.8,10.85,10.72,10.797499656677246,10.8,43.2,8083200,0.003717,0.0
GME,2015-06-19,20150619,10.85,10.95,10.75,10.772500038146973,10.77,43.08,9357200,-0.002778,0.0
GME,2015-06-22,20150622,10.81,11.03,10.75,10.97249984741211,10.97,43.88,10163600,0.01857,0.0
GME,2015-06-23,20150623,11.01,11.14,10.96,11.09000015258789,11.09,44.36,7034000,0.010939,0.0
GME,2015-06-24,20150624,11.05,11.38,11.04,11.137499809265137,11.14,44.56,9687600,0.004509,0.0
GME,2015-06-25,20150625,11.15,11.18,10.91,10.914999961853027,10.91,43.64,6468400,-0.020646,0.0
GME,2015-06-26,20150626,10.94,11.03,10.84,11.010000228881836,11.01,44.04,7603600,0.009166,0.0
GME,2015-06-29,20150629,10.93,10.98,10.69,10.692500114440918,10.69,42.76,4458800,-0.029064,0.0
GME,2015-06-30,20150630,10.77,10.8,10.69,10.739999771118164,10.74,42.96,4470800,0.004677,0.0
GME,2015-07-01,20150701,10.81,11.1,10.79,11.029999732971191,11.03,44.12,6925600,0.027002,0.0
GME,2015-07-02,20150702,10.95,11.12,10.88,10.890000343322754,10.89,43.56,4818400,-0.012693,0.0
GME,2015-07-06,20150706,10.78,11.09,10.74,11.079999923706055,11.08,44.32,6026800,0.017447,0.0
GME,2015-07-07,20150707,11.07,11.51,11.01,11.507499694824219,11.51,46.04,9638800,0.038809,0.0
GME,2015-07-08,20150708,11.44,11.56,11.37,11.4350004196167,11.44,45.76,9792000,-0.006082,0.0
GME,2015-07-09,20150709,11.6,11.77,11.47,11.725000381469727,11.73,46.92,10862400,0.02535,0.0
GME,2015-07-10,20150710,11.82,11.84,11.6,11.739999771118164,11.74,46.96,5966000,0.000853,0.0
GME,2015-07-13,20150713,11.8,11.91,11.71,11.837499618530273,11.84,47.36,6607200,0.008518,0.0
GME,2015-07-14,20150714,11.81,11.86,11.56,11.682499885559082,11.68,46.72,10610800,-0.013514,0.0
GME,2015-07-15,20150715,11.71,11.75,11.59,11.604999542236328,11.6,46.4,5383200,-0.006849,0.0
GME,2015-07-16,20150716,11.62,11.94,11.55,11.807499885559082,11.81,47.24,10452000,0.018103,0.0
GME,2015-07-17,20150717,11.81,11.89,11.6,11.667499542236328,11.67,46.68,5317200,-0.011854,0.0
GME,2015-07-20,20150720,11.62,11.74,11.54,11.707500457763672,11.71,46.84,5273200,0.003428,0.0
GME,2015-07-21,20150721,11.68,11.74,11.56,11.734999656677246,11.73,46.92,5106000,0.001708,0.0
GME,2015-07-22,20150722,11.69,11.88,11.6,11.800000190734863,11.8,47.2,6506800,0.005968,0.0
GME,2015-07-23,20150723,11.81,11.9,11.65,11.734999656677246,11.73,46.92,3849200,-0.005932,0.0
GME,2015-07-24,20150724,11.75,11.77,11.33,11.3725004196167,11.37,45.48,8122800,-0.030691,0.0
GME,2015-07-27,20150727,11.35,11.45,11.23,11.329999923706055,11.33,45.32,6295200,-0.003518,0.0
GME,2015-07-28,20150728,11.38,11.44,11.18,11.319999694824219,11.32,45.28,4929600,-0.000883,0.0
GME,2015-07-29,20150729,11.36,11.47,11.3,11.467499732971191,11.47,45.88,4004800,0.013251,0.0
GME,2015-07-30,20150730,11.44,11.61,11.36,11.539999961853027,11.54,46.16,3734400,0.006103,0.0
GME,2015-07-31,20150731,11.56,11.62,11.41,11.462499618530273,11.46,45.84,4383200,-0.006932,0.0
GME,2015-08-03,20150803,11.49,11.55,11.21,11.237500190734863,11.24,44.96,4821200,-0.019197,0.0
GME,2015-08-04,20150804,11.18,11.41,11.13,11.392499923706055,11.39,45.56,7212400,0.013345,0.0
GME,2015-08-05,20150805,11.42,11.66,11.41,11.59749984741211,11.6,46.4,4967600,0.018437,0.0
GME,2015-08-06,20150806,11.56,11.58,11.23,11.337499618530273,11.34,45.36,4446800,-0.022414,0.0
GME,2015-08-07,20150807,11.34,11.35,11.16,11.292499542236328,11.29,45.16,3788400,-0.004409,0.0
GME,2015-08-10,20150810,11.47,11.51,11.34,11.452500343322754,11.45,45.8,4864800,0.014172,0.0
GME,2015-08-11,20150811,11.36,11.45,11.25,11.430000305175781,11.43,45.72,4988800,-0.001747,0.0
GME,2015-08-12,20150812,11.33,11.47,11.16,11.404999732971191,11.4,45.6,5104400,-0.002625,0.0
GME,2015-08-13,20150813,11.41,11.72,11.4,11.524999618530273,11.52,46.08,4406400,0.010526,0.0
GME,2015-08-14,20150814,11.64,11.96,11.64,11.859999656677246,11.86,47.44,9747600,0.029514,0.0
GME,2015-08-17,20150817,11.86,11.87,11.61,11.737500190734863,11.74,46.96,4342400,-0.010118,0.0
GME,2015-08-18,20150818,11.76,11.93,11.73,11.7475004196167,11.75,47.0,6476000,0.000852,0.0
GME,2015-08-19,20150819,11.71,11.79,11.44,11.612500190734863,11.61,46.44,7016000,-0.011915,0.0
GME,2015-08-20,20150820,11.41,11.5,11.3,11.307499885559082,11.31,45.24,6032000,-0.02584,0.0
GME,2015-08-21,20150821,11.19,11.53,11.16,11.207500457763672,11.21,44.84,8100800,-0.008842,0.0
GME,2015-08-24,20150824,10.47,11.04,9.66,10.739999771118164,10.74,42.96,9250800,-0.041927,0.0
GME,2015-08-25,20150825,11.02,11.17,10.82,10.97249984741211,10.97,43.88,18920400,0.021415,0.0
GME,2015-08-26,20150826,11.17,11.38,11.01,11.34000015258789,11.34,45.36,15134400,0.033728,0.0
GME,2015-08-27,20150827,11.55,11.75,11.36,11.550000190734863,11.55,46.2,11679600,0.018519,0.0
GME,2015-08-28,20150828,11.16,11.23,10.39,10.6225004196167,10.62,42.48,33722000,-0.080519,0.0
GME,2015-08-31,20150831,10.57,10.65,10.39,10.619999885559082,10.62,42.48,9861200,0.0,0.0
GME,2015-09-01,20150901,10.38,10.54,10.18,10.295000076293945,10.3,41.2,9354400,-0.030132,0.0
GME,2015-09-02,20150902,10.42,10.52,10.28,10.452500343322754,10.45,41.8,10147600,0.014563,0.0
GME,2015-09-03,20150903,10.5,10.69,10.39,10.427499771118164,10.43,41.72,8372800,-0.001914,0.0
GME,2015-09-04,20150904,10.3,10.39,10.18,10.3125,10.31,41.24,6127600,-0.011505,0.0
GME,2015-09-08,20150908,10.49,10.49,10.19,10.447500228881836,10.45,41.8,8708000,0.013579,0.0
GME,2015-09-09,20150909,10.51,10.56,10.41,10.447500228881836,10.45,41.8,5874800,0.0,0.0
GME,2015-09-10,20150910,10.41,10.72,10.38,10.587499618530273,10.59,42.36,5733200,0.013397,0.0
GME,2015-09-11,20150911,10.56,10.72,10.42,10.694999694824219,10.69,42.76,6061600,0.009443,0.0
GME,2015-09-14,20150914,10.71,10.8,10.56,10.792499542236328,10.79,43.16,5638800,0.009355,0.0
GME,2015-09-15,20150915,10.81,10.83,10.69,10.75,10.75,43.0,4498400,-0.003707,0.0
GME,2015-09-16,20150916,10.74,11.04,10.73,10.994999885559082,10.99,43.96,6159200,0.022326,0.0
GME,2015-09-17,20150917,11.0,11.11,10.72,10.90250015258789,10.9,43.6,6796400,-0.008189,0.0
GME,2015-09-18,20150918,10.79,10.9,10.56,10.567500114440918,10.57,42.28,8250400,-0.030275,0.0
GME,2015-09-21,20150921,10.68,10.71,10.36,10.430000305175781,10.43,41.72,6620000,-0.013245,0.0
GME,2015-09-22,20150922,10.31,10.44,10.25,10.337499618530273,10.34,41.36,4002800,-0.008629,0.0
GME,2015-09-23,20150923,10.31,10.4,10.16,10.270000457763672,10.27,41.08,3140800,-0.00677,0.0
GME,2015-09-24,20150924,10.19,10.37,10.15,10.300000190734863,10.3,41.2,5456800,0.002921,0.0
GME,2015-09-25,20150925,10.33,10.47,10.11,10.25,10.25,41.0,6662800,-0.004854,0.0
GME,2015-09-28,20150928,10.21,10.27,9.98,10.074999809265137,10.07,40.28,6852800,-0.017561,0.0
GME,2015-09-29,20150929,10.05,10.23,9.91,10.107500076293945,10.11,40.44,8432000,0.003972,0.0
GME,2015-09-30,20150930,10.25,10.33,10.15,10.302499771118164,10.3,41.2,6866400,0.018793,0.0
GME,2015-10-01,20151001,10.32,10.41,9.95,10.130000114440918,10.13,40.52,7833600,-0.016505,0.0
GME,2015-10-02,20151002,10.07,10.39,10.0,10.375,10.38,41.52,5966400,0.024679,0.0
GME,2015-10-05,20151005,10.4,10.66,10.38,10.619999885559082,10.62,42.48,7671600,0.023121,0.0
GME,2015-10-06,20151006,10.61,10.87,10.6,10.835000038146973,10.84,43.36,7518000,0.020716,0.0
GME,2015-10-07,20151007,10.86,10.95,10.65,10.859999656677246,10.86,43.44,4901600,0.001845,0.0
GME,2015-10-08,20151008,10.76,11.09,10.76,10.994999885559082,10.99,43.96,4536400,0.011971,0.0
GME,2015-10-09,20151009,10.93,11.11,10.86,11.102499961853027,11.1,44.4,3824800,0.010009,0.0
GME,2015-10-12,20151012,11.07,11.16,10.96,10.984999656677246,10.98,43.92,2991600,-0.010811,0.0
GME,2015-10-13,20151013,10.93,11.04,10.85,10.880000114440918,10.88,43.52,3242000,-0.009107,0.0
GME,2015-10-14,20151014,10.86,10.93,10.68,10.762499809265137,10.76,43.04,3027600,-0.011029,0.0
GME,2015-10-15,20151015,10.81,10.99,10.71,10.982500076293945,10.98,43.92,3522000,0.020446,0.0
GME,2015-10-16,20151016,11.07,11.12,10.9,11.114999771118164,11.11,44.44,3594000,0.01184,0.0
GME,2015-10-19,20151019,11.11,11.23,11.0,11.180000305175781,11.18,44.72,3046400,0.006301,0.0
GME,2015-10-20,20151020,11.19,11.4,11.18,11.274999618530273,11.27,45.08,6144800,0.00805,0.0
GME,2015-10-21,20151021,11.32,11.55,11.28,11.510000228881836,11.51,46.04,4631600,0.021295,0.0
GME,2015-10-22,20151022,11.55,11.82,11.4,11.744999885559082,11.74,46.96,6262000,0.019983,0.0
GME,2015-10-23,20151023,11.9,11.9,11.27,11.337499618530273,11.34,45.36,9208400,-0.034072,0.0
GME,2015-10-26,20151026,11.34,11.38,11.09,11.167499542236328,11.17,44.68,5856400,-0.014991,0.0
GME,2015-10-27,20151027,11.18,11.23,10.89,11.0625,11.06,44.24,4584000,-0.009848,0.0
GME,2015-10-28,20151028,11.11,11.42,11.07,11.387499809265137,11.39,45.56,3632000,0.029837,0.0
GME,2015-10-29,20151029,11.41,11.55,11.34,11.427499771118164,11.43,45.72,2984400,0.003512,0.0
GME,2015-10-30,20151030,11.48,11.64,11.39,11.517499923706055,11.52,46.08,4879200,0.007874,0.0
GME,2015-11-02,20151102,11.51,11.62,11.39,11.545000076293945,11.55,46.2,3821200,0.002604,0.0
GME,2015-11-03,20151103,11.57,11.7,11.52,11.6875,11.69,46.76,5713200,0.012121,0.0
GME,2015-11-04,20151104,11.68,11.78,11.65,11.712499618530273,11.71,46.84,5235600,0.001711,0.0
GME,2015-11-05,20151105,11.74,11.79,11.57,11.734999656677246,11.73,46.92,3947600,0.001708,0.0
GME,2015-11-06,20151106,11.69,11.87,11.59,11.704999923706055,11.7,46.8,7676800,-0.002558,0.0
GME,2015-11-09,20151109,11.69,11.7,11.36,11.375,11.38,45.52,6093200,-0.02735,0.0
GME,2015-11-10,20151110,11.36,11.55,11.31,11.484999656677246,11.48,45.92,6072800,0.008787,0.0
GME,2015-11-11,20151111,11.52,11.57,11.11,11.145000457763672,11.15,44.6,7525200,-0.028746,0.0
GME,2015-11-12,20151112,11.11,11.2,10.97,11.132499694824219,11.13,44.52,7546000,-0.001794,0.0
GME,2015-11-13,20151113,9.98,10.02,9.27,9.295000076293945,9.3,37.2,38060800,-0.16442,0.0
GME,2015-11-16,20151116,9.25,9.55,9.24,9.522500038146973,9.52,38.08,10280000,0.023656,0.0
GME,2015-11-17,20151117,9.57,9.57,9.23,9.289999961853027,9.29,37.16,10395200,-0.02416,0.0
GME,2015-11-18,20151118,9.39,9.52,9.31,9.452500343322754,9.45,37.8,9136800,0.017223,0.0
GME,2015-11-19,20151119,9.41,9.74,9.38,9.614999771118164,9.61,38.44,8218800,0.016931,0.0
GME,2015-11-20,20151120,9.77,9.94,9.64,9.8149995803833,9.81,39.24,11176800,0.020812,0.0
GME,2015-11-23,20151123,8.28,9.42,8.25,9.40250015258789,9.4,37.6,67735200,-0.041794,0.0
GME,2015-11-24,20151124,9.0,9.56,8.98,9.477499961853027,9.48,37.92,21452000,0.008511,0.0
GME,2015-11-25,20151125,9.45,9.51,9.15,9.15999984741211,9.16,36.64,8231600,-0.033755,0.0
GME,2015-11-27,20151127,9.22,9.24,8.95,9.0024995803833,9.0,36.0,4770000,-0.017467,0.0
GME,2015-11-30,20151130,8.89,8.96,8.73,8.757499694824219,8.76,35.04,12892400,-0.026667,0.0
GME,2015-12-01,20151201,8.76,8.79,8.56,8.675000190734863,8.68,34.72,8725200,-0.009132,0.0
GME,2015-12-02,20151202,8.68,8.71,8.47,8.467499732971191,8.47,33.88,11470800,-0.024194,0.0
GME,2015-12-03,20151203,8.46,8.46,8.05,8.194999694824219,8.19,32.76,14872000,-0.033058,0.0
GME,2015-12-04,20151204,8.19,8.34,8.06,8.324999809265137,8.32,33.28,14113200,0.015873,0.0
GME,2015-12-07,20151207,8.3,8.35,8.12,8.267499923706055,8.27,33.08,11792400,-0.00601,0.0
GME,2015-12-08,20151208,8.15,8.47,8.07,8.4350004196167,8.44,33.76,11211200,0.020556,0.0
GME,2015-12-09,20151209,8.28,8.51,8.1,8.109999656677246,8.11,32.44,10329200,-0.0391,0.0
GME,2015-12-10,20151210,8.14,8.23,7.87,8.0024995803833,8.0,32.0,16325600,-0.013564,0.0
GME,2015-12-11,20151211,7.55,7.84,7.49,7.5,7.5,30.0,26372000,-0.0625,0.0
GME,2015-12-14,20151214,7.5,7.66,7.43,7.567500114440918,7.57,30.28,11758000,0.009333,0.0
GME,2015-12-15,20151215,7.68,7.79,7.6,7.635000228881836,7.64,30.56,10153200,0.009247,0.0
GME,2015-12-16,20151216,7.7,7.75,7.53,7.639999866485596,7.64,30.56,8740400,0.0,0.0
GME,2015-12-17,20151217,7.64,7.68,7.26,7.262499809265137,7.26,29.04,9117600,-0.049738,0.0
GME,2015-12-18,20151218,7.23,7.24,6.97,7.190000057220459,7.19,28.76,22410000,-0.009642,0.0
GME,2015-12-21,20151221,7.13,7.28,7.01,7.1875,7.19,28.76,13672800,0.0,0.0
GME,2015-12-22,20151222,7.22,7.22,7.04,7.150000095367432,7.15,28.6,12263600,-0.005563,0.0
GME,2015-12-23,20151223,7.2,7.23,7.07,7.1875,7.19,28.76,11113200,0.005594,0.0
GME,2015-12-24,20151224,7.16,7.2,7.07,7.09250020980835,7.09,28.36,3476000,-0.013908,0.0
GME,2015-12-28,20151228,7.09,7.24,7.03,7.117499828338623,7.12,28.48,9301600,0.004231,0.0
GME,2015-12-29,20151229,7.16,7.2,7.08,7.107500076293945,7.11,28.44,8161600,-0.001404,0.0
GME,2015-12-30,20151230,7.09,7.24,7.06,7.119999885559082,7.12,28.48,5753200,0.001406,0.0
GME,2015-12-31,20151231,7.11,7.22,7.01,7.010000228881836,7.01,28.04,6784000,-0.015449,0.0
GME,2016-01-04,20160104,6.76,7.11,6.75,7.077499866485596,7.08,28.32,17321600,0.009986,0.0
GME,2016-01-05,20160105,7.15,7.25,7.01,7.192500114440918,7.19,28.76,13666400,0.015537,0.0
GME,2016-01-06,20160106,7.06,7.18,6.86,7.09250020980835,7.09,28.36,15025600,-0.013908,0.0
GME,2016-01-07,20160107,7.03,7.19,6.93,7.112500190734863,7.11,28.44,10651200,0.002821,0.0
GME,2016-01-08,20160108,7.18,7.2,7.01,7.09250020980835,7.09,28.36,10796800,-0.002813,0.0
GME,2016-01-11,20160111,7.08,7.39,7.0,7.34499979019165,7.34,29.36,13026800,0.035261,0.0
GME,2016-01-12,20160112,7.24,7.3,6.58,6.96999979019165,6.97,27.88,32357600,-0.050409,0.0
GME,2016-01-13,20160113,6.93,6.95,6.62,6.735000133514404,6.74,26.96,11686400,-0.032999,0.0
GME,2016-01-14,20160114,6.86,6.86,6.3,6.394999980926514,6.39,25.56,18357600,-0.051929,0.0
GME,2016-01-15,20160115,6.26,6.49,6.21,6.409999847412109,6.41,25.64,12750800,0.00313,0.0
GME,2016-01-19,20160119,6.49,6.49,6.26,6.377500057220459,6.38,25.52,11138000,-0.00468,0.0
GME,2016-01-20,20160120,6.3,6.36,6.08,6.297500133514404,6.3,25.2,8945200,-0.012539,0.0
GME,2016-01-21,20160121,6.3,6.49,6.29,6.322500228881836,6.32,25.28,8473200,0.003175,0.0
GME,2016-01-22,20160122,6.43,6.51,6.36,6.417500019073486,6.42,25.68,7054400,0.015823,0.0
GME,2016-01-25,20160125,6.4,6.49,6.23,6.264999866485596,6.26,25.04,5780800,-0.024922,0.0
GME,2016-01-26,20160126,6.34,6.62,6.28,6.514999866485596,6.51,26.04,11076000,0.039936,0.0
GME,2016-01-27,20160127,6.56,6.7,6.45,6.537499904632568,6.54,26.16,8011600,0.004608,0.0
GME,2016-01-28,20160128,6.62,6.65,6.42,6.427499771118164,6.43,25.72,5595600,-0.01682,0.0
GME,2016-01-29,20160129,6.44,6.56,6.4,6.552499771118164,6.55,26.2,9271200,0.018663,0.0
GME,2016-02-01,20160201,6.55,6.72,6.46,6.702499866485596,6.7,26.8,11149200,0.022901,0.0
GME,2016-02-02,20160202,6.66,6.68,6.4,6.480000019073486,6.48,25.92,7362400,-0.032836,0.0
GME,2016-02-03,20160203,6.53,6.57,6.19,6.542500019073486,6.54,26.16,8893600,0.009259,0.0
GME,2016-02-04,20160204,6.51,6.8,6.34,6.752500057220459,6.75,27.0,8000800,0.03211,0.0
GME,2016-02-05,20160205,6.75,6.8,6.61,6.707499980926514,6.71,26.84,6183200,-0.005926,0.0
GME,2016-02-08,20160208,6.64,6.99,6.62,6.972499847412109,6.97,27.88,11779200,0.038748,0.0
GME,2016-02-09,20160209,6.91,6.97,6.68,6.78000020980835,6.78,27.12,13147200,-0.02726,0.0
GME,2016-02-10,20160210,6.8,6.82,6.66,6.662499904632568,6.66,26.64,5480400,-0.017699,0.0
GME,2016-02-11,20160211,6.61,6.74,6.53,6.667500019073486,6.67,26.68,5918800,0.001502,0.0
GME,2016-02-12,20160212,6.69,6.84,6.57,6.744999885559082,6.74,26.96,10327200,0.010495,0.0
GME,2016-02-16,20160216,6.83,7.01,6.72,7.0,7.0,28.0,5744000,0.038576,0.0
GME,2016-02-17,20160217,7.05,7.25,6.99,7.184999942779541,7.18,28.72,6689600,0.025714,0.0
GME,2016-02-18,20160218,7.2,7.45,7.17,7.309999942779541,7.31,29.24,11048000,0.018106,0.0
GME,2016-02-19,20160219,7.3,7.3,6.95,7.047500133514404,7.05,28.2,8530000,-0.035568,0.0
GME,2016-02-22,20160222,7.13,7.41,7.11,7.302499771118164,7.3,29.2,6722400,0.035461,0.0
GME,2016-02-23,20160223,7.4,7.47,7.24,7.360000133514404,7.36,29.44,5059600,0.008219,0.0
GME,2016-02-24,20160224,7.36,7.47,7.07,7.472499847412109,7.47,29.88,6416800,0.014946,0.0
GME,2016-02-25,20160225,7.4,7.51,7.33,7.489999771118164,7.49,29.96,6115600,0.002677,0.0
GME,2016-02-26,20160226,7.53,7.65,7.48,7.635000228881836,7.64,30.56,6775600,0.020027,0.0
GME,2016-02-29,20160229,7.61,7.77,7.51,7.704999923706055,7.7,30.8,9401600,0.007853,0.0
GME,2016-03-01,20160301,7.76,7.81,7.62,7.735000133514404,7.74,30.96,8520400,0.005195,0.0
GME,2016-03-02,20160302,7.72,7.92,7.29,7.822500228881836,7.82,31.28,16452400,0.010336,0.0
GME,2016-03-03,20160303,7.84,8.24,7.82,8.177499771118164,8.18,32.72,14196000,0.046036,0.0
GME,2016-03-04,20160304,8.07,8.14,7.8,7.807499885559082,7.81,31.24,10121600,-0.045232,0.0
GME,2016-03-07,20160307,7.76,7.93,7.59,7.684999942779541,7.68,30.72,11321200,-0.016645,0.0
GME,2016-03-08,20160308,7.72,7.75,7.45,7.53000020980835,7.53,30.12,9314000,-0.019531,0.0
GME,2016-03-09,20160309,7.59,7.89,7.54,7.822500228881836,7.82,31.28,10378000,0.038513,0.0
GME,2016-03-10,20160310,7.83,7.83,7.49,7.610000133514404,7.61,30.44,8197200,-0.026854,0.0
GME,2016-03-11,20160311,7.64,7.77,7.61,7.6875,7.69,30.76,6477200,0.010512,0.0
GME,2016-03-14,20160314,7.69,8.01,7.68,7.914999961853027,7.91,31.64,6921600,0.028609,0.0
GME,2016-03-15,20160315,7.88,7.93,7.49,7.695000171661377,7.7,30.8,8111600,-0.026549,0.0
GME,2016-03-16,20160316,7.79,8.0,7.7,7.977499961853027,7.98,31.92,6249600,0.036364,0.0
GME,2016-03-17,20160317,8.05,8.06,7.75,7.840000152587891,7.84,31.36,12200800,-0.017544,0.0
GME,2016-03-18,20160318,7.89,8.07,7.7,7.707499980926514,7.71,30.84,22170800,-0.016582,0.0
GME,2016-03-21,20160321,7.73,7.91,7.51,7.712500095367432,7.71,30.84,13434800,0.0,0.0
GME,2016-03-22,20160322,7.69,7.7,7.5,7.545000076293945,7.55,30.2,8700000,-0.020752,0.0
GME,2016-03-23,20160323,7.55,7.7,7.51,7.59250020980835,7.59,30.36,7876800,0.005298,0.0
GME,2016-03-24,20160324,7.59,7.62,7.4,7.567500114440918,7.57,30.28,17952400,-0.002635,0.0
GME,2016-03-28,20160328,7.24,7.74,7.1,7.522500038146973,7.52,30.08,32988800,-0.006605,0.0
GME,2016-03-29,20160329,7.55,7.98,7.5,7.877500057220459,7.88,31.52,15210000,0.047872,0.0
GME,2016-03-30,20160330,7.89,7.99,7.75,7.940000057220459,7.94,31.76,10088400,0.007614,0.0
GME,2016-03-31,20160331,7.97,8.11,7.92,7.932499885559082,7.93,31.72,8376000,-0.001259,0.0
GME,2016-04-01,20160401,7.93,7.94,7.68,7.835000038146973,7.84,31.36,8540400,-0.011349,0.0
GME,2016-04-04,20160404,7.85,7.86,7.68,7.732500076293945,7.73,30.92,5967200,-0.014031,0.0
GME,2016-04-05,20160405,7.7,7.77,7.55,7.572500228881836,7.57,30.28,7004000,-0.020699,0.0
GME,2016-04-06,20160406,7.56,7.78,7.45,7.522500038146973,7.52,30.08,9206000,-0.006605,0.0
GME,2016-04-07,20160407,7.53,7.55,7.25,7.28000020980835,7.28,29.12,14695600,-0.031915,0.0
GME,2016-04-08,20160408,7.32,7.47,7.28,7.372499942779541,7.37,29.48,8490400,0.012363,0.0
GME,2016-04-11,20160411,7.43,7.66,7.43,7.46999979019165,7.47,29.88,8181200,0.013569,0.0
GME,2016-04-12,20160412,7.5,7.62,7.43,7.522500038146973,7.52,30.08,7840400,0.006693,0.0
GME,2016-04-13,20160413,7.56,7.9,7.55,7.867499828338623,7.87,31.48,8691600,0.046543,0.0
GME,2016-04-14,20160414,7.84,7.93,7.65,7.912499904632568,7.91,31.64,10259600,0.005083,0.0
GME,2016-04-15,20160415,7.94,8.03,7.88,7.947500228881836,7.95,31.8,10342000,0.005057,0.0
GME,2016-04-18,20160418,7.97,8.1,7.91,8.052499771118164,8.05,32.2,7128800,0.012579,0.0
GME,2016-04-19,20160419,8.09,8.14,8.03,8.112500190734863,8.11,32.44,6650800,0.007453,0.0
GME,2016-04-20,20160420,8.12,8.32,8.08,8.22249984741211,8.22,32.88,11016000,0.013564,0.0
GME,2016-04-21,20160421,8.22,8.27,8.05,8.077500343322754,8.08,32.32,10325600,-0.017032,0.0
GME,2016-04-22,20160422,8.07,8.23,8.05,8.199999809265137,8.2,32.8,88882000,0.014851,0.0
GME,2016-04-25,20160425,8.17,8.25,8.11,8.199999809265137,8.2,32.8,8251200,0.0,0.0
GME,2016-04-26,20160426,8.19,8.34,8.15,8.329999923706055,8.33,33.32,7961200,0.015854,0.0
GME,2016-04-27,20160427,8.3,8.43,8.27,8.345000267028809,8.35,33.4,11343200,0.002401,0.0
GME,2016-04-28,20160428,8.29,8.33,8.19,8.225000381469727,8.23,32.92,8579200,-0.014371,0.0
GME,2016-04-29,20160429,8.23,8.26,8.09,8.199999809265137,8.2,32.8,8473600,-0.003645,0.0
GME,2016-05-02,20160502,8.2,8.22,7.99,8.09000015258789,8.09,32.36,10590000,-0.013415,0.0
GME,2016-05-03,20160503,8.05,8.09,7.82,7.824999809265137,7.82,31.28,10560800,-0.033375,0.0
GME,2016-05-04,20160504,7.8,7.84,7.58,7.684999942779541,7.68,30.72,11483200,-0.017903,0.0
GME,2016-05-05,20160505,7.67,7.69,7.49,7.527500152587891,7.53,30.12,8590800,-0.019531,0.0
GME,2016-05-06,20160506,7.55,7.56,7.34,7.522500038146973,7.52,30.08,7822800,-0.001328,0.0
GME,2016-05-09,20160509,7.53,7.62,7.51,7.547500133514404,7.55,30.2,7538400,0.003989,0.0
GME,2016-05-10,20160510,7.57,7.66,7.5,7.630000114440918,7.63,30.52,5274800,0.010596,0.0
GME,2016-05-11,20160511,7.54,7.54,7.23,7.300000190734863,7.3,29.2,11997200,-0.04325,0.0
GME,2016-05-12,20160512,7.32,7.35,7.21,7.275000095367432,7.28,29.12,8598800,-0.00274,0.0
GME,2016-05-13,20160513,7.28,7.33,7.1,7.182499885559082,7.18,28.72,11854400,-0.013736,0.0
GME,2016-05-16,20160516,7.19,7.28,7.14,7.255000114440918,7.26,29.04,12104400,0.011142,0.0
GME,2016-05-17,20160517,7.27,7.35,7.1,7.114999771118164,7.11,28.44,12189200,-0.020661,0.0
GME,2016-05-18,20160518,7.08,7.09,6.95,7.007500171661377,7.01,28.04,15548800,-0.014065,0.0
GME,2016-05-19,20160519,7.01,7.14,6.88,7.137499809265137,7.14,28.56,12570000,0.018545,0.0
GME,2016-05-20,20160520,7.17,7.18,7.05,7.119999885559082,7.12,28.48,9317200,-0.002801,0.0
GME,2016-05-23,20160523,7.15,7.22,7.08,7.117499828338623,7.12,28.48,8022800,0.0,0.0
GME,2016-05-24,20160524,7.1,7.24,7.04,7.175000190734863,7.18,28.72,14090400,0.008427,0.0
GME,2016-05-25,20160525,7.19,7.46,7.17,7.432499885559082,7.43,29.72,18447200,0.034819,0.0
GME,2016-05-26,20160526,7.5,7.61,7.47,7.494999885559082,7.49,29.96,13702000,0.008075,0.0
GME,2016-05-27,20160527,7.01,7.23,6.91,7.199999809265137,7.2,28.8,30238400,-0.038718,0.0
GME,2016-05-31,20160531,7.22,7.34,7.16,7.275000095367432,7.28,29.12,39743200,0.011111,0.0
GME,2016-06-01,20160601,7.26,7.3,7.11,7.237500190734863,7.24,28.96,14889200,-0.005495,0.0
GME,2016-06-02,20160602,7.24,7.33,7.19,7.222499847412109,7.22,28.88,7872400,-0.002762,0.0
GME,2016-06-03,20160603,7.24,7.26,7.08,7.15749979019165,7.16,28.64,8838800,-0.00831,0.0
GME,2016-06-06,20160606,7.07,7.15,7.01,7.117499828338623,7.12,28.48,7820800,-0.005587,0.0
GME,2016-06-07,20160607,7.12,7.2,7.1,7.114999771118164,7.11,28.44,7284000,-0.001404,0.0
GME,2016-06-08,20160608,7.12,7.16,7.05,7.057499885559082,7.06,28.24,7681600,-0.007032,0.0
GME,2016-06-09,20160609,7.02,7.07,6.79,6.817500114440918,6.82,27.28,13588000,-0.033994,0.0
GME,2016-06-10,20160610,6.74,6.74,6.54,6.632500171661377,6.63,26.52,18088400,-0.027859,0.0
GME,2016-06-13,20160613,6.61,6.67,6.51,6.507500171661377,6.51,26.04,9326800,-0.0181,0.0
GME,2016-06-14,20160614,6.49,6.51,6.34,6.432499885559082,6.43,25.72,12596000,-0.012289,0.0
GME,2016-06-15,20160615,6.43,6.61,6.4,6.53249979019165,6.53,26.12,14506400,0.015552,0.0
GME,2016-06-16,20160616,6.51,6.55,6.43,6.482500076293945,6.48,25.92,8923200,-0.007657,0.0
GME,2016-06-17,20160617,6.49,6.65,6.45,6.537499904632568,6.54,26.16,10379200,0.009259,0.0
GME,2016-06-20,20160620,6.61,6.7,6.59,6.599999904632568,6.6,26.4,9122400,0.009174,0.0
GME,2016-06-21,20160621,6.59,6.61,6.43,6.460000038146973,6.46,25.84,6278400,-0.021212,0.0
GME,2016-06-22,20160622,6.49,6.57,6.45,6.5,6.5,26.0,7146800,0.006192,0.0
GME,2016-06-23,20160623,6.61,6.64,6.54,6.582499980926514,6.58,26.32,6074000,0.012308,0.0
GME,2016-06-24,20160624,6.32,6.43,6.32,6.335000038146973,6.34,25.36,7372000,-0.036474,0.0
GME,2016-06-27,20160627,6.33,6.49,6.3,6.375,6.38,25.52,12242800,0.006309,0.0
GME,2016-06-28,20160628,6.46,6.55,6.41,6.512499809265137,6.51,26.04,11523200,0.020376,0.0
GME,2016-06-29,20160629,6.62,6.74,6.59,6.602499961853027,6.6,26.4,9941200,0.013825,0.0
GME,2016-06-30,20160630,6.63,6.67,6.51,6.644999980926514,6.64,26.56,7436800,0.006061,0.0
GME,2016-07-01,20160701,6.72,6.84,6.68,6.764999866485596,6.76,27.04,10530400,0.018072,0.0
GME,2016-07-05,20160705,6.76,6.76,6.49,6.574999809265137,6.57,26.28,8564400,-0.028107,0.0
GME,2016-07-06,20160706,6.56,6.62,6.43,6.617499828338623,6.62,26.48,9961200,0.00761,0.0
GME,2016-07-07,20160707,6.63,6.76,6.55,6.582499980926514,6.58,26.32,9082800,-0.006042,0.0
GME,2016-07-08,20160708,6.67,6.85,6.66,6.84250020980835,6.84,27.36,8416400,0.039514,0.0
GME,2016-07-11,20160711,7.03,7.2,7.01,7.112500190734863,7.11,28.44,14266800,0.039474,0.0
GME,2016-07-12,20160712,7.18,7.24,7.12,7.184999942779541,7.18,28.72,12093200,0.009845,0.0
GME,2016-07-13,20160713,7.21,7.3,7.17,7.212500095367432,7.21,28.84,11811200,0.004178,0.0
GME,2016-07-14,20160714,7.24,7.28,7.11,7.15500020980835,7.16,28.64,7988400,-0.006935,0.0
GME,2016-07-15,20160715,7.2,7.2,6.99,6.997499942779541,7.0,28.0,9874000,-0.022346,0.0
GME,2016-07-18,20160718,7.0,7.6,6.97,7.547500133514404,7.55,30.2,31168800,0.078571,0.0
GME,2016-07-19,20160719,7.72,7.82,7.5,7.547500133514404,7.55,30.2,17436800,0.0,0.0
GME,2016-07-20,20160720,7.53,7.83,7.51,7.78000020980835,7.78,31.12,15084400,0.030464,0.0
GME,2016-07-21,20160721,7.79,7.96,7.74,7.752500057220459,7.75,31.0,17460400,-0.003856,0.0
GME,2016-07-22,20160722,7.75,7.8,7.66,7.702499866485596,7.7,30.8,10361600,-0.006452,0.0
GME,2016-07-25,20160725,7.63,7.74,7.51,7.71999979019165,7.72,30.88,9008800,0.002597,0.0
GME,2016-07-26,20160726,7.7,7.82,7.61,7.8125,7.81,31.24,10084400,0.011658,0.0
GME,2016-07-27,20160727,7.86,7.89,7.78,7.829999923706055,7.83,31.32,8732800,0.002561,0.0
GME,2016-07-28,20160728,7.8,7.83,7.7,7.792500019073486,7.79,31.16,5687600,-0.005109,0.0
GME,2016-07-29,20160729,7.81,7.81,7.64,7.737500190734863,7.74,30.96,6389200,-0.006418,0.0
GME,2016-08-01,20160801,7.74,7.75,7.55,7.587500095367432,7.59,30.36,11550400,-0.01938,0.0
GME,2016-08-02,20160802,7.64,7.66,7.3,7.309999942779541,7.31,29.24,13682800,-0.036891,0.0
GME,2016-08-03,20160803,7.26,7.46,7.14,7.409999847412109,7.41,29.64,9440400,0.01368,0.0
GME,2016-08-04,20160804,7.39,7.5,7.36,7.414999961853027,7.41,29.64,4826400,0.0,0.0
GME,2016-08-05,20160805,7.47,7.65,7.45,7.510000228881836,7.51,30.04,10449200,0.013495,0.0
GME,2016-08-08,20160808,7.53,7.6,7.41,7.447500228881836,7.45,29.8,8176400,-0.007989,0.0
GME,2016-08-09,20160809,7.44,7.55,7.38,7.40749979019165,7.41,29.64,8990400,-0.005369,0.0
GME,2016-08-10,20160810,7.4,7.56,7.4,7.537499904632568,7.54,30.16,7001200,0.017544,0.0
GME,2016-08-11,20160811,7.63,7.79,7.61,7.777500152587891,7.78,31.12,9911200,0.03183,0.0
GME,2016-08-12,20160812,7.75,7.93,7.7,7.837500095367432,7.84,31.36,8584000,0.007712,0.0
GME,2016-08-15,20160815,7.83,8.02,7.83,7.932499885559082,7.93,31.72,5720400,0.01148,0.0
GME,2016-08-16,20160816,7.91,7.99,7.79,7.792500019073486,7.79,31.16,6347600,-0.017654,0.0
GME,2016-08-17,20160817,7.72,7.74,7.62,7.704999923706055,7.7,30.8,7049600,-0.011553,0.0
GME,2016-08-18,20160818,7.73,7.8,7.64,7.792500019073486,7.79,31.16,6320400,0.011688,0.0
GME,2016-08-19,20160819,7.76,7.98,7.72,7.929999828338623,7.93,31.72,8659200,0.017972,0.0
GME,2016-08-22,20160822,8.0,8.02,7.82,7.864999771118164,7.86,31.44,6687600,-0.008827,0.0
GME,2016-08-23,20160823,8.01,8.17,7.96,8.022500038146973,8.02,32.08,11361200,0.020356,0.0
GME,2016-08-24,20160824,8.03,8.1,7.91,7.927499771118164,7.93,31.72,10861600,-0.011222,0.0
GME,2016-08-25,20160825,7.92,8.06,7.82,8.039999961853027,8.04,32.16,24669200,0.013871,0.0
GME,2016-08-26,20160826,7.55,7.63,7.17,7.184999942779541,7.18,28.72,57973600,-0.106965,0.0
GME,2016-08-29,20160829,7.19,7.24,7.09,7.242499828338623,7.24,28.96,17622400,0.008357,0.0
GME,2016-08-30,20160830,7.22,7.24,7.07,7.122499942779541,7.12,28.48,11436400,-0.016575,0.0
GME,2016-08-31,20160831,7.12,7.24,7.08,7.097499847412109,7.1,28.4,11312000,-0.002809,0.0
GME,2016-09-01,20160901,7.12,7.14,6.99,7.007500171661377,7.01,28.04,8379200,-0.012676,0.0
GME,2016-09-02,20160902,7.05,7.12,7.01,7.097499847412109,7.1,28.4,6760400,0.012839,0.0
GME,2016-09-06,20160906,7.09,7.17,7.06,7.09250020980835,7.09,28.36,7776400,-0.001408,0.0
GME,2016-09-07,20160907,7.01,7.06,6.97,7.03249979019165,7.03,28.12,6064400,-0.008463,0.0
GME,2016-09-08,20160908,6.99,7.03,6.94,6.945000171661377,6.95,27.8,6915200,-0.01138,0.0
GME,2016-09-09,20160909,6.99,7.01,6.79,6.795000076293945,6.8,27.2,9941600,-0.021583,0.0
GME,2016-09-12,20160912,6.84,6.84,6.71,6.760000228881836,6.76,27.04,14428000,-0.005882,0.0
GME,2016-09-13,20160913,6.74,6.85,6.7,6.747499942779541,6.75,27.0,11301600,-0.001479,0.0
GME,2016-09-14,20160914,6.91,6.91,6.74,6.757500171661377,6.76,27.04,7417200,0.001481,0.0
GME,2016-09-15,20160915,6.72,6.82,6.67,6.8125,6.81,27.24,8842000,0.007396,0.0
GME,2016-09-16,20160916,6.8,6.82,6.72,6.772500038146973,6.77,27.08,7688000,-0.005874,0.0
GME,2016-09-19,20160919,6.85,7.05,6.85,6.974999904632568,6.97,27.88,13399200,0.029542,0.0
GME,2016-09-20,20160920,7.02,7.05,6.91,6.929999828338623,6.93,27.72,7460400,-0.005739,0.0
GME,2016-09-21,20160921,6.95,7.04,6.93,7.03249979019165,7.03,28.12,6654800,0.01443,0.0
GME,2016-09-22,20160922,7.07,7.11,6.97,7.067500114440918,7.07,28.28,7161200,0.00569,0.0
GME,2016-09-23,20160923,7.06,7.14,7.05,7.047500133514404,7.05,28.2,5480800,-0.002829,0.0
GME,2016-09-26,20160926,7.03,7.05,6.91,6.909999847412109,6.91,27.64,4299600,-0.019858,0.0
GME,2016-09-27,20160927,6.91,6.94,6.82,6.857500076293945,6.86,27.44,5772000,-0.007236,0.0
GME,2016-09-28,20160928,6.86,6.97,6.8,6.872499942779541,6.87,27.48,4665600,0.001458,0.0
GME,2016-09-29,20160929,6.88,6.91,6.78,6.784999847412109,6.78,27.12,7032400,-0.0131,0.0
GME,2016-09-30,20160930,6.84,6.93,6.81,6.897500038146973,6.9,27.6,7155200,0.017699,0.0
GME,2016-10-03,20161003,6.9,6.97,6.86,6.945000171661377,6.95,27.8,6501600,0.007246,0.0
GME,2016-10-04,20161004,6.95,6.96,6.76,6.78249979019165,6.78,27.12,9382800,-0.02446,0.0
GME,2016-10-05,20161005,6.82,6.87,6.74,6.800000190734863,6.8,27.2,7764400,0.00295,0.0
GME,2016-10-06,20161006,6.77,6.78,6.57,6.670000076293945,6.67,26.68,14990000,-0.019118,0.0
GME,2016-10-07,20161007,6.7,6.73,6.62,6.670000076293945,6.67,26.68,8581600,0.0,0.0
GME,2016-10-10,20161010,6.71,6.78,6.66,6.707499980926514,6.71,26.84,6398400,0.005997,0.0
GME,2016-10-11,20161011,6.7,6.72,6.5,6.512499809265137,6.51,26.04,8568800,-0.029806,0.0
GME,2016-10-12,20161012,6.53,6.61,6.5,6.53000020980835,6.53,26.12,9787200,0.003072,0.0
GME,2016-10-13,20161013,6.5,6.53,6.34,6.367499828338623,6.37,25.48,10721200,-0.024502,0.0
GME,2016-10-14,20161014,6.39,6.42,6.28,6.34499979019165,6.34,25.36,12544400,-0.00471,0.0
GME,2016-10-17,20161017,6.33,6.39,6.16,6.175000190734863,6.18,24.72,21926000,-0.025237,0.0
GME,2016-10-18,20161018,6.24,6.28,6.2,6.204999923706055,6.2,24.8,8277600,0.003236,0.0
GME,2016-10-19,20161019,6.22,6.25,6.11,6.25,6.25,25.0,9329600,0.008065,0.0
GME,2016-10-20,20161020,6.24,6.3,6.23,6.277500152587891,6.28,25.12,9061600,0.0048,0.0
GME,2016-10-21,20161021,6.27,6.27,6.18,6.252500057220459,6.25,25.0,7012800,-0.004777,0.0
GME,2016-10-24,20161024,6.34,6.34,6.21,6.284999847412109,6.28,25.12,7494000,0.0048,0.0
GME,2016-10-25,20161025,6.26,6.29,6.16,6.1875,6.19,24.76,7639600,-0.014331,0.0
GME,2016-10-26,20161026,6.18,6.3,6.09,6.192500114440918,6.19,24.76,13295600,0.0,0.0
GME,2016-10-27,20161027,6.21,6.23,5.97,5.997499942779541,6.0,24.0,10813600,-0.030695,0.0
GME,2016-10-28,20161028,6.0,6.05,5.92,5.974999904632568,5.97,23.88,7484400,-0.005,0.0
GME,2016-10-31,20161031,5.99,6.05,5.94,6.012499809265137,6.01,24.04,8604800,0.0067,0.0
GME,2016-11-01,20161101,6.0,6.0,5.83,5.889999866485596,5.89,23.56,9996800,-0.019967,0.0
GME,2016-11-02,20161102,5.15,5.39,5.03,5.232500076293945,5.23,20.92,54613200,-0.112054,0.0
GME,2016-11-03,20161103,5.19,5.23,5.13,5.207499980926514,5.21,20.84,22239600,-0.003824,0.0
GME,2016-11-04,20161104,5.2,5.3,5.15,5.182499885559082,5.18,20.72,12305600,-0.005758,0.0
GME,2016-11-07,20161107,5.25,5.38,5.19,5.309999942779541,5.31,21.24,11527200,0.025097,0.0
GME,2016-11-08,20161108,5.28,5.31,5.22,5.227499961853027,5.23,20.92,7536000,-0.015066,0.0
GME,2016-11-09,20161109,5.15,5.4,5.12,5.382500171661377,5.38,21.52,6962000,0.028681,0.0
GME,2016-11-10,20161110,5.44,5.63,5.43,5.46750020980835,5.47,21.88,10095200,0.016729,0.0
GME,2016-11-11,20161111,5.45,5.59,5.38,5.579999923706055,5.58,22.32,8789600,0.02011,0.0
GME,2016-11-14,20161114,5.61,5.82,5.6,5.747499942779541,5.75,23.0,8301600,0.030466,0.0
GME,2016-11-15,20161115,5.73,5.75,5.55,5.662499904632568,5.66,22.64,8867200,-0.015652,0.0
GME,2016-11-16,20161116,5.63,5.8,5.61,5.764999866485596,5.76,23.04,6833200,0.017668,0.0
GME,2016-11-17,20161117,5.83,5.88,5.75,5.864999771118164,5.86,23.44,4574000,0.017361,0.0
GME,2016-11-18,20161118,5.84,5.89,5.76,5.864999771118164,5.86,23.44,6716000,0.0,0.0
GME,2016-11-21,20161121,5.88,5.89,5.79,5.864999771118164,5.86,23.44,8942000,0.0,0.0
GME,2016-11-22,20161122,5.92,6.05,5.9,6.027500152587891,6.03,24.12,14966800,0.02901,0.0
GME,2016-11-23,20161123,6.2,6.6,6.16,6.514999866485596,6.51,26.04,37507200,0.079602,0.0
GME,2016-11-25,20161125,6.53,6.62,6.45,6.454999923706055,6.45,25.8,9253200,-0.009217,0.0
GME,2016-11-28,20161128,6.5,6.5,6.19,6.287499904632568,6.29,25.16,11262800,-0.024806,0.0
GME,2016-11-29,20161129,6.21,6.26,6.09,6.122499942779541,6.12,24.48,9284400,-0.027027,0.0
GME,2016-11-30,20161130,6.11,6.21,6.06,6.172500133514404,6.17,24.68,12769200,0.00817,0.0
GME,2016-12-01,20161201,6.16,6.26,6.11,6.159999847412109,6.16,24.64,5762800,-0.001621,0.0
GME,2016-12-02,20161202,6.15,6.21,6.03,6.067500114440918,6.07,24.28,6291200,-0.01461,0.0
GME,2016-12-05,20161205,6.11,6.22,6.07,6.130000114440918,6.13,24.52,9341200,0.009885,0.0
GME,2016-12-06,20161206,6.16,6.23,6.15,6.222499847412109,6.22,24.88,6032000,0.014682,0.0
GME,2016-12-07,20161207,6.29,6.53,6.29,6.485000133514404,6.49,25.96,11197200,0.043408,0.0
GME,2016-12-08,20161208,6.5,6.55,6.39,6.492499828338623,6.49,25.96,12400800,0.0,0.0
GME,2016-12-09,20161209,6.47,6.58,6.44,6.505000114440918,6.51,26.04,9806800,0.003082,0.0
GME,2016-12-12,20161212,6.51,6.62,6.44,6.605000019073486,6.61,26.44,8584800,0.015361,0.0
GME,2016-12-13,20161213,6.63,6.71,6.58,6.597499847412109,6.6,26.4,9597200,-0.001513,0.0
GME,2016-12-14,20161214,6.59,6.61,6.3,6.320000171661377,6.32,25.28,9493200,-0.042424,0.0
GME,2016-12-15,20161215,6.32,6.43,6.28,6.335000038146973,6.34,25.36,7859200,0.003165,0.0
GME,2016-12-16,20161216,6.34,6.42,6.32,6.355000019073486,6.36,25.44,13533200,0.003155,0.0
GME,2016-12-19,20161219,6.35,6.48,6.35,6.474999904632568,6.47,25.88,5266800,0.017296,0.0
GME,2016-12-20,20161220,6.47,6.54,6.46,6.53000020980835,6.53,26.12,4126800,0.009274,0.0
GME,2016-12-21,20161221,6.52,6.64,6.46,6.597499847412109,6.6,26.4,7517600,0.01072,0.0
GME,2016-12-22,20161222,6.59,6.59,6.26,6.264999866485596,6.26,25.04,9186000,-0.051515,0.0
GME,2016-12-23,20161223,6.39,6.5,6.33,6.352499961853027,6.35,25.4,7910400,0.014377,0.0
GME,2016-12-27,20161227,6.35,6.5,6.35,6.487500190734863,6.49,25.96,6384400,0.022047,0.0
GME,2016-12-28,20161228,6.45,6.49,6.27,6.317500114440918,6.32,25.28,6864400,-0.026194,0.0
GME,2016-12-29,20161229,6.31,6.44,6.31,6.335000038146973,6.34,25.36,6859200,0.003165,0.0
GME,2016-12-30,20161230,6.36,6.44,6.3,6.315000057220459,6.32,25.28,6991200,-0.003155,0.0
GME,2017-01-03,20170103,6.36,6.37,6.26,6.34250020980835,6.34,25.36,7765600,0.003165,0.0
GME,2017-01-04,20170104,6.39,6.51,6.39,6.480000019073486,6.48,25.92,8977200,0.022082,0.0
GME,2017-01-05,20170105,6.39,6.39,6.22,6.25,6.25,25.0,12150800,-0.035494,0.0
GME,2017-01-06,20170106,6.29,6.29,6.12,6.130000114440918,6.13,24.52,9334400,-0.0192,0.0
GME,2017-01-09,20170109,6.15,6.16,6.08,6.122499942779541,6.12,24.48,6586800,-0.001631,0.0
GME,2017-01-10,20170110,6.13,6.28,6.11,6.159999847412109,6.16,24.64,8972400,0.006536,0.0
GME,2017-01-11,20170111,6.18,6.28,6.12,6.152500152587891,6.15,24.6,10173600,-0.001623,0.0
GME,2017-01-12,20170112,6.15,6.24,6.14,6.179999828338623,6.18,24.72,10572800,0.004878,0.0
GME,2017-01-13,20170113,5.57,5.8,5.57,5.682499885559082,5.68,22.72,59295600,-0.080906,0.0
GME,2017-01-17,20170117,5.68,5.94,5.67,5.835000038146973,5.84,23.36,19933600,0.028169,0.0
GME,2017-01-18,20170118,5.82,5.91,5.72,5.872499942779541,5.87,23.48,8723600,0.005137,0.0
GME,2017-01-19,20170119,5.88,5.92,5.8,5.827499866485596,5.83,23.32,8009600,-0.006814,0.0
GME,2017-01-20,20170120,5.86,5.91,5.83,5.894999980926514,5.89,23.56,10264400,0.010292,0.0
GME,2017-01-23,20170123,5.92,6.0,5.86,5.982500076293945,5.98,23.92,8745200,0.01528,0.0
GME,2017-01-24,20170124,5.99,6.04,5.93,5.96750020980835,5.97,23.88,11402400,-0.001672,0.0
GME,2017-01-25,20170125,6.0,6.05,5.98,6.042500019073486,6.04,24.16,7550800,0.011725,0.0
GME,2017-01-26,20170126,6.06,6.17,6.03,6.054999828338623,6.05,24.2,12641200,0.001656,0.0
GME,2017-01-27,20170127,6.07,6.12,5.99,6.077499866485596,6.08,24.32,10677600,0.004959,0.0
GME,2017-01-30,20170130,6.03,6.06,5.96,6.045000076293945,6.05,24.2,6925200,-0.004934,0.0
GME,2017-01-31,20170131,5.99,6.14,5.97,6.122499942779541,6.12,24.48,6387600,0.01157,0.0
GME,2017-02-01,20170201,6.12,6.16,6.02,6.074999809265137,6.07,24.28,7011600,-0.00817,0.0
GME,2017-02-02,20170202,6.1,6.14,6.07,6.09499979019165,6.09,24.36,6607200,0.003295,0.0
GME,2017-02-03,20170203,6.09,6.22,6.07,6.184999942779541,6.18,24.72,8970800,0.014778,0.0
GME,2017-02-06,20170206,6.18,6.24,6.13,6.170000076293945,6.17,24.68,6818400,-0.001618,0.0
GME,2017-02-07,20170207,6.18,6.25,6.13,6.15749979019165,6.16,24.64,8718400,-0.001621,0.0
GME,2017-02-08,20170208,6.15,6.22,6.14,6.197500228881836,6.2,24.8,5553600,0.006494,0.0
GME,2017-02-09,20170209,6.2,6.35,6.19,6.347499847412109,6.35,25.4,5953200,0.024194,0.0
GME,2017-02-10,20170210,6.38,6.44,6.32,6.414999961853027,6.41,25.64,6084000,0.009449,0.0
GME,2017-02-13,20170213,6.44,6.46,6.32,6.34250020980835,6.34,25.36,5883200,-0.01092,0.0
GME,2017-02-14,20170214,6.32,6.47,6.31,6.434999942779541,6.43,25.72,6170800,0.014196,0.0
GME,2017-02-15,20170215,6.44,6.52,6.39,6.445000171661377,6.45,25.8,8586800,0.00311,0.0
GME,2017-02-16,20170216,6.43,6.47,6.32,6.355000019073486,6.36,25.44,7183200,-0.013953,0.0
GME,2017-02-17,20170217,6.34,6.4,6.32,6.392499923706055,6.39,25.56,4966800,0.004717,0.0
GME,2017-02-21,20170221,6.46,6.56,6.44,6.554999828338623,6.55,26.2,10881200,0.025039,0.0
GME,2017-02-22,20170222,6.55,6.57,6.51,6.565000057220459,6.57,26.28,5510800,0.003053,0.0
GME,2017-02-23,20170223,6.58,6.59,6.38,6.389999866485596,6.39,25.56,9848800,-0.027397,0.0
GME,2017-02-24,20170224,6.39,6.62,6.36,6.570000171661377,6.57,26.28,7966800,0.028169,0.0
GME,2017-02-27,20170227,6.55,6.67,6.42,6.630000114440918,6.63,26.52,9205200,0.009132,0.0
GME,2017-02-28,20170228,6.58,6.58,5.89,6.110000133514404,6.11,24.44,31031600,-0.078431,0.0
GME,2017-03-01,20170301,6.14,6.23,6.07,6.119999885559082,6.12,24.48,13366000,0.001637,0.0
GME,2017-03-02,20170302,6.12,6.28,6.11,6.244999885559082,6.24,24.96,9901600,0.019608,0.0
GME,2017-03-03,20170303,6.26,6.33,6.25,6.320000171661377,6.32,25.28,7311600,0.012821,0.0
GME,2017-03-06,20170306,6.32,6.32,6.18,6.227499961853027,6.23,24.92,9102400,-0.014241,0.0
GME,2017-03-07,20170307,6.2,6.22,6.11,6.167500019073486,6.17,24.68,9258400,-0.009631,0.0
GME,2017-03-08,20170308,6.19,6.29,6.15,6.25,6.25,25.0,9521600,0.012966,0.0
GME,2017-03-09,20170309,6.25,6.31,6.2,6.25,6.25,25.0,9594800,0.0,0.0
GME,2017-03-10,20170310,6.18,6.32,6.16,6.295000076293945,6.3,25.2,12197600,0.008,0.0
GME,2017-03-13,20170313,6.19,6.2,6.03,6.047500133514404,6.05,24.2,15760400,-0.039683,0.0
GME,2017-03-14,20170314,6.05,6.16,6.0,6.139999866485596,6.14,24.56,7399200,0.014876,0.0
GME,2017-03-15,20170315,6.16,6.2,6.07,6.167500019073486,6.17,24.68,11586000,0.004886,0.0
GME,2017-03-16,20170316,6.15,6.15,6.01,6.065000057220459,6.07,24.28,12534000,-0.016207,0.0
GME,2017-03-17,20170317,6.07,6.17,6.05,6.159999847412109,6.16,24.64,21716400,0.014827,0.0
GME,2017-03-20,20170320,6.16,6.21,5.94,5.96999979019165,5.97,23.88,16464800,-0.030844,0.0
GME,2017-03-21,20170321,6.01,6.03,5.85,6.002500057220459,6.0,24.0,11402000,0.005025,0.0
GME,2017-03-22,20170322,6.01,6.03,5.94,6.022500038146973,6.02,24.08,8168000,0.003333,0.0
GME,2017-03-23,20170323,6.04,6.11,5.95,5.989999771118164,5.99,23.96,18648800,-0.004983,0.0
GME,2017-03-24,20170324,5.34,5.39,5.16,5.175000190734863,5.18,20.72,63778400,-0.135225,0.0
GME,2017-03-27,20170327,5.08,5.27,5.06,5.212500095367432,5.21,20.84,27849200,0.005792,0.0
GME,2017-03-28,20170328,5.22,5.45,5.18,5.429999828338623,5.43,21.72,17114400,0.042226,0.0
GME,2017-03-29,20170329,5.45,5.53,5.39,5.487500190734863,5.49,21.96,13033200,0.01105,0.0
GME,2017-03-30,20170330,5.47,5.62,5.47,5.614999771118164,5.61,22.44,8888000,0.021858,0.0
GME,2017-03-31,20170331,5.61,5.68,5.59,5.637499809265137,5.64,22.56,11736800,0.005348,0.0
GME,2017-04-03,20170403,5.63,5.66,5.48,5.5,5.5,22.0,10836400,-0.024823,0.0
GME,2017-04-04,20170404,5.49,5.55,5.43,5.494999885559082,5.49,21.96,8948000,-0.001818,0.0
GME,2017-04-05,20170405,5.55,5.57,5.43,5.440000057220459,5.44,21.76,8675600,-0.009107,0.0
GME,2017-04-06,20170406,5.49,5.54,5.43,5.460000038146973,5.46,21.84,13184800,0.003676,0.0
GME,2017-04-07,20170407,5.45,5.51,5.39,5.414999961853027,5.41,21.64,15018000,-0.009158,0.0
GME,2017-04-10,20170410,5.4,5.53,5.39,5.46999979019165,5.47,21.88,9381200,0.011091,0.0
GME,2017-04-11,20170411,5.45,5.54,5.42,5.527500152587891,5.53,22.12,10873600,0.010969,0.0
GME,2017-04-12,20170412,5.55,5.55,5.47,5.517499923706055,5.52,22.08,7532400,-0.001808,0.0
GME,2017-04-13,20170413,5.51,5.61,5.49,5.59499979019165,5.59,22.36,14654400,0.012681,0.0
GME,2017-04-17,20170417,5.61,5.74,5.6,5.722499847412109,5.72,22.88,14218000,0.023256,0.0
GME,2017-04-18,20170418,5.71,5.74,5.65,5.710000038146973,5.71,22.84,7945200,-0.001748,0.0
GME,2017-04-19,20170419,5.73,5.78,5.69,5.695000171661377,5.7,22.8,6722000,-0.001751,0.0
GME,2017-04-20,20170420,5.74,5.86,5.74,5.797500133514404,5.8,23.2,7626400,0.017544,0.0
GME,2017-04-21,20170421,5.81,5.82,5.74,5.797500133514404,5.8,23.2,7064800,0.0,0.0
GME,2017-04-24,20170424,5.85,5.87,5.74,5.804999828338623,5.8,23.2,10865600,0.0,0.0
GME,2017-04-25,20170425,5.83,5.87,5.78,5.849999904632568,5.85,23.4,5766800,0.008621,0.0
GME,2017-04-26,20170426,5.86,5.99,5.83,5.912499904632568,5.91,23.64,8846400,0.010256,0.0
GME,2017-04-27,20170427,5.92,5.93,5.76,5.775000095367432,5.78,23.12,11881200,-0.021997,0.0
GME,2017-04-28,20170428,5.77,5.77,5.62,5.672500133514404,5.67,22.68,12417200,-0.019031,0.0
GME,2017-05-01,20170501,5.69,5.81,5.64,5.695000171661377,5.7,22.8,10979200,0.005291,0.0
GME,2017-05-02,20170502,5.71,5.89,5.68,5.860000133514404,5.86,23.44,7152800,0.02807,0.0
GME,2017-05-03,20170503,5.86,6.0,5.84,5.992499828338623,5.99,23.96,12509200,0.022184,0.0
GME,2017-05-04,20170504,5.99,6.03,5.88,5.892499923706055,5.89,23.56,5856000,-0.016694,0.0
GME,2017-05-05,20170505,5.93,6.0,5.89,6.0,6.0,24.0,4682400,0.018676,0.0
GME,2017-05-08,20170508,6.0,6.12,5.96,6.09499979019165,6.09,24.36,8862800,0.015,0.0
GME,2017-05-09,20170509,6.08,6.18,6.02,6.122499942779541,6.12,24.48,7800000,0.004926,0.0
GME,2017-05-10,20170510,6.14,6.28,6.11,6.237500190734863,6.24,24.96,9637200,0.019608,0.0
GME,2017-05-11,20170511,6.28,6.33,6.06,6.087500095367432,6.09,24.36,12190800,-0.024038,0.0
GME,2017-05-12,20170512,6.07,6.09,5.95,6.007500171661377,6.01,24.04,7281200,-0.013136,0.0
GME,2017-05-15,20170515,6.03,6.17,6.03,6.090000152587891,6.09,24.36,8557600,0.013311,0.0
GME,2017-05-16,20170516,6.08,6.13,5.97,6.117499828338623,6.12,24.48,8138800,0.004926,0.0
GME,2017-05-17,20170517,6.12,6.12,5.94,5.960000038146973,5.96,23.84,8830800,-0.026144,0.0
GME,2017-05-18,20170518,5.99,6.01,5.88,5.945000171661377,5.95,23.8,6992800,-0.001678,0.0
GME,2017-05-19,20170519,5.95,6.08,5.89,6.054999828338623,6.05,24.2,10678400,0.016807,0.0
GME,2017-05-22,20170522,6.09,6.15,6.01,6.012499809265137,6.01,24.04,9823600,-0.006612,0.0
GME,2017-05-23,20170523,6.09,6.09,5.66,5.664999961853027,5.66,22.64,22539200,-0.058236,0.0
GME,2017-05-24,20170524,5.65,5.72,5.61,5.677499771118164,5.68,22.72,9792400,0.003534,0.0
GME,2017-05-25,20170525,5.9,5.92,5.68,5.90500020980835,5.91,23.64,30954000,0.040493,0.0
GME,2017-05-26,20170526,5.53,5.6,5.31,5.554999828338623,5.55,22.2,56848000,-0.060914,0.0
GME,2017-05-30,20170530,5.55,5.73,5.54,5.642499923706055,5.64,22.56,22719600,0.016216,0.0
GME,2017-05-31,20170531,5.66,5.68,5.47,5.534999847412109,5.53,22.12,21626000,-0.019504,0.0
GME,2017-06-01,20170601,5.54,5.74,5.53,5.695000171661377,5.7,22.8,14764000,0.030741,0.0
GME,2017-06-02,20170602,5.68,5.7,5.59,5.667500019073486,5.67,22.68,9402000,-0.005263,0.0
GME,2017-06-05,20170605,5.56,5.64,5.49,5.619999885559082,5.62,22.48,7822800,-0.008818,0.0
GME,2017-06-06,20170606,5.56,5.59,5.47,5.474999904632568,5.47,21.88,12421600,-0.02669,0.0
GME,2017-06-07,20170607,5.49,5.55,5.46,5.510000228881836,5.51,22.04,8619200,0.007313,0.0
GME,2017-06-08,20170608,5.54,5.61,5.33,5.34250020980835,5.34,21.36,14475200,-0.030853,0.0
GME,2017-06-09,20170609,5.33,5.52,5.32,5.502500057220459,5.5,22.0,11822800,0.029963,0.0
GME,2017-06-12,20170612,5.49,5.54,5.4,5.427499771118164,5.43,21.72,13127600,-0.012727,0.0
GME,2017-06-13,20170613,5.45,5.54,5.39,5.494999885559082,5.49,21.96,7673600,0.01105,0.0
GME,2017-06-14,20170614,5.49,5.49,5.31,5.40749979019165,5.41,21.64,9924400,-0.014572,0.0
GME,2017-06-15,20170615,5.38,5.41,5.28,5.304999828338623,5.3,21.2,9284400,-0.020333,0.0
GME,2017-06-16,20170616,5.28,5.29,5.12,5.147500038146973,5.15,20.6,14732000,-0.028302,0.0
GME,2017-06-19,20170619,5.16,5.24,5.09,5.199999809265137,5.2,20.8,8533600,0.009709,0.0
GME,2017-06-20,20170620,5.18,5.2,5.12,5.159999847412109,5.16,20.64,7184800,-0.007692,0.0
GME,2017-06-21,20170621,5.16,5.24,5.07,5.114999771118164,5.11,20.44,8776800,-0.00969,0.0
GME,2017-06-22,20170622,5.12,5.2,5.11,5.135000228881836,5.14,20.56,16845600,0.005871,0.0
GME,2017-06-23,20170623,5.12,5.16,5.07,5.162499904632568,5.16,20.64,6991200,0.003891,0.0
GME,2017-06-26,20170626,5.17,5.29,5.16,5.28249979019165,5.28,21.12,9228800,0.023256,0.0
GME,2017-06-27,20170627,5.27,5.38,5.26,5.34499979019165,5.34,21.36,6988800,0.011364,0.0
GME,2017-06-28,20170628,5.38,5.44,5.36,5.377500057220459,5.38,21.52,12645600,0.007491,0.0
GME,2017-06-29,20170629,5.39,5.45,5.32,5.402500152587891,5.4,21.6,6932800,0.003717,0.0
GME,2017-06-30,20170630,5.44,5.45,5.35,5.402500152587891,5.4,21.6,4604400,0.0,0.0
GME,2017-07-03,20170703,5.44,5.5,5.39,5.400000095367432,5.4,21.6,5637600,0.0,0.0
GME,2017-07-05,20170705,5.39,5.43,5.34,5.377500057220459,5.38,21.52,10736800,-0.003704,0.0
GME,2017-07-06,20170706,5.34,5.39,5.27,5.28000020980835,5.28,21.12,6033200,-0.018587,0.0
GME,2017-07-07,20170707,5.29,5.32,5.22,5.227499961853027,5.23,20.92,7423600,-0.00947,0.0
GME,2017-07-10,20170710,5.22,5.26,5.2,5.222499847412109,5.22,20.88,6586000,-0.001912,0.0
GME,2017-07-11,20170711,5.24,5.27,5.2,5.239999771118164,5.24,20.96,4670800,0.003831,0.0
GME,2017-07-12,20170712,5.29,5.32,5.24,5.247499942779541,5.25,21.0,4348000,0.001908,0.0
GME,2017-07-13,20170713,5.31,5.36,5.26,5.289999961853027,5.29,21.16,6997600,0.007619,0.0
GME,2017-07-14,20170714,5.31,5.33,5.24,5.255000114440918,5.26,21.04,4919600,-0.005671,0.0
GME,2017-07-17,20170717,5.26,5.39,5.24,5.320000171661377,5.32,21.28,6917200,0.011407,0.0
GME,2017-07-18,20170718,5.34,5.35,5.24,5.272500038146973,5.27,21.08,4412800,-0.009398,0.0
GME,2017-07-19,20170719,5.29,5.37,5.26,5.337500095367432,5.34,21.36,3891600,0.013283,0.0
GME,2017-07-20,20170720,5.32,5.34,5.28,5.275000095367432,5.28,21.12,7422800,-0.011236,0.0
GME,2017-07-21,20170721,5.28,5.3,5.18,5.195000171661377,5.2,20.8,14301600,-0.015152,0.0
GME,2017-07-24,20170724,5.18,5.25,5.16,5.199999809265137,5.2,20.8,6337200,0.0,0.0
GME,2017-07-25,20170725,5.25,5.34,5.24,5.315000057220459,5.32,21.28,8422000,0.023077,0.0
GME,2017-07-26,20170726,5.32,5.33,5.24,5.260000228881836,5.26,21.04,7079600,-0.011278,0.0
GME,2017-07-27,20170727,5.27,5.44,5.26,5.425000190734863,5.43,21.72,15353600,0.032319,0.0
GME,2017-07-28,20170728,5.41,5.43,5.35,5.375,5.38,21.52,4938800,-0.009208,0.0
GME,2017-07-31,20170731,5.39,5.44,5.35,5.422500133514404,5.42,21.68,5477600,0.007435,0.0
GME,2017-08-01,20170801,5.42,5.42,5.28,5.340000152587891,5.34,21.36,12236400,-0.01476,0.0
GME,2017-08-02,20170802,5.33,5.41,5.32,5.34499979019165,5.34,21.36,4464400,0.0,0.0
GME,2017-08-03,20170803,5.33,5.45,5.33,5.414999961853027,5.41,21.64,4191600,0.013109,0.0
GME,2017-08-04,20170804,5.45,5.53,5.42,5.482500076293945,5.48,21.92,4544400,0.012939,0.0
GME,2017-08-07,20170807,5.49,5.57,5.46,5.542500019073486,5.54,22.16,5110400,0.010949,0.0
GME,2017-08-08,20170808,5.55,5.59,5.47,5.485000133514404,5.49,21.96,5690000,-0.009025,0.0
GME,2017-08-09,20170809,5.44,5.53,5.41,5.519999980926514,5.52,22.08,6014000,0.005464,0.0
GME,2017-08-10,20170810,5.48,5.48,5.36,5.367499828338623,5.37,21.48,6085200,-0.027174,0.0
GME,2017-08-11,20170811,5.31,5.46,5.27,5.440000057220459,5.44,21.76,6477200,0.013035,0.0
GME,2017-08-14,20170814,5.49,5.5,5.43,5.462500095367432,5.46,21.84,6135600,0.003676,0.0
GME,2017-08-15,20170815,5.43,5.44,5.2,5.232500076293945,5.23,20.92,15553600,-0.042125,0.0
GME,2017-08-16,20170816,5.28,5.37,5.27,5.347499847412109,5.35,21.4,9757600,0.022945,0.0
GME,2017-08-17,20170817,5.34,5.41,5.25,5.275000095367432,5.28,21.12,7758400,-0.013084,0.0
GME,2017-08-18,20170818,5.26,5.33,5.24,5.304999828338623,5.3,21.2,8494000,0.003788,0.0
GME,2017-08-21,20170821,5.29,5.34,5.24,5.244999885559082,5.24,20.96,6532400,-0.011321,0.0
GME,2017-08-22,20170822,5.28,5.42,5.27,5.409999847412109,5.41,21.64,9895200,0.032443,0.0
GME,2017-08-23,20170823,5.4,5.45,5.3,5.369999885559082,5.37,21.48,9731600,-0.007394,0.0
GME,2017-08-24,20170824,5.44,5.53,5.41,5.445000171661377,5.45,21.8,16938400,0.014898,0.0
GME,2017-08-25,20170825,4.97,4.99,4.68,4.849999904632568,4.85,19.4,82002800,-0.110092,0.0
GME,2017-08-28,20170828,4.85,4.93,4.74,4.787499904632568,4.79,19.16,20913600,-0.012371,0.0
GME,2017-08-29,20170829,4.73,4.77,4.66,4.6875,4.69,18.76,18670800,-0.020877,0.0
GME,2017-08-30,20170830,4.69,4.74,4.67,4.697500228881836,4.7,18.8,8840400,0.002132,0.0
GME,2017-08-31,20170831,4.71,4.72,4.62,4.625,4.62,18.48,10518400,-0.017021,0.0
GME,2017-09-01,20170901,4.65,4.72,4.65,4.667500019073486,4.67,18.68,9377200,0.010823,0.0
GME,2017-09-05,20170905,4.67,4.74,4.64,4.735000133514404,4.74,18.96,10584000,0.014989,0.0
GME,2017-09-06,20170906,4.75,4.84,4.75,4.835000038146973,4.84,19.36,11683200,0.021097,0.0
GME,2017-09-07,20170907,4.76,4.84,4.7,4.712500095367432,4.71,18.84,11212000,-0.02686,0.0
GME,2017-09-08,20170908,4.71,4.8,4.68,4.787499904632568,4.79,19.16,8876800,0.016985,0.0
GME,2017-09-11,20170911,4.8,4.86,4.78,4.800000190734863,4.8,19.2,8818400,0.002088,0.0
GME,2017-09-12,20170912,4.82,4.99,4.8,4.882500171661377,4.88,19.52,13388000,0.016667,0.0
GME,2017-09-13,20170913,4.9,5.01,4.89,5.005000114440918,5.01,20.04,7023600,0.026639,0.0
GME,2017-09-14,20170914,5.01,5.07,4.97,5.019999980926514,5.02,20.08,7686800,0.001996,0.0
GME,2017-09-15,20170915,5.02,5.11,5.0,5.072500228881836,5.07,20.28,10021600,0.00996,0.0
GME,2017-09-18,20170918,5.1,5.16,5.03,5.042500019073486,5.04,20.16,8383600,-0.005917,0.0
GME,2017-09-19,20170919,5.04,5.07,4.98,5.047500133514404,5.05,20.2,5441200,0.001984,0.0
GME,2017-09-20,20170920,5.03,5.05,5.0,5.025000095367432,5.03,20.12,4860000,-0.00396,0.0
GME,2017-09-21,20170921,5.0,5.05,4.97,4.972499847412109,4.97,19.88,5662000,-0.011928,0.0
GME,2017-09-22,20170922,4.97,5.01,4.97,5.002500057220459,5.0,20.0,4003600,0.006036,0.0
GME,2017-09-25,20170925,5.01,5.12,5.0,5.110000133514404,5.11,20.44,4635200,0.022,0.0
GME,2017-09-26,20170926,5.14,5.19,5.09,5.162499904632568,5.16,20.64,8520400,0.009785,0.0
GME,2017-09-27,20170927,5.2,5.24,5.12,5.212500095367432,5.21,20.84,8193600,0.00969,0.0
GME,2017-09-28,20170928,5.2,5.23,5.15,5.197500228881836,5.2,20.8,6883600,-0.001919,0.0
GME,2017-09-29,20170929,5.2,5.21,5.13,5.164999961853027,5.16,20.64,6262800,-0.007692,0.0
GME,2017-10-02,20171002,5.16,5.17,5.09,5.117499828338623,5.12,20.48,6238800,-0.007752,0.0
GME,2017-10-03,20171003,5.12,5.13,5.02,5.052499771118164,5.05,20.2,5561200,-0.013672,0.0
GME,2017-10-04,20171004,5.02,5.07,5.01,5.0625,5.06,20.24,4735200,0.00198,0.0
GME,2017-10-05,20171005,5.07,5.13,5.05,5.130000114440918,5.13,20.52,4584000,0.013834,0.0
GME,2017-10-06,20171006,5.1,5.12,5.01,5.005000114440918,5.01,20.04,6607200,-0.023392,0.0
GME,2017-10-09,20171009,5.02,5.06,5.0,5.037499904632568,5.04,20.16,7199600,0.005988,0.0
GME,2017-10-10,20171010,5.05,5.07,4.99,5.057499885559082,5.06,20.24,7053200,0.003968,0.0
GME,2017-10-11,20171011,5.05,5.05,4.86,4.897500038146973,4.9,19.6,9236000,-0.031621,0.0
GME,2017-10-12,20171012,4.9,4.92,4.83,4.875,4.88,19.52,7103200,-0.004082,0.0
GME,2017-10-13,20171013,4.91,4.94,4.88,4.927499771118164,4.93,19.72,4371600,0.010246,0.0
GME,2017-10-16,20171016,4.92,4.93,4.8,4.852499961853027,4.85,19.4,6058800,-0.016227,0.0
GME,2017-10-17,20171017,4.86,4.93,4.84,4.914999961853027,4.91,19.64,5004400,0.012371,0.0
GME,2017-10-18,20171018,4.93,5.02,4.91,5.012499809265137,5.01,20.04,7648800,0.020367,0.0
GME,2017-10-19,20171019,5.0,5.04,4.98,5.012499809265137,5.01,20.04,5086400,0.0,0.0
GME,2017-10-20,20171020,5.03,5.08,5.01,5.03249979019165,5.03,20.12,6760800,0.003992,0.0
GME,2017-10-23,20171023,5.03,5.14,5.03,5.070000171661377,5.07,20.28,6814400,0.007952,0.0
GME,2017-10-24,20171024,5.11,5.12,4.99,4.989999771118164,4.99,19.96,6804800,-0.015779,0.0
GME,2017-10-25,20171025,4.99,5.0,4.84,4.902500152587891,4.9,19.6,10313600,-0.018036,0.0
GME,2017-10-26,20171026,4.89,4.93,4.82,4.877500057220459,4.88,19.52,8568400,-0.004082,0.0
GME,2017-10-27,20171027,4.85,4.86,4.73,4.835000038146973,4.84,19.36,8920800,-0.008197,0.0
GME,2017-10-30,20171030,4.86,4.87,4.65,4.692500114440918,4.69,18.76,9008000,-0.030992,0.0
GME,2017-10-31,20171031,4.72,4.76,4.65,4.672500133514404,4.67,18.68,8775600,-0.004264,0.0
GME,2017-11-01,20171101,4.67,4.74,4.63,4.650000095367432,4.65,18.6,9954800,-0.004283,0.0
GME,2017-11-02,20171102,4.65,4.65,4.55,4.627500057220459,4.63,18.52,11618400,-0.004301,0.0
GME,2017-11-03,20171103,4.62,4.64,4.53,4.525000095367432,4.53,18.12,8081600,-0.021598,0.0
GME,2017-11-06,20171106,4.52,4.55,4.43,4.457499980926514,4.46,17.84,12196000,-0.015453,0.0
GME,2017-11-07,20171107,4.47,4.5,4.27,4.277500152587891,4.28,17.12,11377600,-0.040359,0.0
GME,2017-11-08,20171108,4.29,4.32,4.24,4.300000190734863,4.3,17.2,8921600,0.004673,0.0
GME,2017-11-09,20171109,4.28,4.5,4.28,4.389999866485596,4.39,17.56,11451600,0.02093,0.0
GME,2017-11-10,20171110,4.36,4.36,4.05,4.107500076293945,4.11,16.44,23149600,-0.063781,0.0
GME,2017-11-13,20171113,4.11,4.21,3.98,4.050000190734863,4.05,16.2,17498800,-0.014599,0.0
GME,2017-11-14,20171114,4.03,4.09,3.96,4.047500133514404,4.05,16.2,14071200,0.0,0.0
GME,2017-11-15,20171115,4.02,4.12,3.96,4.0,4.0,16.0,15286000,-0.012346,0.0
GME,2017-11-16,20171116,4.0,4.2,4.0,4.045000076293945,4.05,16.2,19420400,0.0125,0.0
GME,2017-11-17,20171117,4.08,4.14,4.04,4.077499866485596,4.08,16.32,12778000,0.007407,0.0
GME,2017-11-20,20171120,4.1,4.11,4.01,4.110000133514404,4.11,16.44,15186800,0.007353,0.0
GME,2017-11-21,20171121,4.12,4.2,4.07,4.182499885559082,4.18,16.72,37409600,0.017032,0.0
GME,2017-11-22,20171122,4.46,4.68,4.32,4.34250020980835,4.34,17.36,80569600,0.038278,0.0
GME,2017-11-24,20171124,4.36,4.55,4.34,4.355000019073486,4.36,17.44,25896800,0.004608,0.0
GME,2017-11-27,20171127,4.4,4.55,4.4,4.542500019073486,4.54,18.16,23387200,0.041284,0.0
GME,2017-11-28,20171128,4.54,4.76,4.54,4.755000114440918,4.76,19.04,23533600,0.048458,0.0
GME,2017-11-29,20171129,4.77,4.92,4.76,4.880000114440918,4.88,19.52,25909200,0.02521,0.0
GME,2017-11-30,20171130,4.8,4.84,4.68,4.6875,4.69,18.76,20098800,-0.038934,0.0
GME,2017-12-01,20171201,4.68,4.79,4.62,4.692500114440918,4.69,18.76,15327600,0.0,0.0
GME,2017-12-04,20171204,4.76,4.97,4.75,4.849999904632568,4.85,19.4,17445200,0.034115,0.0
GME,2017-12-05,20171205,4.88,4.91,4.74,4.817500114440918,4.82,19.28,12323600,-0.006186,0.0
GME,2017-12-06,20171206,4.82,4.84,4.73,4.752500057220459,4.75,19.0,9721200,-0.014523,0.0
GME,2017-12-07,20171207,4.75,4.79,4.65,4.65749979019165,4.66,18.64,13109200,-0.018947,0.0
GME,2017-12-08,20171208,4.72,4.84,4.67,4.800000190734863,4.8,19.2,12568400,0.030043,0.0
GME,2017-12-11,20171211,4.82,4.84,4.67,4.767499923706055,4.77,19.08,14610000,-0.00625,0.0
GME,2017-12-12,20171212,4.79,4.82,4.74,4.777500152587891,4.78,19.12,10131600,0.002096,0.0
GME,2017-12-13,20171213,4.78,4.79,4.65,4.667500019073486,4.67,18.68,12346400,-0.023013,0.0
GME,2017-12-14,20171214,4.7,4.73,4.59,4.59499979019165,4.59,18.36,11272400,-0.017131,0.0
GME,2017-12-15,20171215,4.61,4.64,4.54,4.585000038146973,4.59,18.36,15500800,0.0,0.0
GME,2017-12-18,20171218,4.61,4.69,4.6,4.664999961853027,4.66,18.64,12825600,0.015251,0.0
GME,2017-12-19,20171219,4.68,4.7,4.59,4.597499847412109,4.6,18.4,9014800,-0.012876,0.0
GME,2017-12-20,20171220,4.63,4.66,4.55,4.5625,4.56,18.24,9218000,-0.008696,0.0
GME,2017-12-21,20171221,4.57,4.62,4.5,4.612500190734863,4.61,18.44,11448400,0.010965,0.0
GME,2017-12-22,20171222,4.61,4.63,4.56,4.572500228881836,4.57,18.28,8341600,-0.008677,0.0
GME,2017-12-26,20171226,4.57,4.8,4.57,4.627500057220459,4.63,18.52,12936800,0.013129,0.0
GME,2017-12-27,20171227,4.63,4.64,4.55,4.5625,4.56,18.24,7350400,-0.015119,0.0
GME,2017-12-28,20171228,4.57,4.57,4.51,4.542500019073486,4.54,18.16,7757600,-0.004386,0.0
GME,2017-12-29,20171229,4.56,4.58,4.49,4.487500190734863,4.49,17.96,8255600,-0.011013,0.0
GME,2018-01-02,20180102,4.49,4.57,4.45,4.565000057220459,4.57,18.28,11330800,0.017817,0.0
GME,2018-01-03,20180103,4.57,4.59,4.48,4.550000190734863,4.55,18.2,15156800,-0.004376,0.0
GME,2018-01-04,20180104,4.55,4.59,4.49,4.579999923706055,4.58,18.32,11125200,0.006593,0.0
GME,2018-01-05,20180105,4.59,4.68,4.55,4.670000076293945,4.67,18.68,12076000,0.019651,0.0
GME,2018-01-08,20180108,4.7,4.85,4.7,4.807499885559082,4.81,19.24,14673600,0.029979,0.0
GME,2018-01-09,20180109,4.83,4.94,4.83,4.887499809265137,4.89,19.56,14650400,0.016632,0.0
GME,2018-01-10,20180110,4.85,4.98,4.83,4.920000076293945,4.92,19.68,16051200,0.006135,0.0
GME,2018-01-11,20180111,4.98,5.08,4.94,4.989999771118164,4.99,19.96,16852400,0.014228,0.0
GME,2018-01-12,20180112,4.62,4.64,4.41,4.440000057220459,4.44,17.76,61783200,-0.11022,0.0
GME,2018-01-16,20180116,4.5,4.57,4.26,4.289999961853027,4.29,17.16,31410000,-0.033784,0.0
GME,2018-01-17,20180117,4.31,4.43,4.29,4.375,4.38,17.52,17038800,0.020979,0.0
GME,2018-01-18,20180118,4.37,4.48,4.3,4.465000152587891,4.47,17.88,17062800,0.020548,0.0
GME,2018-01-19,20180119,4.47,4.55,4.44,4.53249979019165,4.53,18.12,12776000,0.013423,0.0
GME,2018-01-22,20180122,4.55,4.57,4.37,4.387499809265137,4.39,17.56,20939200,-0.030905,0.0
GME,2018-01-23,20180123,4.38,4.39,4.29,4.349999904632568,4.35,17.4,14514000,-0.009112,0.0
GME,2018-01-24,20180124,4.35,4.36,4.18,4.244999885559082,4.24,16.96,16295600,-0.025287,0.0
GME,2018-01-25,20180125,4.24,4.26,4.15,4.210000038146973,4.21,16.84,10807200,-0.007075,0.0
GME,2018-01-26,20180126,4.22,4.27,4.15,4.264999866485596,4.26,17.04,13395200,0.011876,0.0
GME,2018-01-29,20180129,4.26,4.3,4.2,4.287499904632568,4.29,17.16,12618800,0.007042,0.0
GME,2018-01-30,20180130,4.27,4.3,4.22,4.267499923706055,4.27,17.08,7544000,-0.004662,0.0
GME,2018-01-31,20180131,4.28,4.32,4.18,4.202499866485596,4.2,16.8,10996800,-0.016393,0.0
GME,2018-02-01,20180201,4.18,4.25,4.14,4.164999961853027,4.16,16.64,11748400,-0.009524,0.0
GME,2018-02-02,20180202,4.14,4.16,4.05,4.057499885559082,4.06,16.24,13014000,-0.024038,0.0
GME,2018-02-05,20180205,4.03,4.05,3.91,3.9124999046325684,3.91,15.64,16524400,-0.036946,0.0
GME,2018-02-06,20180206,3.84,4.09,3.78,4.034999847412109,4.03,16.12,19848800,0.030691,0.0
GME,2018-02-07,20180207,4.04,4.17,4.04,4.117499828338623,4.12,16.48,17654000,0.022333,0.0
GME,2018-02-08,20180208,4.11,4.14,3.94,3.9574999809265137,3.96,15.84,17146800,-0.038835,0.0
GME,2018-02-09,20180209,3.99,4.08,3.92,4.042500019073486,4.04,16.16,22563600,0.020202,0.0
GME,2018-02-12,20180212,4.07,4.08,3.9,3.950000047683716,3.95,15.8,9727200,-0.022277,0.0
GME,2018-02-13,20180213,3.94,3.96,3.87,3.8949999809265137,3.89,15.56,9855600,-0.01519,0.0
GME,2018-02-14,20180214,3.89,4.1,3.88,4.054999828338623,4.05,16.2,12863600,0.041131,0.0
GME,2018-02-15,20180215,4.07,4.12,4.06,4.102499961853027,4.1,16.4,9052400,0.012346,0.0
GME,2018-02-16,20180216,4.13,4.24,4.06,4.099999904632568,4.1,16.4,10824400,0.0,0.0
GME,2018-02-20,20180220,4.07,4.08,3.94,3.9649999141693115,3.96,15.84,9959200,-0.034146,0.0
GME,2018-02-21,20180221,3.97,4.05,3.91,3.922499895095825,3.92,15.68,12124800,-0.010101,0.0
GME,2018-02-22,20180222,3.95,3.98,3.89,3.9049999713897705,3.9,15.6,9808800,-0.005102,0.0
GME,2018-02-23,20180223,3.95,4.0,3.92,3.992500066757202,3.99,15.96,10321200,0.023077,0.0
GME,2018-02-26,20180226,4.0,4.03,3.96,4.019999980926514,4.02,16.08,11084800,0.007519,0.0
GME,2018-02-27,20180227,4.03,4.15,3.89,3.8924999237060547,3.89,15.56,17896000,-0.032338,0.0
GME,2018-02-28,20180228,3.91,3.99,3.89,3.922499895095825,3.92,15.68,18948000,0.007712,0.0
GME,2018-03-01,20180301,3.95,4.06,3.94,3.992500066757202,3.99,15.96,12530000,0.017857,0.0
GME,2018-03-02,20180302,3.89,4.0,3.85,3.9825000762939453,3.98,15.92,14215600,-0.002506,0.0
GME,2018-03-05,20180305,3.97,4.03,3.92,4.012499809265137,4.01,16.04,16944400,0.007538,0.0
GME,2018-03-06,20180306,4.01,4.04,3.95,4.014999866485596,4.01,16.04,10670400,0.0,0.0
GME,2018-03-07,20180307,3.96,4.04,3.96,3.984999895095825,3.98,15.92,11957600,-0.007481,0.0
GME,2018-03-08,20180308,3.99,4.01,3.87,3.9100000858306885,3.91,15.64,11897600,-0.017588,0.0
GME,2018-03-09,20180309,3.92,3.97,3.88,3.9625000953674316,3.96,15.84,15879600,0.012788,0.0
GME,2018-03-12,20180312,3.96,4.0,3.88,3.887500047683716,3.89,15.56,15514400,-0.017677,0.0
GME,2018-03-13,20180313,3.91,4.0,3.89,3.9024999141693115,3.9,15.6,11566000,0.002571,0.0
GME,2018-03-14,20180314,3.93,3.95,3.86,3.865000009536743,3.87,15.48,10072400,-0.007692,0.0
GME,2018-03-15,20180315,3.88,3.9,3.82,3.827500104904175,3.83,15.32,7468000,-0.010336,0.0
GME,2018-03-16,20180316,3.84,3.91,3.83,3.8550000190734863,3.86,15.44,20336000,0.007833,0.0
GME,2018-03-19,20180319,3.81,3.85,3.69,3.702500104904175,3.7,14.8,15904400,-0.041451,0.0
GME,2018-03-20,20180320,3.7,3.74,3.59,3.617500066757202,3.62,14.48,17136000,-0.021622,0.0
GME,2018-03-21,20180321,3.58,3.61,3.5,3.505000114440918,3.51,14.04,17644800,-0.030387,0.0
GME,2018-03-22,20180322,3.48,3.52,3.4,3.4574999809265137,3.46,13.84,17769200,-0.014245,0.0
GME,2018-03-23,20180323,3.48,3.48,3.37,3.375,3.38,13.52,15245600,-0.023121,0.0
GME,2018-03-26,20180326,3.42,3.52,3.4,3.509999990463257,3.51,14.04,20062800,0.038462,0.0
GME,2018-03-27,20180327,3.52,3.55,3.44,3.4700000286102295,3.47,13.88,17923600,-0.011396,0.0
GME,2018-03-28,20180328,3.5,3.58,3.45,3.5374999046325684,3.54,14.16,30536000,0.020173,0.0
GME,2018-03-29,20180329,3.16,3.25,3.05,3.1549999713897705,3.15,12.6,101847200,-0.110169,0.0
GME,2018-04-02,20180402,3.13,3.32,3.12,3.2049999237060547,3.2,12.8,44520000,0.015873,0.0
GME,2018-04-03,20180403,3.16,3.28,3.15,3.252500057220459,3.25,13.0,22988800,0.015625,0.0
GME,2018-04-04,20180404,3.2,3.37,3.18,3.3350000381469727,3.34,13.36,25535200,0.027692,0.0
GME,2018-04-05,20180405,3.34,3.41,3.32,3.390000104904175,3.39,13.56,20562400,0.01497,0.0
GME,2018-04-06,20180406,3.36,3.41,3.31,3.3575000762939453,3.36,13.44,16953200,-0.00885,0.0
GME,2018-04-09,20180409,3.38,3.44,3.36,3.369999885559082,3.37,13.48,22814400,0.002976,0.0
GME,2018-04-10,20180410,3.42,3.46,3.38,3.4200000762939453,3.42,13.68,23154400,0.014837,0.0
GME,2018-04-11,20180411,3.4,3.49,3.4,3.4600000381469727,3.46,13.84,17136000,0.011696,0.0
GME,2018-04-12,20180412,3.46,3.47,3.37,3.4075000286102295,3.41,13.64,12457600,-0.014451,0.0
GME,2018-04-13,20180413,3.43,3.48,3.39,3.4024999141693115,3.4,13.6,12754800,-0.002933,0.0
GME,2018-04-16,20180416,3.43,3.47,3.4,3.452500104904175,3.45,13.8,12910800,0.014706,0.0
GME,2018-04-17,20180417,3.47,3.55,3.46,3.484999895095825,3.48,13.92,17155600,0.008696,0.0
GME,2018-04-18,20180418,3.5,3.51,3.4,3.4149999618530273,3.41,13.64,14293200,-0.020115,0.0
GME,2018-04-19,20180419,3.41,3.44,3.36,3.380000114440918,3.38,13.52,10029600,-0.008798,0.0
GME,2018-04-20,20180420,3.37,3.38,3.2,3.2200000286102295,3.22,12.88,24803200,-0.047337,0.0
GME,2018-04-23,20180423,3.22,3.34,3.22,3.299999952316284,3.3,13.2,14771600,0.024845,0.0
GME,2018-04-24,20180424,3.32,3.41,3.28,3.3524999618530273,3.35,13.4,14454400,0.015152,0.0
GME,2018-04-25,20180425,3.34,3.41,3.32,3.365000009536743,3.37,13.48,14588400,0.00597,0.0
GME,2018-04-26,20180426,3.4,3.47,3.36,3.4175000190734863,3.42,13.68,12848000,0.014837,0.0
GME,2018-04-27,20180427,3.42,3.48,3.4,3.4649999141693115,3.46,13.84,10002400,0.011696,0.0
GME,2018-04-30,20180430,3.49,3.5,3.39,3.4124999046325684,3.41,13.64,12607600,-0.014451,0.0
GME,2018-05-01,20180501,3.39,3.47,3.37,3.4625000953674316,3.46,13.84,9638800,0.014663,0.0
GME,2018-05-02,20180502,3.46,3.47,3.34,3.362499952316284,3.36,13.44,12727200,-0.028902,0.0
GME,2018-05-03,20180503,3.36,3.37,3.2,3.2074999809265137,3.21,12.84,20365600,-0.044643,0.0
GME,2018-05-04,20180504,3.21,3.27,3.18,3.25,3.25,13.0,19612400,0.012461,0.0
GME,2018-05-07,20180507,3.26,3.26,3.19,3.2225000858306885,3.22,12.88,12474000,-0.009231,0.0
GME,2018-05-08,20180508,3.21,3.23,3.14,3.197499990463257,3.2,12.8,15356000,-0.006211,0.0
GME,2018-05-09,20180509,3.2,3.24,3.15,3.2325000762939453,3.23,12.92,15011600,0.009375,0.0
GME,2018-05-10,20180510,3.24,3.3,3.22,3.257499933242798,3.26,13.04,12474000,0.009288,0.0
GME,2018-05-11,20180511,3.15,3.21,3.12,3.177500009536743,3.18,12.72,22029600,-0.02454,0.0
GME,2018-05-14,20180514,3.17,3.37,3.15,3.315000057220459,3.32,13.28,23629600,0.044025,0.0
GME,2018-05-15,20180515,3.31,3.4,3.31,3.377500057220459,3.38,13.52,15160800,0.018072,0.0
GME,2018-05-16,20180516,3.44,3.47,3.33,3.387500047683716,3.39,13.56,26954000,0.002959,0.0
GME,2018-05-17,20180517,3.38,3.44,3.37,3.4049999713897705,3.4,13.6,11648000,0.00295,0.0
GME,2018-05-18,20180518,3.38,3.38,3.07,3.115000009536743,3.12,12.48,40947600,-0.082353,0.0
GME,2018-05-21,20180521,3.13,3.22,3.12,3.194999933242798,3.19,12.76,20262800,0.022436,0.0
GME,2018-05-22,20180522,3.19,3.23,3.13,3.1675000190734863,3.17,12.68,18169600,-0.00627,0.0
GME,2018-05-23,20180523,3.13,3.19,3.11,3.180000066757202,3.18,12.72,12640400,0.003155,0.0
GME,2018-05-24,20180524,3.14,3.19,3.11,3.184999942779541,3.18,12.72,12308000,0.0,0.0
GME,2018-05-25,20180525,3.19,3.2,3.14,3.1675000190734863,3.17,12.68,9776000,-0.003145,0.0
GME,2018-05-29,20180529,3.14,3.28,3.14,3.262500047683716,3.26,13.04,16962800,0.028391,0.0
GME,2018-05-30,20180530,3.28,3.4,3.22,3.3550000190734863,3.36,13.44,19965200,0.030675,0.0
GME,2018-05-31,20180531,3.37,3.4,3.24,3.299999952316284,3.3,13.2,25956800,-0.017857,0.0
GME,2018-06-01,20180601,3.2,3.43,3.2,3.430000066757202,3.43,13.72,103296000,0.039394,0.0
GME,2018-06-04,20180604,3.45,3.56,3.36,3.559999942779541,3.56,14.24,29186400,0.037901,0.0
GME,2018-06-05,20180605,3.56,3.66,3.5,3.6500000953674316,3.65,14.6,22786000,0.025281,0.0
GME,2018-06-06,20180606,3.67,3.67,3.56,3.6050000190734863,3.61,14.44,20594400,-0.010959,0.0
GME,2018-06-07,20180607,3.62,3.66,3.59,3.622499942779541,3.62,14.48,12854000,0.00277,0.0
GME,2018-06-08,20180608,3.63,3.65,3.6,3.632499933242798,3.63,14.52,20124000,0.002762,0.0
GME,2018-06-11,20180611,3.54,3.58,3.52,3.572499990463257,3.57,14.28,18871200,-0.016529,0.0
GME,2018-06-12,20180612,3.58,3.59,3.51,3.512500047683716,3.51,14.04,13536400,-0.016807,0.0
GME,2018-06-13,20180613,3.49,3.49,3.26,3.3324999809265137,3.33,13.32,35296400,-0.051282,0.0
GME,2018-06-14,20180614,3.33,3.33,3.17,3.2125000953674316,3.21,12.84,30128800,-0.036036,0.0
GME,2018-06-15,20180615,3.19,3.59,3.19,3.490000009536743,3.49,13.96,52570800,0.087227,0.0
GME,2018-06-18,20180618,3.49,3.94,3.34,3.799999952316284,3.8,15.2,95155600,0.088825,0.0
GME,2018-06-19,20180619,3.84,3.94,3.78,3.9375,3.94,15.76,40562400,0.036842,0.0
GME,2018-06-20,20180620,3.94,3.95,3.83,3.927500009536743,3.93,15.72,20656800,-0.002538,0.0
GME,2018-06-21,20180621,3.95,3.99,3.87,3.882499933242798,3.88,15.52,14252400,-0.012723,0.0
GME,2018-06-22,20180622,3.89,3.92,3.78,3.880000114440918,3.88,15.52,38308800,0.0,0.0
GME,2018-06-25,20180625,3.85,3.93,3.73,3.7774999141693115,3.78,15.12,10738800,-0.025773,0.0
GME,2018-06-26,20180626,3.8,3.8,3.67,3.742500066757202,3.74,14.96,10790000,-0.010582,0.0
GME,2018-06-27,20180627,3.75,3.79,3.64,3.6500000953674316,3.65,14.6,9022800,-0.024064,0.0
GME,2018-06-28,20180628,3.65,3.72,3.62,3.7200000286102295,3.72,14.88,7620800,0.019178,0.0
GME,2018-06-29,20180629,3.75,3.77,3.63,3.6424999237060547,3.64,14.56,13604400,-0.021505,0.0
GME,2018-07-02,20180702,3.65,3.67,3.51,3.5399999618530273,3.54,14.16,14893200,-0.027473,0.0
GME,2018-07-03,20180703,3.54,3.58,3.5,3.512500047683716,3.51,14.04,5157200,-0.008475,0.0
GME,2018-07-05,20180705,3.52,3.67,3.51,3.6575000286102295,3.66,14.64,18887200,0.042735,0.0
GME,2018-07-06,20180706,3.67,3.81,3.66,3.7874999046325684,3.79,15.16,16204400,0.035519,0.0
GME,2018-07-09,20180709,3.89,3.91,3.79,3.867500066757202,3.87,15.48,15678000,0.021108,0.0
GME,2018-07-10,20180710,3.88,3.88,3.7,3.7149999141693115,3.71,14.84,11666800,-0.041344,0.0
GME,2018-07-11,20180711,3.69,3.71,3.62,3.674999952316284,3.67,14.68,9150800,-0.010782,0.0
GME,2018-07-12,20180712,3.69,3.78,3.68,3.7725000381469727,3.77,15.08,7703600,0.027248,0.0
GME,2018-07-13,20180713,3.75,3.87,3.75,3.819999933242798,3.82,15.28,9328800,0.013263,0.0
GME,2018-07-16,20180716,3.82,3.85,3.77,3.805000066757202,3.81,15.24,7226000,-0.002618,0.0
GME,2018-07-17,20180717,3.79,3.86,3.63,3.6449999809265137,3.64,14.56,12180400,-0.044619,0.0
GME,2018-07-18,20180718,3.65,3.66,3.58,3.6449999809265137,3.64,14.56,8198800,0.0,0.0
GME,2018-07-19,20180719,3.64,3.76,3.62,3.7300000190734863,3.73,14.92,6913600,0.024725,0.0
GME,2018-07-20,20180720,3.73,3.8,3.72,3.7699999809265137,3.77,15.08,8591600,0.010724,0.0
GME,2018-07-23,20180723,3.76,3.77,3.69,3.7225000858306885,3.72,14.88,7335200,-0.013263,0.0
GME,2018-07-24,20180724,3.74,3.74,3.66,3.694999933242798,3.69,14.76,6170400,-0.008065,0.0
GME,2018-07-25,20180725,3.67,3.67,3.56,3.627500057220459,3.63,14.52,13380000,-0.01626,0.0
GME,2018-07-26,20180726,3.63,3.76,3.62,3.702500104904175,3.7,14.8,6756800,0.019284,0.0
GME,2018-07-27,20180727,3.73,3.74,3.64,3.7074999809265137,3.71,14.84,5658000,0.002703,0.0
GME,2018-07-30,20180730,3.72,3.74,3.65,3.674999952316284,3.67,14.68,6311200,-0.010782,0.0
GME,2018-07-31,20180731,3.68,3.68,3.6,3.6024999618530273,3.6,14.4,11030000,-0.019074,0.0
GME,2018-08-01,20180801,3.61,3.72,3.6,3.682499885559082,3.68,14.72,8318800,0.022222,0.0
GME,2018-08-02,20180802,3.65,3.69,3.6,3.6549999713897705,3.65,14.6,10116400,-0.008152,0.0
GME,2018-08-03,20180803,3.67,3.72,3.65,3.7125000953674316,3.71,14.84,10228800,0.016438,0.0
GME,2018-08-06,20180806,3.72,3.74,3.68,3.7149999141693115,3.71,14.84,8300000,0.0,0.0
GME,2018-08-07,20180807,3.73,3.81,3.7,3.7799999713897705,3.78,15.12,7813600,0.018868,0.0
GME,2018-08-08,20180808,3.78,3.83,3.75,3.8125,3.81,15.24,8715600,0.007937,0.0
GME,2018-08-09,20180809,3.81,3.87,3.74,3.802500009536743,3.8,15.2,9370800,-0.002625,0.0
GME,2018-08-10,20180810,3.8,3.9,3.78,3.8299999237060547,3.83,15.32,9665600,0.007895,0.0
GME,2018-08-13,20180813,3.84,3.85,3.78,3.802500009536743,3.8,15.2,8403600,-0.007833,0.0
GME,2018-08-14,20180814,3.82,3.89,3.8,3.875,3.88,15.52,7813600,0.021053,0.0
GME,2018-08-15,20180815,3.87,3.88,3.8,3.8550000190734863,3.86,15.44,8390400,-0.005155,0.0
GME,2018-08-16,20180816,3.88,3.89,3.81,3.805000066757202,3.81,15.24,6878800,-0.012953,0.0
GME,2018-08-17,20180817,3.79,3.84,3.75,3.8324999809265137,3.83,15.32,6533200,0.005249,0.0
GME,2018-08-20,20180820,3.85,3.99,3.84,3.9625000953674316,3.96,15.84,14427600,0.033943,0.0
GME,2018-08-21,20180821,4.0,4.14,3.96,4.122499942779541,4.12,16.48,20772800,0.040404,0.0
GME,2018-08-22,20180822,4.14,4.32,4.13,4.244999885559082,4.24,16.96,26422400,0.029126,0.0
GME,2018-08-23,20180823,4.24,4.3,4.16,4.190000057220459,4.19,16.76,14334000,-0.011792,0.0
GME,2018-08-24,20180824,4.19,4.21,4.05,4.137499809265137,4.14,16.56,18102400,-0.011933,0.0
GME,2018-08-27,20180827,4.12,4.12,3.64,3.677500009536743,3.68,14.72,58779600,-0.111111,0.0
GME,2018-08-28,20180828,3.68,3.69,3.5,3.507499933242798,3.51,14.04,27288000,-0.046196,0.0
GME,2018-08-29,20180829,3.54,3.58,3.44,3.5299999713897705,3.53,14.12,16398400,0.005698,0.0
GME,2018-08-30,20180830,3.5,3.5,3.38,3.3949999809265137,3.39,13.56,15733600,-0.03966,0.0
GME,2018-08-31,20180831,3.4,3.41,3.3,3.317500114440918,3.32,13.28,14896000,-0.020649,0.0
GME,2018-09-04,20180904,3.29,3.53,3.27,3.512500047683716,3.51,14.04,23744000,0.057229,0.0
GME,2018-09-05,20180905,3.49,4.13,3.49,4.065000057220459,4.07,16.28,69886400,0.159544,0.0
GME,2018-09-06,20180906,4.04,4.06,3.77,4.034999847412109,4.03,16.12,27108800,-0.009828,0.0
GME,2018-09-07,20180907,3.81,4.09,3.69,4.03249979019165,4.03,16.12,27182400,0.0,0.0
GME,2018-09-10,20180910,4.04,4.09,3.97,4.0,4.0,16.0,10910800,-0.007444,0.0
GME,2018-09-11,20180911,4.0,4.15,4.0,4.039999961853027,4.04,16.16,11164000,0.01,0.0
GME,2018-09-12,20180912,4.04,4.19,4.04,4.164999961853027,4.16,16.64,13583200,0.029703,0.0
GME,2018-09-13,20180913,4.18,4.26,4.15,4.260000228881836,4.26,17.04,14758000,0.024038,0.0
GME,2018-09-14,20180914,4.24,4.25,4.12,4.197500228881836,4.2,16.8,12021600,-0.014085,0.0
GME,2018-09-17,20180917,4.18,4.22,4.12,4.152500152587891,4.15,16.6,8928000,-0.011905,0.0
GME,2018-09-18,20180918,4.11,4.17,4.09,4.125,4.12,16.48,7147200,-0.007229,0.0
GME,2018-09-19,20180919,4.12,4.2,4.11,4.150000095367432,4.15,16.6,7192800,0.007282,0.0
GME,2018-09-20,20180920,4.15,4.2,4.11,4.122499942779541,4.12,16.48,6416400,-0.007229,0.0
GME,2018-09-21,20180921,4.11,4.19,4.11,4.130000114440918,4.13,16.52,12163600,0.002427,0.0
GME,2018-09-24,20180924,4.11,4.11,3.87,3.880000114440918,3.88,15.52,14310800,-0.060533,0.0
GME,2018-09-25,20180925,3.91,4.02,3.83,4.005000114440918,4.01,16.04,8250000,0.033505,0.0
GME,2018-09-26,20180926,4.03,4.03,3.88,3.8975000381469727,3.9,15.6,7605200,-0.027431,0.0
GME,2018-09-27,20180927,3.92,3.94,3.86,3.887500047683716,3.89,15.56,8096800,-0.002564,0.0
GME,2018-09-28,20180928,3.88,3.96,3.8,3.817500114440918,3.82,15.28,10103200,-0.017995,0.0
GME,2018-10-01,20181001,3.82,3.88,3.74,3.819999933242798,3.82,15.28,16239200,0.0,0.0
GME,2018-10-02,20181002,3.79,3.83,3.71,3.7174999713897705,3.72,14.88,11512800,-0.026178,0.0
GME,2018-10-03,20181003,3.75,3.79,3.69,3.7300000190734863,3.73,14.92,8054400,0.002688,0.0
GME,2018-10-04,20181004,3.74,3.78,3.68,3.7049999237060547,3.7,14.8,6086400,-0.008043,0.0
GME,2018-10-05,20181005,3.71,3.73,3.64,3.6700000762939453,3.67,14.68,9294800,-0.008108,0.0
GME,2018-10-08,20181008,3.68,3.8,3.66,3.744999885559082,3.74,14.96,9040400,0.019074,0.0
GME,2018-10-09,20181009,3.73,3.86,3.67,3.690000057220459,3.69,14.76,9622800,-0.013369,0.0
GME,2018-10-10,20181010,3.7,3.79,3.7,3.7074999809265137,3.71,14.84,7850400,0.00542,0.0
GME,2018-10-11,20181011,3.7,3.78,3.66,3.6649999618530273,3.66,14.64,8384000,-0.013477,0.0
GME,2018-10-12,20181012,3.72,3.79,3.67,3.700000047683716,3.7,14.8,7710400,0.010929,0.0
GME,2018-10-15,20181015,3.7,3.77,3.69,3.7200000286102295,3.72,14.88,6000400,0.005405,0.0
GME,2018-10-16,20181016,3.74,3.83,3.69,3.822499990463257,3.82,15.28,8160800,0.026882,0.0
GME,2018-10-17,20181017,3.82,3.87,3.69,3.8299999237060547,3.83,15.32,7991600,0.002618,0.0
GME,2018-10-18,20181018,3.83,3.86,3.72,3.765000104904175,3.77,15.08,5914400,-0.015666,0.0
GME,2018-10-19,20181019,3.72,3.75,3.62,3.682499885559082,3.68,14.72,12424000,-0.023873,0.0
GME,2018-10-22,20181022,3.7,3.81,3.67,3.7799999713897705,3.78,15.12,9222000,0.027174,0.0
GME,2018-10-23,20181023,3.75,3.83,3.7,3.817500114440918,3.82,15.28,9580400,0.010582,0.0
GME,2018-10-24,20181024,3.83,3.9,3.77,3.7674999237060547,3.77,15.08,8965200,-0.013089,0.0
GME,2018-10-25,20181025,3.78,3.8,3.57,3.609999895095825,3.61,14.44,9096400,-0.04244,0.0
GME,2018-10-26,20181026,3.61,3.61,3.41,3.427500009536743,3.43,13.72,10044400,-0.049861,0.0
GME,2018-10-29,20181029,3.46,3.74,3.44,3.632499933242798,3.63,14.52,12675600,0.058309,0.0
GME,2018-10-30,20181030,3.64,3.78,3.6,3.6675000190734863,3.67,14.68,8376400,0.011019,0.0
GME,2018-10-31,20181031,3.7,3.7,3.57,3.6500000953674316,3.65,14.6,6955600,-0.00545,0.0
GME,2018-11-01,20181101,3.65,3.84,3.65,3.8375000953674316,3.84,15.36,11017200,0.052055,0.0
GME,2018-11-02,20181102,3.86,3.94,3.8,3.9024999141693115,3.9,15.6,6662400,0.015625,0.0
GME,2018-11-05,20181105,3.89,3.89,3.72,3.747499942779541,3.75,15.0,7214400,-0.038462,0.0
GME,2018-11-06,20181106,3.74,3.76,3.71,3.737499952316284,3.74,14.96,7584000,-0.002667,0.0
GME,2018-11-07,20181107,3.75,3.76,3.66,3.7249999046325684,3.72,14.88,8177200,-0.005348,0.0
GME,2018-11-08,20181108,3.72,3.76,3.69,3.7149999141693115,3.71,14.84,8557200,-0.002688,0.0
GME,2018-11-09,20181109,3.68,3.7,3.58,3.6600000858306885,3.66,14.64,6686000,-0.013477,0.0
GME,2018-11-12,20181112,3.66,3.69,3.46,3.4700000286102295,3.47,13.88,9600800,-0.051913,0.0
GME,2018-11-13,20181113,3.47,3.55,3.44,3.4700000286102295,3.47,13.88,9232800,0.0,0.0
GME,2018-11-14,20181114,3.52,3.53,3.22,3.240000009536743,3.24,12.96,13744400,-0.066282,0.0
GME,2018-11-15,20181115,3.24,3.31,3.19,3.2825000286102295,3.28,13.12,12119600,0.012346,0.0
GME,2018-11-16,20181116,3.25,3.25,3.11,3.197499990463257,3.2,12.8,22866800,-0.02439,0.0
GME,2018-11-19,20181119,3.21,3.29,3.19,3.257499933242798,3.26,13.04,13803600,0.01875,0.0
GME,2018-11-20,20181120,3.15,3.23,3.04,3.069999933242798,3.07,12.28,24139600,-0.058282,0.0
GME,2018-11-21,20181121,3.12,3.62,3.08,3.427500009536743,3.43,13.72,49923200,0.117264,0.0
GME,2018-11-23,20181123,3.42,3.44,3.29,3.375,3.38,13.52,10767200,-0.014577,0.0
GME,2018-11-26,20181126,3.5,3.69,3.5,3.6449999809265137,3.64,14.56,23613600,0.076923,0.0
GME,2018-11-27,20181127,3.6,3.74,3.55,3.680000066757202,3.68,14.72,17538800,0.010989,0.0
GME,2018-11-28,20181128,3.68,3.77,3.68,3.752500057220459,3.75,15.0,10574800,0.019022,0.0
GME,2018-11-29,20181129,3.76,3.81,3.63,3.6575000286102295,3.66,14.64,16838400,-0.024,0.0
GME,2018-11-30,20181130,3.25,3.49,3.2,3.4149999618530273,3.41,13.64,47627200,-0.068306,0.0
GME,2018-12-03,20181203,3.45,3.49,3.38,3.4674999713897705,3.47,13.88,16084800,0.017595,0.0
GME,2018-12-04,20181204,3.5,3.53,3.36,3.375,3.38,13.52,14935600,-0.025937,0.0
GME,2018-12-06,20181206,3.38,3.44,3.31,3.390000104904175,3.39,13.56,12788800,0.002959,0.0
GME,2018-12-07,20181207,3.39,3.51,3.38,3.4200000762939453,3.42,13.68,13610400,0.00885,0.0
GME,2018-12-10,20181210,3.35,3.36,3.21,3.307499885559082,3.31,13.24,11174800,-0.032164,0.0
GME,2018-12-11,20181211,3.34,3.35,3.21,3.237499952316284,3.24,12.96,9352800,-0.021148,0.0
GME,2018-12-12,20181212,3.27,3.38,3.24,3.307499885559082,3.31,13.24,7271200,0.021605,0.0
GME,2018-12-13,20181213,3.31,3.34,3.17,3.197499990463257,3.2,12.8,9746400,-0.033233,0.0
GME,2018-12-14,20181214,3.17,3.25,3.17,3.190000057220459,3.19,12.76,6654800,-0.003125,0.0
GME,2018-12-17,20181217,3.16,3.28,3.14,3.1624999046325684,3.16,12.64,9022800,-0.009404,0.0
GME,2018-12-18,20181218,3.16,3.26,3.15,3.182499885559082,3.18,12.72,10379600,0.006329,0.0
GME,2018-12-19,20181219,3.19,3.24,3.13,3.1449999809265137,3.14,12.56,9703600,-0.012579,0.0
GME,2018-12-20,20181220,3.15,3.23,3.05,3.1075000762939453,3.11,12.44,10684800,-0.009554,0.0
GME,2018-12-21,20181221,3.1,3.17,2.94,2.990000009536743,2.99,11.96,17692000,-0.038585,0.0
GME,2018-12-24,20181224,2.99,3.01,2.91,2.9175000190734863,2.92,11.68,5314000,-0.023411,0.0
GME,2018-12-26,20181226,2.93,3.1,2.89,3.0999999046325684,3.1,12.4,9616800,0.061644,0.0
GME,2018-12-27,20181227,3.06,3.06,2.91,3.0450000762939453,3.05,12.2,7338400,-0.016129,0.0
GME,2018-12-28,20181228,3.05,3.12,3.0,3.069999933242798,3.07,12.28,8105200,0.006557,0.0
GME,2018-12-31,20181231,3.08,3.17,3.08,3.1549999713897705,3.15,12.6,11161200,0.026059,0.0
GME,2019-01-02,20190102,3.11,3.3,3.11,3.2674999237060547,3.27,13.08,8496800,0.038095,0.0
GME,2019-01-03,20190103,3.24,3.32,3.17,3.242500066757202,3.24,12.96,7001600,-0.009174,0.0
GME,2019-01-04,20190104,3.51,3.82,3.42,3.809999942779541,3.81,15.24,47662800,0.175926,0.0
GME,2019-01-07,20190107,3.78,3.95,3.73,3.869999885559082,3.87,15.48,18872000,0.015748,0.0
GME,2019-01-08,20190108,3.88,3.97,3.79,3.952500104904175,3.95,15.8,13775200,0.020672,0.0
GME,2019-01-09,20190109,3.96,4.1,3.93,3.994999885559082,3.99,15.96,14218000,0.010127,0.0
GME,2019-01-10,20190110,3.93,4.0,3.88,3.990000009536743,3.99,15.96,11619200,0.0,0.0
GME,2019-01-11,20190111,3.96,4.01,3.94,3.9625000953674316,3.96,15.84,9679200,-0.007519,0.0
GME,2019-01-14,20190114,3.96,4.03,3.89,3.9100000858306885,3.91,15.64,14443600,-0.012626,0.0
GME,2019-01-15,20190115,3.9,3.91,3.8,3.882499933242798,3.88,15.52,8912800,-0.007673,0.0
GME,2019-01-16,20190116,3.89,3.97,3.85,3.9200000762939453,3.92,15.68,7970400,0.010309,0.0
GME,2019-01-17,20190117,3.87,3.96,3.83,3.942500114440918,3.94,15.76,6972000,0.005102,0.0
GME,2019-01-18,20190118,4.01,4.22,3.97,3.9825000762939453,3.98,15.92,34188800,0.010152,0.0
GME,2019-01-22,20190122,3.95,3.97,3.79,3.817500114440918,3.82,15.28,12754800,-0.040201,0.0
GME,2019-01-23,20190123,3.83,3.89,3.78,3.869999885559082,3.87,15.48,7348000,0.013089,0.0
GME,2019-01-24,20190124,3.87,3.95,3.86,3.950000047683716,3.95,15.8,5128000,0.020672,0.0
GME,2019-01-25,20190125,3.99,4.01,3.93,3.9749999046325684,3.97,15.88,7660400,0.005063,0.0
GME,2019-01-28,20190128,3.93,3.95,3.75,3.875,3.88,15.52,11939600,-0.02267,0.0
GME,2019-01-29,20190129,3.1,3.12,2.78,2.819999933242798,2.82,11.28,131481200,-0.273196,0.0
GME,2019-01-30,20190130,2.81,2.84,2.78,2.799999952316284,2.8,11.2,24604000,-0.007092,0.0
GME,2019-01-31,20190131,2.79,2.88,2.78,2.8350000381469727,2.84,11.36,24198400,0.014286,0.0
GME,2019-02-01,20190201,2.83,2.86,2.8,2.809999942779541,2.81,11.24,13909600,-0.010563,0.0
GME,2019-02-04,20190204,2.81,2.87,2.75,2.8424999713897705,2.84,11.36,17086000,0.010676,0.0
GME,2019-02-05,20190205,2.84,2.95,2.84,2.947499990463257,2.95,11.8,17084400,0.038732,0.0
GME,2019-02-06,20190206,2.9,2.92,2.85,2.877500057220459,2.88,11.52,13918400,-0.023729,0.0
GME,2019-02-07,20190207,2.85,2.9,2.81,2.867500066757202,2.87,11.48,8084400,-0.003472,0.0
GME,2019-02-08,20190208,2.85,2.87,2.83,2.8375000953674316,2.84,11.36,7204800,-0.010453,0.0
GME,2019-02-11,20190211,2.85,2.85,2.79,2.825000047683716,2.83,11.32,7674400,-0.003521,0.0
GME,2019-02-12,20190212,2.83,2.9,2.83,2.887500047683716,2.89,11.56,10712000,0.021201,0.0
GME,2019-02-13,20190213,2.89,2.94,2.85,2.867500066757202,2.87,11.48,8531200,-0.00692,0.0
GME,2019-02-14,20190214,2.84,2.86,2.81,2.8324999809265137,2.83,11.32,9874000,-0.013937,0.0
GME,2019-02-15,20190215,2.83,2.86,2.82,2.8575000762939453,2.86,11.44,8847200,0.010601,0.0
GME,2019-02-19,20190219,2.87,2.87,2.78,2.799999952316284,2.8,11.2,13222400,-0.020979,0.0
GME,2019-02-20,20190220,2.81,2.83,2.79,2.799999952316284,2.8,11.2,11842000,0.0,0.0
GME,2019-02-21,20190221,2.81,2.82,2.75,2.757499933242798,2.76,11.04,9956800,-0.014286,0.0
GME,2019-02-22,20190222,2.76,2.85,2.76,2.8424999713897705,2.84,11.36,12998000,0.028986,0.0
GME,2019-02-25,20190225,2.85,2.95,2.85,2.887500047683716,2.89,11.56,14378000,0.017606,0.0
GME,2019-02-26,20190226,2.88,2.93,2.88,2.9100000858306885,2.91,11.64,8632000,0.00692,0.0
GME,2019-02-27,20190227,2.91,2.98,2.9,2.9175000190734863,2.92,11.68,13589200,0.003436,0.0
GME,2019-02-28,20190228,2.92,2.96,2.9,2.924999952316284,2.92,11.68,11280800,0.0,0.0
GME,2019-03-01,20190301,2.97,3.0,2.94,2.9375,2.94,11.76,7604800,0.006849,0.0
GME,2019-03-04,20190304,2.95,2.96,2.87,2.8924999237060547,2.89,11.56,8914400,-0.017007,0.0
GME,2019-03-05,20190305,3.02,3.03,2.84,2.9000000953674316,2.9,11.6,22151600,0.00346,0.0
GME,2019-03-06,20190306,2.91,2.97,2.89,2.890000104904175,2.89,11.56,13251600,-0.003448,0.0
GME,2019-03-07,20190307,2.89,2.91,2.86,2.8975000381469727,2.9,11.6,7245600,0.00346,0.0
GME,2019-03-08,20190308,2.77,2.81,2.69,2.742500066757202,2.74,10.96,24686400,-0.055172,0.0
GME,2019-03-11,20190311,2.74,2.82,2.72,2.815000057220459,2.82,11.28,10814400,0.029197,0.0
GME,2019-03-12,20190312,2.82,2.89,2.81,2.867500066757202,2.87,11.48,8659600,0.01773,0.0
GME,2019-03-13,20190313,2.88,2.91,2.87,2.8949999809265137,2.89,11.56,8766400,0.006969,0.0
GME,2019-03-14,20190314,2.83,2.84,2.72,2.737499952316284,2.74,10.96,11358400,-0.051903,0.0
GME,2019-03-15,20190315,2.75,2.78,2.72,2.765000104904175,2.77,11.08,14149600,0.010949,0.0
GME,2019-03-18,20190318,2.77,2.79,2.74,2.7674999237060547,2.77,11.08,9804800,0.0,0.0
GME,2019-03-19,20190319,2.77,2.81,2.72,2.740000009536743,2.74,10.96,12359600,-0.01083,0.0
GME,2019-03-20,20190320,2.74,2.74,2.6,2.625,2.62,10.48,16415600,-0.043796,0.0
GME,2019-03-21,20190321,2.62,2.68,2.59,2.637500047683716,2.64,10.56,12821200,0.007634,0.0
GME,2019-03-22,20190322,2.66,2.66,2.61,2.612499952316284,2.61,10.44,13156000,-0.011364,0.0
GME,2019-03-25,20190325,2.62,2.62,2.52,2.5350000858306885,2.54,10.16,17944800,-0.02682,0.0
GME,2019-03-26,20190326,2.53,2.61,2.52,2.5875000953674316,2.59,10.36,14140400,0.019685,0.0
GME,2019-03-27,20190327,2.59,2.63,2.56,2.572499990463257,2.57,10.28,10424800,-0.007722,0.0
GME,2019-03-28,20190328,2.59,2.62,2.52,2.547499895095825,2.55,10.2,12489200,-0.007782,0.0
GME,2019-03-29,20190329,2.55,2.59,2.54,2.5399999618530273,2.54,10.16,11676000,-0.003922,0.0
GME,2019-04-01,20190401,2.57,2.61,2.51,2.5924999713897705,2.59,10.36,17662800,0.019685,0.0
GME,2019-04-02,20190402,2.59,2.6,2.52,2.5250000953674316,2.53,10.12,34680800,-0.023166,0.0
GME,2019-04-03,20190403,2.21,2.51,2.2,2.4075000286102295,2.41,9.64,106391600,-0.047431,0.0
GME,2019-04-04,20190404,2.43,2.52,2.41,2.507499933242798,2.51,10.04,31671200,0.041494,0.0
GME,2019-04-05,20190405,2.49,2.5,2.45,2.4649999141693115,2.46,9.84,22974400,-0.01992,0.0
GME,2019-04-08,20190408,2.45,2.52,2.43,2.484999895095825,2.48,9.92,18204000,0.00813,0.0
GME,2019-04-09,20190409,2.46,2.5,2.45,2.4549999237060547,2.45,9.8,11914000,-0.012097,0.0
GME,2019-04-10,20190410,2.47,2.5,2.47,2.492500066757202,2.49,9.96,11228800,0.016327,0.0
GME,2019-04-11,20190411,2.49,2.49,2.43,2.440000057220459,2.44,9.76,10180800,-0.02008,0.0
GME,2019-04-12,20190412,2.45,2.46,2.32,2.3299999237060547,2.33,9.32,19114000,-0.045082,0.0
GME,2019-04-15,20190415,2.32,2.34,2.2,2.234999895095825,2.23,8.92,22109600,-0.042918,0.0
GME,2019-04-16,20190416,2.25,2.29,2.24,2.2699999809265137,2.27,9.08,18880000,0.017937,0.0
GME,2019-04-17,20190417,2.28,2.28,2.19,2.234999895095825,2.23,8.92,15684400,-0.017621,0.0
GME,2019-04-18,20190418,2.21,2.26,2.18,2.192500114440918,2.19,8.76,15256800,-0.017937,0.0
GME,2019-04-22,20190422,2.19,2.2,2.13,2.1624999046325684,2.16,8.64,25114800,-0.013699,0.0
GME,2019-04-23,20190423,2.16,2.24,2.16,2.2225000858306885,2.22,8.88,17809200,0.027778,0.0
GME,2019-04-24,20190424,2.22,2.27,2.22,2.252500057220459,2.25,9.0,16424400,0.013514,0.0
GME,2019-04-25,20190425,2.25,2.25,2.18,2.237499952316284,2.24,8.96,10508000,-0.004444,0.0
GME,2019-04-26,20190426,2.23,2.26,2.22,2.2225000858306885,2.22,8.88,9227200,-0.008929,0.0
GME,2019-04-29,20190429,2.22,2.22,2.18,2.190000057220459,2.19,8.76,10192400,-0.013514,0.0
GME,2019-04-30,20190430,2.2,2.21,2.16,2.1624999046325684,2.16,8.64,12830800,-0.013699,0.0
GME,2019-05-01,20190501,2.16,2.2,2.12,2.127500057220459,2.13,8.52,14155600,-0.013889,0.0
GME,2019-05-02,20190502,2.13,2.21,2.13,2.192500114440918,2.19,8.76,12467600,0.028169,0.0
GME,2019-05-03,20190503,2.2,2.25,2.19,2.242500066757202,2.24,8.96,8718400,0.022831,0.0
GME,2019-05-06,20190506,2.21,2.23,2.16,2.2125000953674316,2.21,8.84,9624800,-0.013393,0.0
GME,2019-05-07,20190507,2.19,2.23,2.17,2.192500114440918,2.19,8.76,10366400,-0.00905,0.0
GME,2019-05-08,20190508,2.19,2.21,2.16,2.172499895095825,2.17,8.68,8249600,-0.009132,0.0
GME,2019-05-09,20190509,2.15,2.16,2.12,2.130000114440918,2.13,8.52,9358000,-0.018433,0.0
GME,2019-05-10,20190510,2.13,2.14,2.09,2.119999885559082,2.12,8.48,9206000,-0.004695,0.0
GME,2019-05-13,20190513,2.08,2.09,2.04,2.065000057220459,2.07,8.28,12172800,-0.023585,0.0
GME,2019-05-14,20190514,2.08,2.14,2.06,2.132499933242798,2.13,8.52,10451600,0.028986,0.0
GME,2019-05-15,20190515,2.11,2.18,2.11,2.172499895095825,2.17,8.68,9014000,0.018779,0.0
GME,2019-05-16,20190516,2.18,2.21,2.16,2.1675000190734863,2.17,8.68,7004000,0.0,0.0
GME,2019-05-17,20190517,2.13,2.19,2.13,2.1524999141693115,2.15,8.6,7869200,-0.009217,0.0
GME,2019-05-20,20190520,2.12,2.13,2.0,2.015000104904175,2.02,8.08,20174400,-0.060465,0.0
GME,2019-05-21,20190521,2.02,2.04,1.97,2.0325000286102295,2.03,8.12,22788400,0.00495,0.0
GME,2019-05-22,20190522,2.02,2.02,1.94,1.975000023841858,1.98,7.92,18064400,-0.024631,0.0
GME,2019-05-23,20190523,1.96,1.97,1.92,1.9249999523162842,1.92,7.68,15678000,-0.030303,0.0
GME,2019-05-24,20190524,1.93,1.97,1.93,1.9550000429153442,1.96,7.84,10168400,0.020833,0.0
GME,2019-05-28,20190528,1.96,2.0,1.93,1.934999942779541,1.93,7.72,10931200,-0.015306,0.0
GME,2019-05-29,20190529,1.93,1.94,1.85,1.8925000429153442,1.89,7.56,16510800,-0.020725,0.0
GME,2019-05-30,20190530,1.89,1.92,1.88,1.899999976158142,1.9,7.6,10780800,0.005291,0.0
GME,2019-05-31,20190531,1.87,1.91,1.83,1.8949999809265137,1.89,7.56,15932400,-0.005263,0.0
GME,2019-06-03,20190603,1.89,1.91,1.86,1.8674999475479126,1.87,7.48,20916400,-0.010582,0.0
GME,2019-06-04,20190604,1.89,1.96,1.88,1.9550000429153442,1.96,7.84,41720400,0.048128,0.0
GME,2019-06-05,20190605,1.37,1.4,1.18,1.2599999904632568,1.26,5.04,157416800,-0.357143,0.0
GME,2019-06-06,20190606,1.25,1.28,1.21,1.2825000286102295,1.28,5.12,54232000,0.015873,0.0
GME,2019-06-07,20190607,1.28,1.31,1.25,1.2549999952316284,1.25,5.0,42365200,-0.023438,0.0
GME,2019-06-10,20190610,1.34,1.39,1.32,1.3600000143051147,1.36,5.44,75706000,0.088,0.0
GME,2019-06-11,20190611,1.38,1.46,1.37,1.4299999475479126,1.43,5.72,53695200,0.051471,0.0
GME,2019-06-12,20190612,1.42,1.45,1.38,1.375,1.38,5.52,19657200,-0.034965,0.0
GME,2019-06-13,20190613,1.39,1.43,1.37,1.4249999523162842,1.42,5.68,23363200,0.028986,0.0
GME,2019-06-14,20190614,1.42,1.46,1.4,1.4075000286102295,1.41,5.64,21218400,-0.007042,0.0
GME,2019-06-17,20190617,1.41,1.45,1.4,1.4249999523162842,1.42,5.68,14746000,0.007092,0.0
GME,2019-06-18,20190618,1.43,1.46,1.42,1.4325000047683716,1.43,5.72,16281600,0.007042,0.0
GME,2019-06-19,20190619,1.44,1.44,1.4,1.4075000286102295,1.41,5.64,11893200,-0.013986,0.0
GME,2019-06-20,20190620,1.41,1.42,1.38,1.3825000524520874,1.38,5.52,15735200,-0.021277,0.0
GME,2019-06-21,20190621,1.38,1.38,1.33,1.3550000190734863,1.36,5.44,35817200,-0.014493,0.0
GME,2019-06-24,20190624,1.35,1.37,1.32,1.3424999713897705,1.34,5.36,19293200,-0.014706,0.0
GME,2019-06-25,20190625,1.34,1.38,1.33,1.3624999523162842,1.36,5.44,12341600,0.014925,0.0
GME,2019-06-26,20190626,1.37,1.38,1.35,1.3674999475479126,1.37,5.48,14207200,0.007353,0.0
GME,2019-06-27,20190627,1.37,1.4,1.36,1.3849999904632568,1.38,5.52,15024000,0.007299,0.0
GME,2019-06-28,20190628,1.38,1.39,1.36,1.3674999475479126,1.37,5.48,15585600,-0.007246,0.0
GME,2019-07-01,20190701,1.38,1.39,1.34,1.340000033378601,1.34,5.36,17243200,-0.021898,0.0
GME,2019-07-02,20190702,1.34,1.36,1.33,1.3450000286102295,1.35,5.4,22574000,0.007463,0.0
GME,2019-07-03,20190703,1.35,1.36,1.32,1.3274999856948853,1.33,5.32,10248400,-0.014815,0.0
GME,2019-07-05,20190705,1.33,1.41,1.32,1.3799999952316284,1.38,5.52,51578400,0.037594,0.0
GME,2019-07-08,20190708,1.38,1.38,1.36,1.3624999523162842,1.36,5.44,26370800,-0.014493,0.0
GME,2019-07-09,20190709,1.37,1.39,1.32,1.3274999856948853,1.33,5.32,46887600,-0.022059,0.0
GME,2019-07-10,20190710,1.34,1.34,1.29,1.2949999570846558,1.29,5.16,43413200,-0.030075,0.0
GME,2019-07-11,20190711,1.25,1.25,1.18,1.2100000381469727,1.21,4.84,67112800,-0.062016,0.0
GME,2019-07-12,20190712,1.22,1.23,1.2,1.2274999618530273,1.23,4.92,17568800,0.016529,0.0
GME,2019-07-15,20190715,1.22,1.22,1.19,1.1875,1.19,4.76,12273600,-0.03252,0.0
GME,2019-07-16,20190716,1.19,1.2,1.16,1.1575000286102295,1.16,4.64,23880000,-0.02521,0.0
GME,2019-07-17,20190717,1.16,1.16,1.08,1.0950000286102295,1.1,4.4,30572400,-0.051724,0.0
GME,2019-07-18,20190718,1.1,1.11,1.03,1.0499999523162842,1.05,4.2,34342800,-0.045455,0.0
GME,2019-07-19,20190719,1.05,1.11,1.05,1.0800000429153442,1.08,4.32,43786000,0.028571,0.0
GME,2019-07-22,20190722,1.08,1.1,1.03,1.034999966621399,1.03,4.12,21954800,-0.046296,0.0
GME,2019-07-23,20190723,1.04,1.05,1.0,1.0225000381469727,1.02,4.08,30814000,-0.009709,0.0
GME,2019-07-24,20190724,1.02,1.05,1.01,1.0199999809265137,1.02,4.08,24082400,0.0,0.0
GME,2019-07-25,20190725,1.02,1.08,0.99,0.9950000047683716,1.0,4.0,23160000,-0.019608,0.0
GME,2019-07-26,20190726,1.0,1.02,0.99,1.002500057220459,1.0,4.0,12836000,0.0,0.0
GME,2019-07-29,20190729,1.0,1.04,1.0,1.0299999713897705,1.03,4.12,17308400,0.03,0.0
GME,2019-07-30,20190730,1.02,1.03,0.98,1.0075000524520874,1.01,4.04,21085600,-0.019417,0.0
GME,2019-07-31,20190731,1.01,1.04,1.0,1.0049999952316284,1.0,4.0,20835600,-0.009901,0.0
GME,2019-08-01,20190801,1.0,1.01,0.94,0.9599999785423279,0.96,3.84,22386000,-0.04,0.0
GME,2019-08-02,20190802,0.96,0.97,0.94,0.9449999928474426,0.94,3.76,14378800,-0.020833,0.0
GME,2019-08-05,20190805,0.93,0.94,0.89,0.9275000095367432,0.93,3.72,22727200,-0.010638,0.0
GME,2019-08-06,20190806,0.93,0.95,0.91,0.9524999856948853,0.95,3.8,20629600,0.021505,0.0
GME,2019-08-07,20190807,0.94,0.96,0.92,0.9524999856948853,0.95,3.8,23424400,0.0,0.0
GME,2019-08-08,20190808,0.96,0.98,0.94,0.9725000262260437,0.97,3.88,9226800,0.021053,0.0
GME,2019-08-09,20190809,0.96,0.96,0.9,0.8974999785423279,0.9,3.6,12317600,-0.072165,0.0
GME,2019-08-12,20190812,0.89,0.9,0.86,0.8774999976158142,0.88,3.52,10710400,-0.022222,0.0
GME,2019-08-13,20190813,0.87,0.94,0.87,0.8675000071525574,0.87,3.48,18018000,-0.011364,0.0
GME,2019-08-14,20190814,0.85,0.86,0.8,0.8299999833106995,0.83,3.32,24327600,-0.045977,0.0
GME,2019-08-15,20190815,0.83,0.85,0.79,0.8025000095367432,0.8,3.2,23553600,-0.036145,0.0
GME,2019-08-16,20190816,0.81,0.84,0.8,0.8299999833106995,0.83,3.32,12522800,0.0375,0.0
GME,2019-08-19,20190819,0.84,0.87,0.83,0.8450000286102295,0.85,3.4,11550000,0.024096,0.0
GME,2019-08-20,20190820,0.84,0.87,0.82,0.8550000190734863,0.86,3.44,17040000,0.011765,0.0
GME,2019-08-21,20190821,0.88,0.9,0.86,0.8849999904632568,0.88,3.52,23643600,0.023256,0.0
GME,2019-08-22,20190822,0.99,1.06,0.93,0.9674999713897705,0.97,3.88,116709200,0.102273,0.0
GME,2019-08-23,20190823,0.96,0.98,0.89,0.9125000238418579,0.91,3.64,34643600,-0.061856,0.0
GME,2019-08-26,20190826,0.93,1.01,0.91,0.9549999833106995,0.95,3.8,41277600,0.043956,0.0
GME,2019-08-27,20190827,0.97,0.98,0.92,0.925000011920929,0.93,3.72,22804000,-0.021053,0.0
GME,2019-08-28,20190828,0.93,0.99,0.92,0.9700000286102295,0.97,3.88,25756800,0.043011,0.0
GME,2019-08-29,20190829,0.98,1.07,0.94,1.0575000047683716,1.06,4.24,53454000,0.092784,0.0
GME,2019-08-30,20190830,1.07,1.09,0.98,0.9925000071525574,0.99,3.96,42538400,-0.066038,0.0
GME,2019-09-03,20190903,0.99,1.02,0.92,0.9524999856948853,0.95,3.8,36177600,-0.040404,0.0
GME,2019-09-04,20190904,0.97,1.0,0.96,0.9950000047683716,1.0,4.0,16908400,0.052632,0.0
GME,2019-09-05,20190905,1.02,1.06,1.02,1.0575000047683716,1.06,4.24,27568000,0.06,0.0
GME,2019-09-06,20190906,1.06,1.09,1.03,1.0774999856948853,1.08,4.32,26806000,0.018868,0.0
GME,2019-09-09,20190909,1.09,1.23,1.09,1.190000057220459,1.19,4.76,58315200,0.101852,0.0
GME,2019-09-10,20190910,1.22,1.27,1.13,1.2725000381469727,1.27,5.08,66636800,0.067227,0.0
GME,2019-09-11,20190911,1.05,1.24,0.99,1.1475000381469727,1.15,4.6,136020000,-0.094488,0.0
GME,2019-09-12,20190912,1.15,1.2,1.11,1.1449999809265137,1.14,4.56,35634800,-0.008696,0.0
GME,2019-09-13,20190913,1.15,1.19,1.09,1.1024999618530273,1.1,4.4,30648800,-0.035088,0.0
GME,2019-09-16,20190916,1.08,1.12,1.07,1.087499976158142,1.09,4.36,27045200,-0.009091,0.0
GME,2019-09-17,20190917,1.08,1.09,1.03,1.0824999809265137,1.08,4.32,25624000,-0.009174,0.0
GME,2019-09-18,20190918,1.08,1.17,1.08,1.149999976158142,1.15,4.6,39184800,0.064815,0.0
GME,2019-09-19,20190919,1.16,1.17,1.11,1.1100000143051147,1.11,4.44,31441200,-0.034783,0.0
GME,2019-09-20,20190920,1.15,1.2,1.12,1.1749999523162842,1.17,4.68,46415200,0.054054,0.0
GME,2019-09-23,20190923,1.17,1.3,1.15,1.2549999952316284,1.25,5.0,49896000,0.068376,0.0
GME,2019-09-24,20190924,1.28,1.38,1.25,1.252500057220459,1.25,5.0,52391600,0.0,0.0
GME,2019-09-25,20190925,1.27,1.39,1.27,1.2999999523162842,1.3,5.2,48657200,0.04,0.0
GME,2019-09-26,20190926,1.3,1.34,1.27,1.3200000524520874,1.32,5.28,24323600,0.015385,0.0
GME,2019-09-27,20190927,1.31,1.36,1.3,1.3350000381469727,1.34,5.36,22194000,0.015152,0.0
GME,2019-09-30,20190930,1.36,1.41,1.35,1.3799999952316284,1.38,5.52,35679200,0.029851,0.0
GME,2019-10-01,20191001,1.41,1.46,1.37,1.3949999809265137,1.39,5.56,26369600,0.007246,0.0
GME,2019-10-02,20191002,1.39,1.39,1.31,1.3300000429153442,1.33,5.32,32619600,-0.043165,0.0
GME,2019-10-03,20191003,1.33,1.37,1.31,1.3550000190734863,1.36,5.44,17386800,0.022556,0.0
GME,2019-10-04,20191004,1.36,1.39,1.34,1.3875000476837158,1.39,5.56,16852400,0.022059,0.0
GME,2019-10-07,20191007,1.37,1.39,1.35,1.372499942779541,1.37,5.48,16619200,-0.014388,0.0
GME,2019-10-08,20191008,1.36,1.36,1.29,1.3075000047683716,1.31,5.24,19292400,-0.043796,0.0
GME,2019-10-09,20191009,1.31,1.33,1.24,1.247499942779541,1.25,5.0,23238400,-0.045802,0.0
GME,2019-10-10,20191010,1.25,1.29,1.24,1.2625000476837158,1.26,5.04,20912000,0.008,0.0
GME,2019-10-11,20191011,1.28,1.37,1.28,1.3424999713897705,1.34,5.36,23636800,0.063492,0.0
GME,2019-10-14,20191014,1.33,1.4,1.3,1.3949999809265137,1.39,5.56,21095600,0.037313,0.0
GME,2019-10-15,20191015,1.4,1.48,1.4,1.402500033378601,1.4,5.6,25403600,0.007194,0.0
GME,2019-10-16,20191016,1.39,1.48,1.39,1.4700000286102295,1.47,5.88,15474800,0.05,0.0
GME,2019-10-17,20191017,1.47,1.51,1.45,1.5075000524520874,1.51,6.04,14426400,0.027211,0.0
GME,2019-10-18,20191018,1.51,1.51,1.44,1.4850000143051147,1.49,5.96,12788400,-0.013245,0.0
GME,2019-10-21,20191021,1.5,1.54,1.46,1.4824999570846558,1.48,5.92,14446400,-0.006711,0.0
GME,2019-10-22,20191022,1.48,1.61,1.48,1.597499966621399,1.6,6.4,16698000,0.081081,0.0
GME,2019-10-23,20191023,1.58,1.65,1.56,1.6074999570846558,1.61,6.44,16285600,0.00625,0.0
GME,2019-10-24,20191024,1.62,1.64,1.51,1.6050000190734863,1.61,6.44,17072800,0.0,0.0
GME,2019-10-25,20191025,1.58,1.61,1.56,1.587499976158142,1.59,6.36,10581600,-0.012422,0.0
GME,2019-10-28,20191028,1.6,1.62,1.54,1.5475000143051147,1.55,6.2,11418800,-0.025157,0.0
GME,2019-10-29,20191029,1.55,1.56,1.45,1.4524999856948853,1.45,5.8,15675200,-0.064516,0.0
GME,2019-10-30,20191030,1.44,1.46,1.38,1.4325000047683716,1.43,5.72,14958000,-0.013793,0.0
GME,2019-10-31,20191031,1.41,1.42,1.33,1.3600000143051147,1.36,5.44,17434400,-0.048951,0.0
GME,2019-11-01,20191101,1.36,1.5,1.36,1.4600000381469727,1.46,5.84,20841600,0.073529,0.0
GME,2019-11-04,20191104,1.48,1.5,1.44,1.462499976158142,1.46,5.84,14680000,0.0,0.0
GME,2019-11-05,20191105,1.47,1.55,1.47,1.4774999618530273,1.48,5.92,13496400,0.013699,0.0
GME,2019-11-06,20191106,1.48,1.55,1.46,1.5225000381469727,1.52,6.08,16513200,0.027027,0.0
GME,2019-11-07,20191107,1.54,1.58,1.51,1.5549999475479126,1.55,6.2,12517200,0.019737,0.0
GME,2019-11-08,20191108,1.54,1.57,1.51,1.5225000381469727,1.52,6.08,7874800,-0.019355,0.0
GME,2019-11-11,20191111,1.51,1.52,1.44,1.5049999952316284,1.5,6.0,12437600,-0.013158,0.0
GME,2019-11-12,20191112,1.51,1.52,1.47,1.4800000190734863,1.48,5.92,7338000,-0.013333,0.0
GME,2019-11-13,20191113,1.48,1.49,1.45,1.4850000143051147,1.49,5.96,6134400,0.006757,0.0
GME,2019-11-14,20191114,1.49,1.53,1.48,1.4950000047683716,1.5,6.0,6834800,0.006711,0.0
GME,2019-11-15,20191115,1.5,1.5,1.46,1.4700000286102295,1.47,5.88,8663600,-0.02,0.0
GME,2019-11-18,20191118,1.46,1.46,1.4,1.4049999713897705,1.4,5.6,11983600,-0.047619,0.0
GME,2019-11-19,20191119,1.39,1.41,1.36,1.375,1.38,5.52,13442000,-0.014286,0.0
GME,2019-11-20,20191120,1.38,1.38,1.34,1.3650000095367432,1.37,5.48,10666800,-0.007246,0.0
GME,2019-11-21,20191121,1.37,1.39,1.34,1.375,1.38,5.52,11136000,0.007299,0.0
GME,2019-11-22,20191122,1.4,1.46,1.38,1.4149999618530273,1.41,5.64,13972400,0.021739,0.0
GME,2019-11-25,20191125,1.42,1.51,1.41,1.5075000524520874,1.51,6.04,10979600,0.070922,0.0
GME,2019-11-26,20191126,1.51,1.57,1.5,1.524999976158142,1.52,6.08,10594800,0.006623,0.0
GME,2019-11-27,20191127,1.52,1.6,1.5,1.587499976158142,1.59,6.36,12120000,0.046053,0.0
GME,2019-11-29,20191129,1.58,1.6,1.56,1.5850000381469727,1.59,6.36,5476000,0.0,0.0
GME,2019-12-02,20191202,1.59,1.62,1.52,1.5425000190734863,1.54,6.16,8242400,-0.031447,0.0
GME,2019-12-03,20191203,1.51,1.54,1.48,1.5299999713897705,1.53,6.12,8859600,-0.006494,0.0
GME,2019-12-04,20191204,1.54,1.62,1.53,1.6074999570846558,1.61,6.44,11489600,0.052288,0.0
GME,2019-12-05,20191205,1.58,1.63,1.56,1.600000023841858,1.6,6.4,17525600,-0.006211,0.0
GME,2019-12-06,20191206,1.6,1.67,1.6,1.6699999570846558,1.67,6.68,19029200,0.04375,0.0
GME,2019-12-09,20191209,1.66,1.73,1.55,1.5824999809265137,1.58,6.32,25002400,-0.053892,0.0
GME,2019-12-10,20191210,1.57,1.63,1.53,1.627500057220459,1.63,6.52,38379600,0.031646,0.0
GME,2019-12-11,20191211,1.31,1.45,1.29,1.3825000524520874,1.38,5.52,78071200,-0.153374,0.0
GME,2019-12-12,20191212,1.37,1.43,1.35,1.3949999809265137,1.39,5.56,25549200,0.007246,0.0
GME,2019-12-13,20191213,1.37,1.4,1.31,1.3624999523162842,1.36,5.44,21756000,-0.021583,0.0
GME,2019-12-16,20191216,1.35,1.4,1.35,1.375,1.38,5.52,17627600,0.014706,0.0
GME,2019-12-17,20191217,1.38,1.52,1.37,1.5149999856948853,1.51,6.04,16565600,0.094203,0.0
GME,2019-12-18,20191218,1.51,1.57,1.48,1.5399999618530273,1.54,6.16,21056400,0.019868,0.0
GME,2019-12-19,20191219,1.55,1.56,1.51,1.5149999856948853,1.51,6.04,17808000,-0.019481,0.0
GME,2019-12-20,20191220,1.51,1.55,1.49,1.497499942779541,1.5,6.0,21938400,-0.006623,0.0
GME,2019-12-23,20191223,1.51,1.52,1.38,1.402500033378601,1.4,5.6,25130800,-0.066667,0.0
GME,2019-12-24,20191224,1.41,1.42,1.36,1.3600000143051147,1.36,5.44,13582000,-0.028571,0.0
GME,2019-12-26,20191226,1.37,1.38,1.31,1.350000023841858,1.35,5.4,17057600,-0.007353,0.0
GME,2019-12-27,20191227,1.36,1.5,1.35,1.475000023841858,1.48,5.92,44165200,0.096296,0.0
GME,2019-12-30,20191230,1.47,1.56,1.44,1.5325000286102295,1.53,6.12,17928400,0.033784,0.0
GME,2019-12-31,20191231,1.52,1.6,1.5,1.5199999809265137,1.52,6.08,17290400,-0.006536,0.0
GME,2020-01-02,20200102,1.53,1.62,1.52,1.5774999856948853,1.58,6.32,17814400,0.039474,0.0
GME,2020-01-03,20200103,1.55,1.56,1.46,1.4700000286102295,1.47,5.88,14175600,-0.06962,0.0
GME,2020-01-06,20200106,1.45,1.48,1.4,1.462499976158142,1.46,5.84,13579200,-0.006803,0.0
GME,2020-01-07,20200107,1.44,1.46,1.36,1.3799999952316284,1.38,5.52,20912000,-0.054795,0.0
GME,2020-01-08,20200108,1.37,1.46,1.35,1.4299999475479126,1.43,5.72,22517600,0.036232,0.0
GME,2020-01-09,20200109,1.46,1.46,1.37,1.3875000476837158,1.39,5.56,10572000,-0.027972,0.0
GME,2020-01-10,20200110,1.39,1.4,1.35,1.3574999570846558,1.36,5.44,11125600,-0.021583,0.0
GME,2020-01-13,20200113,1.36,1.4,1.33,1.3574999570846558,1.36,5.44,14500800,0.0,0.0
GME,2020-01-14,20200114,1.2,1.25,1.13,1.1775000095367432,1.18,4.72,50247600,-0.132353,0.0
GME,2020-01-15,20200115,1.16,1.18,1.14,1.152500033378601,1.15,4.6,19924400,-0.025424,0.0
GME,2020-01-16,20200116,1.15,1.18,1.13,1.1549999713897705,1.15,4.6,17148400,0.0,0.0
GME,2020-01-17,20200117,1.14,1.19,1.13,1.1875,1.19,4.76,16078000,0.034783,0.0
GME,2020-01-21,20200121,1.19,1.19,1.14,1.1475000381469727,1.15,4.6,14128400,-0.033613,0.0
GME,2020-01-22,20200122,1.14,1.16,1.12,1.1399999856948853,1.14,4.56,10510000,-0.008696,0.0
GME,2020-01-23,20200123,1.14,1.16,1.12,1.1549999713897705,1.15,4.6,7520800,0.008772,0.0
GME,2020-01-24,20200124,1.16,1.16,1.06,1.0800000429153442,1.08,4.32,16654400,-0.06087,0.0
GME,2020-01-27,20200127,1.05,1.09,1.04,1.0700000524520874,1.07,4.28,8490000,-0.009259,0.0
GME,2020-01-28,20200128,1.08,1.08,1.04,1.0525000095367432,1.05,4.2,8579600,-0.018692,0.0
GME,2020-01-29,20200129,1.05,1.08,1.03,1.0325000286102295,1.03,4.12,6210400,-0.019048,0.0
GME,2020-01-30,20200130,1.02,1.03,0.97,0.9825000166893005,0.98,3.92,12026000,-0.048544,0.0
GME,2020-01-31,20200131,0.98,0.99,0.96,0.9599999785423279,0.96,3.84,11566800,-0.020408,0.0
GME,2020-02-03,20200203,0.97,1.0,0.96,0.987500011920929,0.99,3.96,8102400,0.03125,0.0
GME,2020-02-04,20200204,1.01,1.06,0.99,1.0175000429153442,1.02,4.08,14252400,0.030303,0.0
GME,2020-02-05,20200205,1.04,1.1,1.03,1.0449999570846558,1.04,4.16,10566800,0.019608,0.0
GME,2020-02-06,20200206,1.05,1.08,1.03,1.034999966621399,1.03,4.12,6041200,-0.009615,0.0
GME,2020-02-07,20200207,1.03,1.03,0.94,0.9524999856948853,0.95,3.8,10969200,-0.07767,0.0
GME,2020-02-10,20200210,0.96,1.02,0.94,0.9850000143051147,0.99,3.96,11108000,0.042105,0.0
GME,2020-02-11,20200211,1.0,1.06,0.99,1.0049999952316284,1.0,4.0,13660000,0.010101,0.0
GME,2020-02-12,20200212,1.03,1.13,1.02,1.0475000143051147,1.05,4.2,19282400,0.05,0.0
GME,2020-02-13,20200213,1.03,1.07,1.02,1.027500033378601,1.03,4.12,8326800,-0.019048,0.0
GME,2020-02-14,20200214,1.03,1.05,1.0,1.0049999952316284,1.0,4.0,6330800,-0.029126,0.0
GME,2020-02-18,20200218,1.0,1.02,0.99,1.0149999856948853,1.01,4.04,5870400,0.01,0.0
GME,2020-02-19,20200219,1.01,1.07,0.98,1.037500023841858,1.04,4.16,10372400,0.029703,0.0
GME,2020-02-20,20200220,1.04,1.08,1.03,1.034999966621399,1.03,4.12,6249200,-0.009615,0.0
GME,2020-02-21,20200221,1.03,1.04,1.0,1.0099999904632568,1.01,4.04,6782800,-0.019417,0.0
GME,2020-02-24,20200224,0.98,0.98,0.93,0.925000011920929,0.93,3.72,14265200,-0.079208,0.0
GME,2020-02-25,20200225,0.94,0.95,0.89,0.8899999856948853,0.89,3.56,17791600,-0.043011,0.0
GME,2020-02-26,20200226,0.89,0.9,0.84,0.8475000262260437,0.85,3.4,18899200,-0.044944,0.0
GME,2020-02-27,20200227,0.81,0.91,0.8,0.8675000071525574,0.87,3.48,15518000,0.023529,0.0
GME,2020-02-28,20200228,0.83,0.93,0.83,0.8999999761581421,0.9,3.6,18768800,0.034483,0.0
GME,2020-03-02,20200302,0.9,0.96,0.85,0.9574999809265137,0.96,3.84,12833600,0.066667,0.0
GME,2020-03-03,20200303,0.97,0.97,0.88,0.9075000286102295,0.91,3.64,17130000,-0.052083,0.0
GME,2020-03-04,20200304,0.93,0.96,0.87,0.9424999952316284,0.94,3.76,17030400,0.032967,0.0
GME,2020-03-05,20200305,0.93,1.0,0.9,0.9900000095367432,0.99,3.96,14397600,0.053191,0.0
GME,2020-03-06,20200306,0.96,1.02,0.94,0.9800000190734863,0.98,3.92,8387200,-0.010101,0.0
GME,2020-03-09,20200309,0.9,0.99,0.88,0.925000011920929,0.93,3.72,10928000,-0.05102,0.0
GME,2020-03-10,20200310,0.99,1.07,0.95,1.0575000047683716,1.06,4.24,19452800,0.139785,0.0
GME,2020-03-11,20200311,1.03,1.06,1.0,1.034999966621399,1.03,4.12,17656400,-0.028302,0.0
GME,2020-03-12,20200312,0.93,1.01,0.87,0.9950000047683716,1.0,4.0,20493600,-0.029126,0.0
GME,2020-03-13,20200313,1.03,1.16,0.96,1.1475000381469727,1.15,4.6,23148800,0.15,0.0
GME,2020-03-16,20200316,0.98,1.14,0.98,1.0924999713897705,1.09,4.36,19466800,-0.052174,0.0
GME,2020-03-17,20200317,1.1,1.16,1.03,1.0575000047683716,1.06,4.24,14248800,-0.027523,0.0
GME,2020-03-18,20200318,1.02,1.06,0.88,0.9424999952316284,0.94,3.76,14606800,-0.113208,0.0
GME,2020-03-19,20200319,0.93,1.05,0.89,1.0475000143051147,1.05,4.2,20158000,0.117021,0.0
GME,2020-03-20,20200320,1.02,1.02,0.91,0.9399999976158142,0.94,3.76,30888800,-0.104762,0.0
GME,2020-03-23,20200323,0.89,0.96,0.88,0.9524999856948853,0.95,3.8,24039200,0.010638,0.0
GME,2020-03-24,20200324,0.99,1.05,0.97,1.0399999618530273,1.04,4.16,27222400,0.094737,0.0
GME,2020-03-25,20200325,1.04,1.12,1.01,1.0425000190734863,1.04,4.16,14368400,0.0,0.0
GME,2020-03-26,20200326,1.06,1.18,1.06,1.1024999618530273,1.1,4.4,24742800,0.057692,0.0
GME,2020-03-27,20200327,1.24,1.27,1.04,1.0549999475479126,1.05,4.2,28099200,-0.045455,0.0
GME,2020-03-30,20200330,1.05,1.07,0.91,0.9125000238418579,0.91,3.64,13402400,-0.133333,0.0
GME,2020-03-31,20200331,0.91,0.95,0.88,0.875,0.88,3.52,9203600,-0.032967,0.0
GME,2020-04-01,20200401,0.86,0.87,0.78,0.8125,0.81,3.24,18274800,-0.079545,0.0
GME,2020-04-02,20200402,0.81,0.84,0.71,0.7124999761581421,0.71,2.84,16257200,-0.123457,0.0
GME,2020-04-03,20200403,0.71,0.74,0.64,0.699999988079071,0.7,2.8,15321600,-0.014085,0.0
GME,2020-04-06,20200406,0.71,0.8,0.71,0.7724999785423279,0.77,3.08,13362000,0.1,0.0
GME,2020-04-07,20200407,0.85,0.86,0.77,0.8174999952316284,0.82,3.28,11347600,0.064935,0.0
GME,2020-04-08,20200408,0.81,0.92,0.8,0.8525000214576721,0.85,3.4,11538000,0.036585,0.0
GME,2020-04-09,20200409,0.9,1.06,0.87,0.9725000262260437,0.97,3.88,23634400,0.141176,0.0
GME,2020-04-13,20200413,1.06,1.19,1.04,1.184999942779541,1.18,4.72,27378000,0.216495,0.0
GME,2020-04-14,20200414,1.3,1.62,1.28,1.4874999523162842,1.49,5.96,54026400,0.262712,0.0
GME,2020-04-15,20200415,1.41,1.42,1.23,1.3174999952316284,1.32,5.28,29999600,-0.114094,0.0
GME,2020-04-16,20200416,1.28,1.36,1.22,1.2575000524520874,1.26,5.04,13487600,-0.045455,0.0
GME,2020-04-17,20200417,1.3,1.32,1.11,1.2200000286102295,1.22,4.88,22612800,-0.031746,0.0
GME,2020-04-20,20200420,1.21,1.48,1.2,1.402500033378601,1.4,5.6,24340000,0.147541,0.0
GME,2020-04-21,20200421,1.31,1.33,1.19,1.1950000524520874,1.2,4.8,16568400,-0.142857,0.0
GME,2020-04-22,20200422,1.28,1.29,1.21,1.222499966621399,1.22,4.88,10711200,0.016667,0.0
GME,2020-04-23,20200423,1.19,1.22,1.14,1.1749999523162842,1.17,4.68,9063600,-0.040984,0.0
GME,2020-04-24,20200424,1.2,1.21,1.16,1.1924999952316284,1.19,4.76,8944800,0.017094,0.0
GME,2020-04-27,20200427,1.21,1.5,1.2,1.4550000429153442,1.46,5.84,29100400,0.226891,0.0
GME,2020-04-28,20200428,1.48,1.51,1.26,1.409999966621399,1.41,5.64,20800800,-0.034247,0.0
GME,2020-04-29,20200429,1.46,1.52,1.36,1.5099999904632568,1.51,6.04,13478400,0.070922,0.0
GME,2020-04-30,20200430,1.47,1.5,1.41,1.4325000047683716,1.43,5.72,8693200,-0.05298,0.0
GME,2020-05-01,20200501,1.41,1.54,1.36,1.5125000476837158,1.51,6.04,16022400,0.055944,0.0
GME,2020-05-04,20200504,1.46,1.48,1.35,1.3700000047683716,1.37,5.48,16272400,-0.092715,0.0
GME,2020-05-05,20200505,1.39,1.41,1.34,1.347499966621399,1.35,5.4,8423600,-0.014599,0.0
GME,2020-05-06,20200506,1.35,1.35,1.23,1.2324999570846558,1.23,4.92,13478400,-0.088889,0.0
GME,2020-05-07,20200507,1.21,1.23,1.16,1.2174999713897705,1.22,4.88,10003200,-0.00813,0.0
GME,2020-05-08,20200508,1.22,1.3,1.21,1.2450000047683716,1.25,5.0,9410400,0.02459,0.0
GME,2020-05-11,20200511,1.23,1.24,1.19,1.190000057220459,1.19,4.76,6796800,-0.048,0.0
GME,2020-05-12,20200512,1.2,1.23,1.12,1.1349999904632568,1.13,4.52,10556800,-0.05042,0.0
GME,2020-05-13,20200513,1.13,1.13,1.02,1.0525000095367432,1.05,4.2,11531600,-0.070796,0.0
GME,2020-05-14,20200514,1.04,1.05,0.99,1.0325000286102295,1.03,4.12,8019600,-0.019048,0.0
GME,2020-05-15,20200515,1.01,1.11,1.01,1.0549999475479126,1.05,4.2,7762400,0.019417,0.0
GME,2020-05-18,20200518,1.1,1.16,1.09,1.1449999809265137,1.14,4.56,9456800,0.085714,0.0
GME,2020-05-19,20200519,1.14,1.19,1.09,1.1100000143051147,1.11,4.44,7362800,-0.026316,0.0
GME,2020-05-20,20200520,1.12,1.17,1.09,1.1074999570846558,1.11,4.44,10174400,0.0,0.0
GME,2020-05-21,20200521,1.11,1.16,1.1,1.1100000143051147,1.11,4.44,7887600,0.0,0.0
GME,2020-05-22,20200522,1.12,1.12,1.03,1.0449999570846558,1.04,4.16,9519600,-0.063063,0.0
GME,2020-05-26,20200526,1.09,1.15,1.08,1.1050000190734863,1.11,4.44,14182800,0.067308,0.0
GME,2020-05-27,20200527,1.14,1.18,1.09,1.1725000143051147,1.17,4.68,12586400,0.054054,0.0
GME,2020-05-28,20200528,1.19,1.19,1.08,1.0824999809265137,1.08,4.32,8735600,-0.076923,0.0
GME,2020-05-29,20200529,1.08,1.11,1.01,1.0149999856948853,1.01,4.04,15846800,-0.064815,0.0
GME,2020-06-01,20200601,1.03,1.09,1.0,1.0325000286102295,1.03,4.12,10446400,0.019802,0.0
GME,2020-06-02,20200602,1.07,1.08,1.01,1.0449999570846558,1.04,4.16,9477600,0.009709,0.0
GME,2020-06-03,20200603,1.06,1.13,1.05,1.1100000143051147,1.11,4.44,12149600,0.067308,0.0
GME,2020-06-04,20200604,1.11,1.18,1.09,1.1174999475479126,1.12,4.48,14057200,0.009009,0.0
GME,2020-06-05,20200605,1.07,1.1,1.02,1.034999966621399,1.03,4.12,25097600,-0.080357,0.0
GME,2020-06-08,20200608,1.07,1.28,1.07,1.252500057220459,1.25,5.0,40534800,0.213592,0.0
GME,2020-06-09,20200609,1.25,1.25,1.14,1.2400000095367432,1.24,4.96,32293600,-0.008,0.0
GME,2020-06-10,20200610,1.2,1.38,1.17,1.2675000429153442,1.27,5.08,42425600,0.024194,0.0
GME,2020-06-11,20200611,1.16,1.23,1.04,1.0924999713897705,1.09,4.36,24944000,-0.141732,0.0
GME,2020-06-12,20200612,1.15,1.2,1.1,1.1799999475479126,1.18,4.72,17512800,0.082569,0.0
GME,2020-06-15,20200615,1.12,1.19,1.11,1.1725000143051147,1.17,4.68,15636000,-0.008475,0.0
GME,2020-06-16,20200616,1.24,1.24,1.13,1.159999966621399,1.16,4.64,12485200,-0.008547,0.0
GME,2020-06-17,20200617,1.13,1.21,1.13,1.190000057220459,1.19,4.76,14374000,0.025862,0.0
GME,2020-06-18,20200618,1.17,1.24,1.16,1.2374999523162842,1.24,4.96,13695200,0.042017,0.0
GME,2020-06-19,20200619,1.24,1.27,1.17,1.2200000286102295,1.22,4.88,29466400,-0.016129,0.0
GME,2020-06-22,20200622,1.2,1.24,1.18,1.2174999713897705,1.22,4.88,12715600,0.0,0.0
GME,2020-06-23,20200623,1.24,1.25,1.2,1.2074999809265137,1.21,4.84,12821600,-0.008197,0.0
GME,2020-06-24,20200624,1.21,1.21,1.1,1.1024999618530273,1.1,4.4,11904800,-0.090909,0.0
GME,2020-06-25,20200625,1.08,1.13,1.08,1.1150000095367432,1.12,4.48,9803200,0.018182,0.0
GME,2020-06-26,20200626,1.12,1.12,1.07,1.087499976158142,1.09,4.36,15204800,-0.026786,0.0
GME,2020-06-29,20200629,1.09,1.13,1.08,1.0950000286102295,1.1,4.4,8524800,0.009174,0.0
GME,2020-06-30,20200630,1.08,1.13,1.05,1.0850000381469727,1.09,4.36,15556000,-0.009091,0.0
GME,2020-07-01,20200701,1.08,1.12,1.08,1.1100000143051147,1.11,4.44,9214800,0.018349,0.0
GME,2020-07-02,20200702,1.12,1.13,1.07,1.0724999904632568,1.07,4.28,7550400,-0.036036,0.0
GME,2020-07-06,20200706,1.08,1.09,1.05,1.059999942779541,1.06,4.24,8563600,-0.009346,0.0
GME,2020-07-07,20200707,1.05,1.06,1.01,1.0225000381469727,1.02,4.08,9826400,-0.037736,0.0
GME,2020-07-08,20200708,1.02,1.07,1.01,1.065000057220459,1.07,4.28,8211200,0.04902,0.0
GME,2020-07-09,20200709,1.07,1.08,1.03,1.0525000095367432,1.05,4.2,7970400,-0.018692,0.0
GME,2020-07-10,20200710,1.05,1.1,1.04,1.0850000381469727,1.09,4.36,5643200,0.038095,0.0
GME,2020-07-13,20200713,1.09,1.14,1.07,1.065000057220459,1.07,4.28,16864800,-0.018349,0.0
GME,2020-07-14,20200714,1.05,1.08,1.02,1.0199999809265137,1.02,4.08,9046400,-0.046729,0.0
GME,2020-07-15,20200715,1.03,1.07,1.03,1.0475000143051147,1.05,4.2,5896400,0.029412,0.0
GME,2020-07-16,20200716,1.05,1.05,1.02,1.0425000190734863,1.04,4.16,5320400,-0.009524,0.0
GME,2020-07-17,20200717,1.04,1.06,0.99,0.9900000095367432,0.99,3.96,12263600,-0.048077,0.0
GME,2020-07-20,20200720,0.99,1.01,0.94,0.9624999761581421,0.96,3.84,13604400,-0.030303,0.0
GME,2020-07-21,20200721,0.98,1.02,0.97,1.002500057220459,1.0,4.0,13351600,0.041667,0.0
GME,2020-07-22,20200722,1.0,1.03,0.98,1.027500033378601,1.03,4.12,10094000,0.03,0.0
GME,2020-07-23,20200723,1.02,1.08,1.01,1.027500033378601,1.03,4.12,12948800,0.0,0.0
GME,2020-07-24,20200724,1.01,1.06,1.0,1.0075000524520874,1.01,4.04,8863600,-0.019417,0.0
GME,2020-07-27,20200727,1.0,1.03,0.99,1.002500057220459,1.0,4.0,9890800,-0.009901,0.0
GME,2020-07-28,20200728,0.99,1.01,0.98,0.9850000143051147,0.99,3.96,18221600,-0.01,0.0
GME,2020-07-29,20200729,0.99,1.04,0.98,1.0149999856948853,1.01,4.04,11518400,0.020202,0.0
GME,2020-07-30,20200730,1.0,1.06,0.99,1.024999976158142,1.02,4.08,9594000,0.009901,0.0
GME,2020-07-31,20200731,1.01,1.04,1.0,1.002500057220459,1.0,4.0,7517600,-0.019608,0.0
GME,2020-08-03,20200803,1.01,1.06,1.0,1.037500023841858,1.04,4.16,10070400,0.04,0.0
GME,2020-08-04,20200804,1.03,1.18,1.03,1.1074999570846558,1.11,4.44,41445600,0.067308,0.0
GME,2020-08-05,20200805,1.12,1.19,1.06,1.1575000286102295,1.16,4.64,19677200,0.045045,0.0
GME,2020-08-06,20200806,1.15,1.16,1.1,1.1074999570846558,1.11,4.44,7604800,-0.043103,0.0
GME,2020-08-07,20200807,1.1,1.1,1.01,1.0399999618530273,1.04,4.16,13364400,-0.063063,0.0
GME,2020-08-10,20200810,1.05,1.14,1.04,1.0824999809265137,1.08,4.32,18247200,0.038462,0.0
GME,2020-08-11,20200811,1.11,1.14,1.09,1.087499976158142,1.09,4.36,12555200,0.009259,0.0
GME,2020-08-12,20200812,1.1,1.16,1.09,1.1299999952316284,1.13,4.52,12230400,0.036697,0.0
GME,2020-08-13,20200813,1.13,1.18,1.12,1.159999966621399,1.16,4.64,8513200,0.026549,0.0
GME,2020-08-14,20200814,1.15,1.21,1.14,1.1875,1.19,4.76,13897600,0.025862,0.0
GME,2020-08-17,20200817,1.2,1.2,1.14,1.1575000286102295,1.16,4.64,9484000,-0.02521,0.0
GME,2020-08-18,20200818,1.15,1.22,1.11,1.2024999856948853,1.2,4.8,15337600,0.034483,0.0
GME,2020-08-19,20200819,1.2,1.21,1.16,1.1799999475479126,1.18,4.72,10450400,-0.016667,0.0
GME,2020-08-20,20200820,1.15,1.17,1.13,1.152500033378601,1.15,4.6,9764800,-0.025424,0.0
GME,2020-08-21,20200821,1.15,1.4,1.15,1.2575000524520874,1.26,5.04,42570400,0.095652,0.0
GME,2020-08-24,20200824,1.27,1.28,1.14,1.2174999713897705,1.22,4.88,18341600,-0.031746,0.0
GME,2020-08-25,20200825,1.22,1.31,1.22,1.2450000047683716,1.25,5.0,11994800,0.02459,0.0
GME,2020-08-26,20200826,1.24,1.3,1.23,1.277500033378601,1.28,5.12,11118800,0.024,0.0
GME,2020-08-27,20200827,1.28,1.35,1.25,1.3125,1.31,5.24,13537600,0.023438,0.0
GME,2020-08-28,20200828,1.33,1.39,1.3,1.347499966621399,1.35,5.4,16947600,0.030534,0.0
GME,2020-08-31,20200831,1.44,1.79,1.42,1.6699999570846558,1.67,6.68,151904000,0.237037,0.0
GME,2020-09-01,20200901,1.83,1.96,1.69,1.912500023841858,1.91,7.64,92634400,0.143713,0.0
GME,2020-09-02,20200902,1.95,2.01,1.78,1.9275000095367432,1.93,7.72,52044400,0.010471,0.0
GME,2020-09-03,20200903,1.97,2.11,1.81,1.9550000429153442,1.96,7.84,57378000,0.015544,0.0
GME,2020-09-04,20200904,1.95,1.98,1.79,1.912500023841858,1.91,7.64,30648000,-0.02551,0.0
GME,2020-09-08,20200908,1.89,2.07,1.87,1.9249999523162842,1.92,7.68,39266400,0.005236,0.0
GME,2020-09-09,20200909,1.99,2.0,1.83,1.837499976158142,1.84,7.36,36272400,-0.041667,0.0
GME,2020-09-10,20200910,1.66,1.74,1.55,1.5575000047683716,1.56,6.24,62233200,-0.152174,0.0
GME,2020-09-11,20200911,1.57,1.58,1.47,1.5225000381469727,1.52,6.08,24244800,-0.025641,0.0
GME,2020-09-14,20200914,1.7,1.75,1.61,1.7274999618530273,1.73,6.92,40476000,0.138158,0.0
GME,2020-09-15,20200915,1.72,1.82,1.67,1.7725000381469727,1.77,7.08,22974000,0.023121,0.0
GME,2020-09-16,20200916,1.76,2.26,1.76,2.1700000762939453,2.17,8.68,77025200,0.225989,0.0
GME,2020-09-17,20200917,2.14,2.44,2.1,2.299999952316284,2.3,9.2,68106800,0.059908,0.0
GME,2020-09-18,20200918,2.3,2.44,2.23,2.367500066757202,2.37,9.48,69630000,0.030435,0.0
GME,2020-09-21,20200921,2.34,2.4,2.1,2.1875,2.19,8.76,30559200,-0.075949,0.0
GME,2020-09-22,20200922,2.61,2.79,2.47,2.640000104904175,2.64,10.56,139010000,0.205479,0.0
GME,2020-09-23,20200923,2.65,2.71,2.48,2.509999990463257,2.51,10.04,42604800,-0.049242,0.0
GME,2020-09-24,20200924,2.43,2.45,2.25,2.2850000858306885,2.29,9.16,31755200,-0.087649,0.0
GME,2020-09-25,20200925,2.3,2.55,2.28,2.505000114440918,2.51,10.04,30060800,0.09607,0.0
GME,2020-09-28,20200928,2.54,2.57,2.39,2.5225000381469727,2.52,10.08,27057200,0.003984,0.0
GME,2020-09-29,20200929,2.5,2.66,2.48,2.5875000953674316,2.59,10.36,20950400,0.027778,0.0
GME,2020-09-30,20200930,2.56,2.69,2.52,2.549999952316284,2.55,10.2,24316000,-0.015444,0.0
GME,2020-10-01,20201001,2.52,2.56,2.42,2.442500114440918,2.44,9.76,18216400,-0.043137,0.0
GME,2020-10-02,20201002,2.35,2.44,2.33,2.3475000858306885,2.35,9.4,17362000,-0.036885,0.0
GME,2020-10-05,20201005,2.36,2.4,2.31,2.365000009536743,2.37,9.48,11220000,0.008511,0.0
GME,2020-10-06,20201006,2.39,2.46,2.28,2.2825000286102295,2.28,9.12,18141600,-0.037975,0.0
GME,2020-10-07,20201007,2.31,2.39,2.29,2.3399999141693115,2.34,9.36,13234400,0.026316,0.0
GME,2020-10-08,20201008,2.38,3.41,2.3,3.372499942779541,3.37,13.48,305814400,0.440171,0.0
GME,2020-10-09,20201009,3.21,3.7,2.97,3.005000114440918,3.01,12.04,308611200,-0.106825,0.0
GME,2020-10-12,20201012,2.91,3.19,2.85,2.950000047683716,2.95,11.8,94622800,-0.019934,0.0
GME,2020-10-13,20201013,2.93,3.11,2.91,2.9700000286102295,2.97,11.88,40718800,0.00678,0.0
GME,2020-10-14,20201014,3.17,3.17,3.01,3.0625,3.06,12.24,43045600,0.030303,0.0
GME,2020-10-15,20201015,3.0,3.78,3.0,3.4574999809265137,3.46,13.84,159579200,0.130719,0.0
GME,2020-10-16,20201016,3.44,3.47,3.27,3.327500104904175,3.33,13.32,46606400,-0.037572,0.0
GME,2020-10-19,20201019,3.36,3.62,3.35,3.4774999618530273,3.48,13.92,52676400,0.045045,0.0
GME,2020-10-20,20201020,3.51,3.54,3.42,3.4649999141693115,3.46,13.84,26416000,-0.005747,0.0
GME,2020-10-21,20201021,3.47,3.61,3.45,3.5250000953674316,3.53,14.12,21447600,0.020231,0.0
GME,2020-10-22,20201022,3.55,3.97,3.55,3.7274999618530273,3.73,14.92,64848800,0.056657,0.0
GME,2020-10-23,20201023,3.76,3.85,3.64,3.75,3.75,15.0,26029200,0.005362,0.0
GME,2020-10-26,20201026,3.73,3.86,3.32,3.362499952316284,3.36,13.44,53505200,-0.104,0.0
GME,2020-10-27,20201027,3.43,3.43,3.09,3.172499895095825,3.17,12.68,28924000,-0.056548,0.0
GME,2020-10-28,20201028,3.07,3.26,2.94,2.9549999237060547,2.95,11.8,25554400,-0.069401,0.0
GME,2020-10-29,20201029,2.97,3.06,2.92,2.932499885559082,2.93,11.72,16663200,-0.00678,0.0
GME,2020-10-30,20201030,2.91,2.91,2.59,2.617500066757202,2.62,10.48,46187600,-0.105802,0.0
GME,2020-11-02,20201102,2.7,2.77,2.62,2.6875,2.69,10.76,20908000,0.026718,0.0
GME,2020-11-03,20201103,2.69,2.96,2.66,2.8924999237060547,2.89,11.56,29818000,0.074349,0.0
GME,2020-11-04,20201104,2.94,2.94,2.65,2.7274999618530273,2.73,10.92,23231600,-0.055363,0.0
GME,2020-11-05,20201105,2.82,2.96,2.77,2.862499952316284,2.86,11.44,18820800,0.047619,0.0
GME,2020-11-06,20201106,2.88,3.04,2.83,2.9649999141693115,2.96,11.84,22072800,0.034965,0.0
GME,2020-11-09,20201109,3.19,3.23,2.81,2.872499942779541,2.87,11.48,24979600,-0.030405,0.0
GME,2020-11-10,20201110,2.88,2.91,2.71,2.7750000953674316,2.78,11.12,15304000,-0.031359,0.0
GME,2020-11-11,20201111,2.88,2.99,2.8,2.9375,2.94,11.76,19530400,0.057554,0.0
GME,2020-11-12,20201112,2.93,2.97,2.74,2.7825000286102295,2.78,11.12,17413200,-0.054422,0.0
GME,2020-11-13,20201113,2.84,2.89,2.75,2.752500057220459,2.75,11.0,14143600,-0.010791,0.0
GME,2020-11-16,20201116,2.79,3.16,2.68,3.015000104904175,3.02,12.08,39099200,0.098182,0.0
GME,2020-11-17,20201117,2.91,2.98,2.81,2.9075000286102295,2.91,11.64,26712800,-0.036424,0.0
GME,2020-11-18,20201118,2.95,3.01,2.89,2.8924999237060547,2.89,11.56,12676800,-0.006873,0.0
GME,2020-11-19,20201119,2.9,3.2,2.86,3.115000009536743,3.12,12.48,47150400,0.079585,0.0
GME,2020-11-20,20201120,3.14,3.37,3.13,3.177500009536743,3.18,12.72,33581600,0.019231,0.0
GME,2020-11-23,20201123,3.22,3.53,3.17,3.4749999046325684,3.47,13.88,38396400,0.091195,0.0
GME,2020-11-24,20201124,3.56,3.57,3.33,3.4175000190734863,3.42,13.68,28732800,-0.014409,0.0
GME,2020-11-25,20201125,3.4,3.81,3.36,3.6875,3.69,14.76,35440400,0.078947,0.0
GME,2020-11-27,20201127,3.82,4.18,3.72,4.019999980926514,4.02,16.08,50016800,0.089431,0.0
GME,2020-11-30,20201130,4.54,4.86,4.14,4.139999866485596,4.14,16.56,127934000,0.029851,0.0
GME,2020-12-01,20201201,4.28,4.35,3.94,3.950000047683716,3.95,15.8,50615600,-0.045894,0.0
GME,2020-12-02,20201202,3.92,4.17,3.85,4.144999980926514,4.14,16.56,31533600,0.048101,0.0
GME,2020-12-03,20201203,4.12,4.16,3.97,4.03000020980835,4.03,16.12,25180000,-0.02657,0.0
GME,2020-12-04,20201204,4.07,4.32,4.07,4.224999904632568,4.22,16.88,35890800,0.047146,0.0
GME,2020-12-07,20201207,4.25,4.38,4.05,4.087500095367432,4.09,16.36,29545200,-0.030806,0.0
GME,2020-12-08,20201208,4.09,4.3,3.98,4.235000133514404,4.24,16.96,64480800,0.036675,0.0
GME,2020-12-09,20201209,3.48,3.68,3.31,3.4149999618530273,3.41,13.64,97431600,-0.195755,0.0
GME,2020-12-10,20201210,3.28,3.6,3.26,3.5299999713897705,3.53,14.12,30235600,0.035191,0.0
GME,2020-12-11,20201211,3.48,3.5,3.26,3.327500104904175,3.33,13.32,29987600,-0.056657,0.0
GME,2020-12-14,20201214,3.34,3.36,3.04,3.180000066757202,3.18,12.72,40028400,-0.045045,0.0
GME,2020-12-15,20201215,3.19,3.51,3.12,3.4625000953674316,3.46,13.84,32759200,0.08805,0.0
GME,2020-12-16,20201216,3.49,3.58,3.39,3.4625000953674316,3.46,13.84,23460400,0.0,0.0
GME,2020-12-17,20201217,3.49,3.74,3.4,3.7074999809265137,3.71,14.84,32779600,0.072254,0.0
GME,2020-12-18,20201218,3.94,4.07,3.8,3.9075000286102295,3.91,15.64,66475200,0.053908,0.0
GME,2020-12-21,20201221,3.95,4.09,3.82,3.882499933242798,3.88,15.52,39504400,-0.007673,0.0
GME,2020-12-22,20201222,4.05,5.01,4.04,4.864999771118164,4.86,19.44,122610800,0.252577,0.0
GME,2020-12-23,20201223,5.04,5.59,4.78,5.142499923706055,5.14,20.56,103321200,0.057613,0.0
GME,2020-12-24,20201224,5.25,5.37,4.99,5.037499904632568,5.04,20.16,25048800,-0.019455,0.0
GME,2020-12-28,20201228,5.33,5.49,5.09,5.247499942779541,5.25,21.0,35863600,0.041667,0.0
GME,2020-12-29,20201229,5.2,5.27,4.64,4.84499979019165,4.84,19.36,36965600,-0.078095,0.0
GME,2020-12-30,20201230,4.84,5.0,4.71,4.815000057220459,4.82,19.28,23737600,-0.004132,0.0
GME,2020-12-31,20201231,4.81,4.95,4.7,4.710000038146973,4.71,18.84,27690800,-0.022822,0.0
GME,2021-01-04,20210104,4.75,4.78,4.29,4.3125,4.31,17.24,40090000,-0.084926,0.0
GME,2021-01-05,20210105,4.34,4.52,4.31,4.34250020980835,4.34,17.36,19846000,0.006961,0.0
GME,2021-01-06,20210106,4.34,4.74,4.33,4.590000152587891,4.59,18.36,24224800,0.057604,0.0
GME,2021-01-07,20210107,4.62,4.86,4.51,4.519999980926514,4.52,18.08,24517200,-0.015251,0.0
GME,2021-01-08,20210108,4.55,4.57,4.27,4.422500133514404,4.42,17.68,25928000,-0.022124,0.0
GME,2021-01-11,20210111,4.85,5.16,4.75,4.985000133514404,4.99,19.96,59632000,0.128959,0.0
GME,2021-01-12,20210112,4.99,5.1,4.83,4.987500190734863,4.99,19.96,28242800,0.0,0.0
GME,2021-01-13,20210113,5.11,9.66,5.01,7.849999904632568,7.85,31.4,578006800,0.573146,0.0
GME,2021-01-14,20210114,9.52,10.77,8.26,9.977499961853027,9.98,39.92,374869600,0.271338,0.0
GME,2021-01-15,20210115,9.62,10.19,8.5,8.875,8.88,35.52,187465600,-0.11022,0.0
GME,2021-01-19,20210119,10.39,11.38,9.16,9.84000015258789,9.84,39.36,298887600,0.108108,0.0
GME,2021-01-20,20210120,9.34,10.3,9.02,9.779999732971191,9.78,39.12,133887200,-0.006098,0.0
GME,2021-01-21,20210121,9.81,11.19,9.25,10.757499694824219,10.76,43.04,224867600,0.100204,0.0
GME,2021-01-22,20210122,10.65,19.19,10.58,16.252500534057617,16.25,65.0,788631600,0.510223,0.0
GME,2021-01-25,20210125,24.18,39.79,15.28,19.197500228881836,19.2,76.8,711496000,0.181538,0.0
GME,2021-01-26,20210126,22.14,37.5,20.05,36.994998931884766,36.99,147.96,714352000,0.926563,0.0
GME,2021-01-27,20210127,88.71,95.0,62.25,86.87750244140625,86.88,347.52,373586800,1.348743,0.0
GME,2021-01-28,20210128,66.25,120.75,28.06,48.400001525878906,48.4,193.6,235263200,-0.44291,0.0
GME,2021-01-29,20210129,94.93,103.5,62.5,81.25,81.25,325.0,202264400,0.678719,0.0
GME,2021-02-01,20210201,79.14,80.5,53.0,56.25,56.25,225.0,149528800,-0.307692,0.0
GME,2021-02-02,20210202,35.19,39.5,18.56,22.5,22.5,90.0,312732400,-0.6,0.0
GME,2021-02-03,20210203,28.0,28.35,21.31,23.102500915527344,23.1,92.4,170794000,0.026667,0.0
GME,2021-02-04,20210204,22.8,22.88,13.33,13.375,13.38,53.52,249709200,-0.420779,0.0
GME,2021-02-05,20210205,13.51,23.75,12.77,15.942500114440918,15.94,63.76,325380000,0.19133,0.0
GME,2021-02-08,20210208,18.1,18.17,14.51,15.0,15.0,60.0,102749200,-0.058971,0.0
GME,2021-02-09,20210209,14.15,14.25,11.63,12.577500343322754,12.58,50.32,107372400,-0.161333,0.0
GME,2021-02-10,20210210,12.69,15.71,11.64,12.800000190734863,12.8,51.2,145820000,0.017488,0.0
GME,2021-02-11,20210211,12.5,13.83,12.06,12.774999618530273,12.77,51.08,52226800,-0.002344,0.0
GME,2021-02-12,20210212,12.69,13.81,12.01,13.100000381469727,13.1,52.4,58293200,0.025842,0.0
GME,2021-02-16,20210216,13.16,13.38,12.26,12.3774995803833,12.38,49.52,32700000,-0.054962,0.0
GME,2021-02-17,20210217,12.44,12.8,11.14,11.484999656677246,11.48,45.92,36747200,-0.072698,0.0
GME,2021-02-18,20210218,12.12,12.22,10.16,10.172499656677246,10.17,40.68,95962400,-0.114111,0.0
GME,2021-02-19,20210219,10.32,10.97,9.62,10.147500038146973,10.15,40.6,59312800,-0.001967,0.0
GME,2021-02-22,20210222,11.67,12.13,10.6,11.5,11.5,46.0,77904000,0.133005,0.0
GME,2021-02-23,20210223,11.24,11.56,10.0,11.242500305175781,11.24,44.96,30260800,-0.022609,0.0
GME,2021-02-24,20210224,11.18,22.93,11.18,22.927499771118164,22.93,91.72,332446800,1.040036,0.0
GME,2021-02-25,20210225,42.39,46.17,25.25,27.1825008392334,27.18,108.72,601235200,0.185347,0.0
GME,2021-02-26,20210226,29.36,35.72,21.5,25.434999465942383,25.43,101.72,368776800,-0.064386,0.0
GME,2021-03-01,20210301,26.14,33.5,24.99,30.100000381469727,30.1,120.4,199176000,0.183641,0.0
GME,2021-03-02,20210302,29.23,33.3,28.05,29.545000076293945,29.55,118.2,135132000,-0.018272,0.0
GME,2021-03-03,20210303,30.63,31.94,28.28,31.045000076293945,31.05,124.2,77095600,0.050761,0.0
GME,2021-03-04,20210304,31.25,36.97,28.83,33.087501525878906,33.09,132.36,130427600,0.0657,0.0
GME,2021-03-05,20210305,32.04,37.88,31.88,34.435001373291016,34.44,137.76,122934800,0.040798,0.0
GME,2021-03-08,20210308,38.72,52.72,36.53,48.625,48.62,194.48,254262400,0.411731,0.0
GME,2021-03-09,20210309,54.43,62.46,52.13,61.724998474121094,61.72,246.88,156397200,0.269436,0.0
GME,2021-03-10,20210310,67.36,87.12,43.0,66.25,66.25,265.0,286282400,0.073396,0.0
GME,2021-03-11,20210311,60.41,70.38,58.15,65.0,65.0,260.0,113250000,-0.018868,0.0
GME,2021-03-12,20210312,68.75,73.88,65.57,66.125,66.12,264.48,103383600,0.017231,0.0
GME,2021-03-15,20210315,69.38,70.75,51.5,55.03499984741211,55.03,220.12,96401600,-0.167725,0.0
GME,2021-03-16,20210316,50.79,55.17,43.09,52.04249954223633,52.04,208.16,141691600,-0.054334,0.0
GME,2021-03-17,20210317,54.46,57.87,51.0,52.45249938964844,52.45,209.8,65926400,0.007879,0.0
GME,2021-03-18,20210318,53.5,54.72,48.91,50.4375,50.44,201.76,47059600,-0.038322,0.0
GME,2021-03-19,20210319,48.93,56.75,45.67,50.067501068115234,50.07,200.28,98709200,-0.007335,0.0
GME,2021-03-22,20210322,51.31,52.59,46.55,48.622501373291016,48.62,194.48,40246000,-0.028959,0.0
GME,2021-03-23,20210323,49.38,50.44,44.39,45.4375,45.44,181.76,57716400,-0.065405,0.0
GME,2021-03-24,20210324,39.49,41.74,29.66,30.084999084472656,30.08,120.32,96711600,-0.338028,0.0
GME,2021-03-25,20210325,30.87,46.88,29.23,45.9375,45.94,183.76,203849200,0.527261,0.0
GME,2021-03-26,20210326,49.42,54.73,40.81,45.25,45.25,181.0,149722800,-0.01502,0.0
GME,2021-03-29,20210329,45.19,48.48,43.38,45.32500076293945,45.33,181.32,40168800,0.001768,0.0
GME,2021-03-30,20210330,46.88,51.08,45.5,48.6150016784668,48.62,194.48,68379600,0.072579,0.0
GME,2021-03-31,20210331,49.38,49.87,46.78,47.45500183105469,47.46,189.84,33575200,-0.023858,0.0
GME,2021-04-01,20210401,48.34,49.24,45.9,47.86249923706055,47.86,191.44,37337200,0.008428,0.0
GME,2021-04-05,20210405,42.75,48.75,41.2,46.73749923706055,46.74,186.96,56282000,-0.023402,0.0
GME,2021-04-06,20210406,46.3,48.0,45.89,46.125,46.12,184.48,24873200,-0.013265,0.0
GME,2021-04-07,20210407,45.81,46.12,44.03,44.49250030517578,44.49,177.96,19073200,-0.035343,0.0
GME,2021-04-08,20210408,46.47,46.47,41.08,42.564998626708984,42.56,170.24,40189600,-0.043381,0.0
GME,2021-04-09,20210409,42.42,42.9,38.25,39.59000015258789,39.59,158.36,37849600,-0.069784,0.0
GME,2021-04-12,20210412,39.53,40.97,33.75,35.272499084472656,35.27,141.08,66734400,-0.109118,0.0
GME,2021-04-13,20210413,35.47,36.35,33.0,35.247501373291016,35.25,141.0,27227600,-0.000567,0.0
GME,2021-04-14,20210414,35.89,43.52,35.75,41.63249969482422,41.63,166.52,84552400,0.180993,0.0
GME,2021-04-15,20210415,40.75,41.56,38.2,39.11000061035156,39.11,156.44,31427200,-0.060533,0.0
GME,2021-04-16,20210416,39.0,40.05,37.81,38.67250061035156,38.67,154.68,20858800,-0.01125,0.0
GME,2021-04-19,20210419,42.95,43.8,40.58,41.092498779296875,41.09,164.36,42080800,0.062581,0.0
GME,2021-04-20,20210420,41.03,41.22,38.34,39.63249969482422,39.63,158.52,18634400,-0.035532,0.0
GME,2021-04-21,20210421,39.6,40.74,38.98,39.627498626708984,39.63,158.52,15251200,0.0,0.0
GME,2021-04-22,20210422,39.78,39.78,36.72,37.79249954223633,37.79,151.16,17383200,-0.046429,0.0
GME,2021-04-23,20210423,37.25,38.42,36.17,37.79499816894531,37.79,151.16,16116400,0.0,0.0
GME,2021-04-26,20210426,37.74,43.67,37.19,42.23249816894531,42.23,168.92,42128400,0.117491,0.0
GME,2021-04-27,20210427,45.89,47.0,43.29,44.442501068115234,44.44,177.76,35730800,0.052332,0.0
GME,2021-04-28,20210428,43.03,45.49,41.51,44.64500045776367,44.65,178.6,23155600,0.004725,0.0
GME,2021-04-29,20210429,44.14,45.22,42.69,44.04750061035156,44.05,176.2,15041200,-0.013438,0.0
GME,2021-04-30,20210430,43.75,45.95,43.17,43.397499084472656,43.4,173.6,17734400,-0.014756,0.0
GME,2021-05-03,20210503,44.37,44.37,39.9,40.54999923706055,40.55,162.2,21044000,-0.065668,0.0
GME,2021-05-04,20210504,39.75,40.37,37.95,40.182498931884766,40.18,160.72,16030000,-0.009125,0.0
GME,2021-05-05,20210505,40.46,41.38,39.58,39.869998931884766,39.87,159.48,11221600,-0.007715,0.0
GME,2021-05-06,20210506,40.22,41.18,38.9,40.252498626708984,40.25,161.0,11771200,0.009531,0.0
GME,2021-05-07,20210507,40.03,41.85,39.38,40.27750015258789,40.28,161.12,11738400,0.000745,0.0
GME,2021-05-10,20210510,40.33,40.4,35.75,35.80500030517578,35.81,143.24,19226800,-0.110973,0.0
GME,2021-05-11,20210511,34.25,37.62,34.12,36.72999954223633,36.73,146.92,18738400,0.025691,0.0
GME,2021-05-12,20210512,36.42,37.62,35.56,36.1974983215332,36.2,144.8,10926000,-0.01443,0.0
GME,2021-05-13,20210513,36.86,42.49,36.61,41.125,41.12,164.48,35494000,0.135912,0.0
GME,2021-05-14,20210514,40.0,41.62,39.06,39.97999954223633,39.98,159.92,17174000,-0.027724,0.0
GME,2021-05-17,20210517,39.96,45.62,39.75,45.150001525878906,45.15,180.6,29848400,0.129315,0.0
GME,2021-05-18,20210518,43.63,47.3,42.07,45.16749954223633,45.17,180.68,30954800,0.000443,0.0
GME,2021-05-19,20210519,43.0,44.74,41.04,42.20750045776367,42.21,168.84,19303600,-0.06553,0.0
GME,2021-05-20,20210520,42.7,43.73,41.72,42.622501373291016,42.62,170.48,9912800,0.009713,0.0
GME,2021-05-21,20210521,42.75,44.81,42.58,44.1974983215332,44.2,176.8,14618800,0.037072,0.0
GME,2021-05-24,20210524,43.96,47.12,43.34,45.002498626708984,45.0,180.0,18657200,0.0181,0.0
GME,2021-05-25,20210525,45.25,54.28,45.25,52.35749816894531,52.36,209.44,59550000,0.163556,0.0
GME,2021-05-26,20210526,57.25,62.12,56.39,60.63999938964844,60.64,242.56,84479600,0.158136,0.0
GME,2021-05-27,20210527,57.45,66.0,56.75,63.532501220703125,63.53,254.12,62105200,0.047658,0.0
GME,2021-05-28,20210528,65.74,67.2,55.36,55.5,55.5,222.0,47005600,-0.126397,0.0
GME,2021-06-01,20210601,58.37,63.74,56.77,62.255001068115234,62.26,249.04,38502400,0.121802,0.0
GME,2021-06-02,20210602,62.22,73.5,61.08,70.55999755859375,70.56,282.24,64076800,0.133312,0.0
GME,2021-06-03,20210603,66.43,68.61,60.53,64.54499816894531,64.54,258.16,32000000,-0.085317,0.0
GME,2021-06-04,20210604,64.0,66.25,61.44,62.09000015258789,62.09,248.36,14550000,-0.037961,0.0
GME,2021-06-07,20210607,64.5,70.5,63.8,70.00250244140625,70.0,280.0,24206000,0.127396,0.0
GME,2021-06-08,20210608,73.0,86.17,70.25,75.0,75.0,300.0,69756400,0.071429,0.0
GME,2021-06-09,20210609,75.78,82.0,72.88,75.63999938964844,75.64,302.56,53717200,0.008533,0.0
GME,2021-06-10,20210610,70.5,72.0,52.75,55.09749984741211,55.1,220.4,91920800,-0.271549,0.0
GME,2021-06-11,20210611,55.59,60.28,51.53,58.334999084472656,58.33,233.32,62323200,0.058621,0.0
GME,2021-06-14,20210614,59.12,59.5,54.8,57.36000061035156,57.36,229.44,28530400,-0.01663,0.0
GME,2021-06-15,20210615,56.59,57.31,52.0,55.625,55.62,222.48,29207600,-0.030335,0.0
GME,2021-06-16,20210616,53.81,57.18,52.25,55.74250030517578,55.74,222.96,22259200,0.002157,0.0
GME,2021-06-17,20210617,56.0,58.42,55.37,55.897499084472656,55.9,223.6,18434400,0.00287,0.0
GME,2021-06-18,20210618,55.04,55.87,53.25,53.45500183105469,53.46,213.84,17281200,-0.043649,0.0
GME,2021-06-21,20210621,54.24,54.6,49.25,50.092498779296875,50.09,200.36,20480800,-0.063038,0.0
GME,2021-06-22,20210622,54.43,56.47,52.29,55.099998474121094,55.1,220.4,32800800,0.10002,0.0
GME,2021-06-23,20210623,55.36,55.64,53.53,54.834999084472656,54.83,219.32,14220400,-0.0049,0.0
GME,2021-06-24,20210624,55.29,56.86,52.9,53.07749938964844,53.08,212.32,15453200,-0.031917,0.0
GME,2021-06-25,20210625,53.5,53.55,49.62,52.377498626708984,52.38,209.52,50770800,-0.013188,0.0
GME,2021-06-28,20210628,52.81,56.11,52.55,53.3125,53.31,213.24,19517600,0.017755,0.0
GME,2021-06-29,20210629,53.4,53.81,52.0,52.720001220703125,52.72,210.88,9920000,-0.011067,0.0
GME,2021-06-30,20210630,52.42,53.82,51.74,53.53499984741211,53.53,214.12,10158400,0.015364,0.0
GME,2021-07-01,20210701,53.35,54.21,50.5,51.09000015258789,51.09,204.36,10968400,-0.045582,0.0
GME,2021-07-02,20210702,51.2,51.36,49.12,50.70750045776367,50.71,202.84,10396400,-0.007438,0.0
GME,2021-07-06,20210706,51.0,51.19,48.43,49.88999938964844,49.89,199.56,11072400,-0.01617,0.0
GME,2021-07-07,20210707,49.0,49.38,44.39,47.665000915527344,47.67,190.68,16958000,-0.044498,0.0
GME,2021-07-08,20210708,44.96,48.56,44.88,47.845001220703125,47.85,191.4,11430000,0.003776,0.0
GME,2021-07-09,20210709,47.72,48.69,46.69,47.807498931884766,47.81,191.24,6331600,-0.000836,0.0
GME,2021-07-12,20210712,47.85,49.44,46.85,47.3125,47.31,189.24,6545200,-0.010458,0.0
GME,2021-07-13,20210713,46.92,47.2,44.75,45.01499938964844,45.01,180.04,9591600,-0.048616,0.0
GME,2021-07-14,20210714,45.12,45.6,41.27,41.904998779296875,41.9,167.6,15655200,-0.069096,0.0
GME,2021-07-15,20210715,40.0,43.0,39.5,41.70500183105469,41.71,166.84,17194400,-0.004535,0.0
GME,2021-07-16,20210716,42.54,44.87,41.58,42.2599983215332,42.26,169.04,13151600,0.013186,0.0
GME,2021-07-19,20210719,40.83,44.0,40.31,43.372501373291016,43.37,173.48,9747600,0.026266,0.0
GME,2021-07-20,20210720,43.47,48.41,43.1,47.79499816894531,47.79,191.16,12404400,0.101914,0.0
GME,2021-07-21,20210721,46.95,48.88,45.53,46.45249938964844,46.45,185.8,8916800,-0.028039,0.0
GME,2021-07-22,20210722,46.33,46.92,44.04,44.712501525878906,44.71,178.84,5652000,-0.03746,0.0
GME,2021-07-23,20210723,45.25,45.4,43.46,45.09000015258789,45.09,180.36,5264800,0.008499,0.0
GME,2021-07-26,20210726,45.09,46.51,44.69,45.98500061035156,45.99,183.96,5042400,0.01996,0.0
GME,2021-07-27,20210727,45.75,46.25,44.17,44.6349983215332,44.63,178.52,4859200,-0.029572,0.0
GME,2021-07-28,20210728,43.93,44.28,41.07,42.279998779296875,42.28,169.12,16403200,-0.052655,0.0
GME,2021-07-29,20210729,42.65,43.47,41.13,41.21500015258789,41.22,164.88,8960000,-0.025071,0.0
GME,2021-07-30,20210730,41.25,41.81,39.72,40.279998779296875,40.28,161.12,9508400,-0.022804,0.0
GME,2021-08-02,20210802,40.5,40.9,38.76,39.412498474121094,39.41,157.64,10131600,-0.021599,0.0
GME,2021-08-03,20210803,39.19,39.72,37.05,38.1875,38.19,152.76,57802400,-0.030957,0.0
GME,2021-08-04,20210804,38.18,39.45,36.42,36.70000076293945,36.7,146.8,9574000,-0.039015,0.0
GME,2021-08-05,20210805,37.0,39.4,36.31,38.36000061035156,38.36,153.44,9648400,0.045232,0.0
GME,2021-08-06,20210806,38.65,39.12,37.58,37.942501068115234,37.94,151.76,5410800,-0.010949,0.0
GME,2021-08-09,20210809,37.95,41.18,37.67,40.282501220703125,40.28,161.12,8996800,0.061676,0.0
GME,2021-08-10,20210810,40.34,41.72,38.84,39.76250076293945,39.76,159.04,6493200,-0.01291,0.0
GME,2021-08-11,20210811,39.61,39.76,38.65,39.69499969482422,39.69,158.76,3781600,-0.001761,0.0
GME,2021-08-12,20210812,39.97,41.07,39.33,40.587501525878906,40.59,162.36,5271200,0.022676,0.0
GME,2021-08-13,20210813,40.12,40.89,39.35,40.630001068115234,40.63,162.52,4059200,0.000985,0.0
GME,2021-08-16,20210816,40.25,42.47,39.79,40.98249816894531,40.98,163.92,6290400,0.008614,0.0
GME,2021-08-17,20210817,40.3,42.37,40.28,40.88750076293945,40.89,163.56,4863600,-0.002196,0.0
GME,2021-08-18,20210818,40.81,41.4,39.19,39.26250076293945,39.26,157.04,5647200,-0.039863,0.0
GME,2021-08-19,20210819,39.19,39.5,37.69,38.224998474121094,38.22,152.88,4786000,-0.02649,0.0
GME,2021-08-20,20210820,38.45,40.02,38.31,39.82500076293945,39.83,159.32,4619600,0.042125,0.0
GME,2021-08-23,20210823,40.6,41.82,39.89,41.22249984741211,41.22,164.88,5372000,0.034898,0.0
GME,2021-08-24,20210824,41.57,56.25,41.29,52.5724983215332,52.57,210.28,58608800,0.275352,0.0
GME,2021-08-25,20210825,51.66,56.75,48.25,49.912498474121094,49.91,199.64,51444400,-0.050599,0.0
GME,2021-08-26,20210826,50.17,54.25,49.75,51.30500030517578,51.31,205.24,24954400,0.02805,0.0
GME,2021-08-27,20210827,51.92,53.25,50.01,51.23749923706055,51.24,204.96,12923200,-0.001364,0.0
GME,2021-08-30,20210830,51.25,54.55,50.76,52.29999923706055,52.3,209.2,13238400,0.020687,0.0
GME,2021-08-31,20210831,53.17,55.58,52.87,54.560001373291016,54.56,218.24,14298800,0.043212,0.0
GME,2021-09-01,20210901,56.0,57.86,52.01,53.24250030517578,53.24,212.96,17815200,-0.024194,0.0
GME,2021-09-02,20210902,53.47,53.7,51.58,53.380001068115234,53.38,213.52,7408000,0.00263,0.0
GME,2021-09-03,20210903,53.01,54.07,49.71,50.6875,50.69,202.76,10634400,-0.050393,0.0
GME,2021-09-07,20210907,51.56,52.47,49.03,49.75,49.75,199.0,9985200,-0.018544,0.0
GME,2021-09-08,20210908,50.47,51.72,47.67,49.70000076293945,49.7,198.8,20694400,-0.001005,0.0
GME,2021-09-09,20210909,45.02,50.5,44.5,49.79499816894531,49.79,199.16,30046000,0.001811,0.0
GME,2021-09-10,20210910,49.6,50.54,47.5,47.602500915527344,47.6,190.4,12170400,-0.043985,0.0
GME,2021-09-13,20210913,48.44,52.22,47.88,50.849998474121094,50.85,203.4,17336400,0.068277,0.0
GME,2021-09-14,20210914,50.16,51.15,48.75,49.810001373291016,49.81,199.24,8566400,-0.020452,0.0
GME,2021-09-15,20210915,49.25,51.22,48.44,51.130001068115234,51.13,204.52,9241600,0.026501,0.0
GME,2021-09-16,20210916,50.58,54.14,50.29,51.592498779296875,51.59,206.36,12232800,0.008997,0.0
GME,2021-09-17,20210917,52.01,53.12,50.19,51.24250030517578,51.24,204.96,15783600,-0.006784,0.0
GME,2021-09-20,20210920,50.0,50.71,46.14,48.04999923706055,48.05,192.2,15767200,-0.062256,0.0
GME,2021-09-21,20210921,49.84,49.84,46.5,47.48749923706055,47.49,189.96,10535200,-0.011655,0.0
GME,2021-09-22,20210922,47.41,48.38,46.57,47.53499984741211,47.53,190.12,9026400,0.000842,0.0
GME,2021-09-23,20210923,48.08,48.94,47.65,47.810001373291016,47.81,191.24,6729200,0.005891,0.0
GME,2021-09-24,20210924,47.75,47.93,46.03,46.290000915527344,46.29,185.16,6743200,-0.031793,0.0
GME,2021-09-27,20210927,46.48,48.01,46.47,47.369998931884766,47.37,189.48,5880400,0.023331,0.0
GME,2021-09-28,20210928,47.0,47.7,44.5,44.650001525878906,44.65,178.6,7082000,-0.05742,0.0
GME,2021-09-29,20210929,45.02,46.12,43.65,43.97999954223633,43.98,175.92,7599600,-0.015006,0.0
GME,2021-09-30,20210930,43.75,46.36,41.7,43.86750030517578,43.87,175.48,12682800,-0.002501,0.0
GME,2021-10-01,20211001,44.85,44.87,43.06,44.227500915527344,44.23,176.92,6204400,0.008206,0.0
GME,2021-10-04,20211004,43.99,44.24,42.69,42.84000015258789,42.84,171.36,4782800,-0.031427,0.0
GME,2021-10-05,20211005,42.8,43.29,41.67,43.04499816894531,43.04,172.16,5263600,0.004669,0.0
GME,2021-10-06,20211006,42.51,43.24,41.45,42.76750183105469,42.77,171.08,4801200,-0.006273,0.0
GME,2021-10-07,20211007,43.0,43.8,42.63,43.029998779296875,43.03,172.12,4637200,0.006079,0.0
GME,2021-10-08,20211008,43.12,43.93,42.78,43.16999816894531,43.17,172.68,3272800,0.003254,0.0
GME,2021-10-11,20211011,43.25,47.12,43.25,44.525001525878906,44.53,178.12,10739600,0.031503,0.0
GME,2021-10-12,20211012,45.12,45.44,43.45,43.95500183105469,43.96,175.84,4934800,-0.0128,0.0
GME,2021-10-13,20211013,44.58,47.05,44.0,46.01499938964844,46.01,184.04,7711600,0.046633,0.0
GME,2021-10-14,20211014,45.94,47.55,45.65,45.95750045776367,45.96,183.84,6695600,-0.001087,0.0
GME,2021-10-15,20211015,46.0,46.74,45.22,45.81999969482422,45.82,183.28,4800000,-0.003046,0.0
GME,2021-10-18,20211018,45.74,47.47,45.64,46.505001068115234,46.51,186.04,6358400,0.015059,0.0
GME,2021-10-19,20211019,47.25,48.04,46.1,46.6974983215332,46.7,186.8,8282400,0.004085,0.0
GME,2021-10-20,20211020,46.58,47.0,45.49,46.130001068115234,46.13,184.52,9107600,-0.012206,0.0
GME,2021-10-21,20211021,46.18,47.67,45.15,45.4275016784668,45.43,181.72,9609600,-0.015175,0.0
GME,2021-10-22,20211022,44.53,44.87,41.95,42.45000076293945,42.45,169.8,11201600,-0.065595,0.0
GME,2021-10-25,20211025,42.35,43.7,41.81,43.49250030517578,43.49,173.96,5771200,0.024499,0.0
GME,2021-10-26,20211026,43.34,46.25,43.12,44.459999084472656,44.46,177.84,8706800,0.022304,0.0
GME,2021-10-27,20211027,45.0,45.77,43.08,43.377498626708984,43.38,173.52,4428000,-0.024291,0.0
GME,2021-10-28,20211028,43.79,45.78,43.75,45.712501525878906,45.71,182.84,6784800,0.053711,0.0
GME,2021-10-29,20211029,45.7,46.44,44.5,45.877498626708984,45.88,183.52,9176000,0.003719,0.0
GME,2021-11-01,20211101,45.63,52.14,45.51,50.022499084472656,50.02,200.08,19776800,0.090235,0.0
GME,2021-11-02,20211102,49.84,52.99,47.92,51.747501373291016,51.75,207.0,15529200,0.034586,0.0
GME,2021-11-03,20211103,53.5,63.92,52.06,54.58250045776367,54.58,218.32,45062400,0.054686,0.0
GME,2021-11-04,20211104,55.5,57.24,52.89,54.459999084472656,54.46,217.84,11632000,-0.002199,0.0
GME,2021-11-05,20211105,55.16,55.25,52.25,53.3125,53.31,213.24,7242800,-0.021116,0.0
GME,2021-11-08,20211108,53.12,56.26,53.0,54.65999984741211,54.66,218.64,8631600,0.025324,0.0
GME,2021-11-09,20211109,55.5,55.87,51.11,51.650001525878906,51.65,206.6,7381200,-0.055068,0.0
GME,2021-11-10,20211110,50.53,51.85,49.12,49.79750061035156,49.8,199.2,5237600,-0.035818,0.0
GME,2021-11-11,20211111,50.0,52.02,49.54,51.08000183105469,51.08,204.32,4317600,0.025703,0.0
GME,2021-11-12,20211112,50.53,51.34,49.47,50.525001525878906,50.53,202.12,3712000,-0.010767,0.0
GME,2021-11-15,20211115,50.97,52.88,50.42,52.28499984741211,52.28,209.12,5865600,0.034633,0.0
GME,2021-11-16,20211116,52.26,53.14,50.91,51.79499816894531,51.79,207.16,4858400,-0.009373,0.0
GME,2021-11-17,20211117,51.58,54.42,51.5,52.5,52.5,210.0,5410800,0.013709,0.0
GME,2021-11-18,20211118,52.56,53.78,51.88,52.529998779296875,52.53,210.12,4017600,0.000571,0.0
GME,2021-11-19,20211119,52.28,57.35,52.06,57.20000076293945,57.2,228.8,12136800,0.088902,0.0
GME,2021-11-22,20211122,57.62,62.41,57.44,61.88750076293945,61.89,247.56,17485600,0.081993,0.0
GME,2021-11-23,20211123,60.96,63.05,53.14,53.474998474121094,53.47,213.88,13380800,-0.136048,0.0
GME,2021-11-24,20211124,54.31,56.0,52.0,52.94499969482422,52.94,211.76,5237600,-0.009912,0.0
GME,2021-11-26,20211126,52.02,52.93,49.8,49.93000030517578,49.93,199.72,4941200,-0.056857,0.0
GME,2021-11-29,20211129,51.0,51.98,50.24,50.502498626708984,50.5,202.0,4435200,0.011416,0.0
GME,2021-11-30,20211130,50.03,50.99,47.0,49.0525016784668,49.05,196.2,6895600,-0.028713,0.0
GME,2021-12-01,20211201,49.85,50.03,44.25,44.959999084472656,44.96,179.84,9406000,-0.083384,0.0
GME,2021-12-02,20211202,46.25,46.86,43.27,45.38999938964844,45.39,181.56,8348400,0.009564,0.0
GME,2021-12-03,20211203,45.25,45.98,39.76,43.09749984741211,43.1,172.4,16386800,-0.050452,0.0
GME,2021-12-06,20211206,41.5,43.33,40.8,41.779998779296875,41.78,167.12,8914400,-0.030626,0.0
GME,2021-12-07,20211207,43.79,45.49,42.63,44.45249938964844,44.45,177.8,7889600,0.063906,0.0
GME,2021-12-08,20211208,44.15,45.06,42.99,43.412498474121094,43.41,173.64,10444800,-0.023397,0.0
GME,2021-12-09,20211209,41.75,43.17,37.75,38.939998626708984,38.94,155.76,20337200,-0.102972,0.0
GME,2021-12-10,20211210,39.96,40.58,37.0,39.752498626708984,39.75,159.0,18107600,0.020801,0.0
GME,2021-12-13,20211213,40.08,40.22,33.77,34.220001220703125,34.22,136.88,21944800,-0.139119,0.0
GME,2021-12-14,20211214,32.75,37.59,32.38,36.92250061035156,36.92,147.68,26048400,0.078901,0.0
GME,2021-12-15,20211215,36.87,38.0,35.28,37.147499084472656,37.15,148.6,11064000,0.00623,0.0
GME,2021-12-16,20211216,38.23,38.61,35.53,36.147499084472656,36.15,144.6,8659200,-0.026918,0.0
GME,2021-12-17,20211217,35.94,39.64,34.83,38.90999984741211,38.91,155.64,17226800,0.076349,0.0
GME,2021-12-20,20211220,38.3,39.92,37.42,39.28499984741211,39.28,157.12,7314400,0.009509,0.0
GME,2021-12-21,20211221,39.26,40.06,38.78,39.529998779296875,39.53,158.12,5720800,0.006365,0.0
GME,2021-12-22,20211222,39.58,39.79,38.03,38.5,38.5,154.0,4188800,-0.026056,0.0
GME,2021-12-23,20211223,38.5,38.75,36.51,38.03499984741211,38.03,152.12,4222000,-0.012208,0.0
GME,2021-12-27,20211227,38.0,38.15,35.0,37.07749938964844,37.08,148.32,6454400,-0.02498,0.0
GME,2021-12-28,20211228,36.88,39.35,36.6,36.6150016784668,36.62,146.48,5324400,-0.012406,0.0
GME,2021-12-29,20211229,36.96,38.87,35.53,38.48249816894531,38.48,153.92,8149600,0.050792,0.0
GME,2021-12-30,20211230,37.75,40.0,37.5,38.83250045776367,38.83,155.32,6247600,0.009096,0.0
GME,2021-12-31,20211231,38.4,39.18,37.03,37.09749984741211,37.1,148.4,5576000,-0.044553,0.0
GME,2022-01-03,20220103,37.31,39.85,37.3,38.209999084472656,38.21,152.84,5654800,0.029919,0.0
GME,2022-01-04,20220104,38.04,38.25,35.76,37.227500915527344,37.23,148.92,7339600,-0.025648,0.0
GME,2022-01-05,20220105,37.1,37.21,32.29,32.342498779296875,32.34,129.36,13585600,-0.131346,0.0
GME,2022-01-06,20220106,33.21,34.42,30.28,32.75749969482422,32.76,131.04,24206000,0.012987,0.0
GME,2022-01-07,20220107,39.94,40.08,33.12,35.154998779296875,35.15,140.6,48549200,0.072955,0.0
GME,2022-01-10,20220110,33.75,33.92,30.0,32.787498474121094,32.79,131.16,22048000,-0.067141,0.0
GME,2022-01-11,20220111,32.53,34.2,31.85,32.57500076293945,32.58,130.32,10332400,-0.006404,0.0
GME,2022-01-12,20220112,32.5,32.83,31.61,32.01499938964844,32.01,128.04,6298000,-0.017495,0.0
GME,2022-01-13,20220113,32.12,32.62,30.42,30.6200008392334,30.62,122.48,8901200,-0.043424,0.0
GME,2022-01-14,20220114,30.04,30.58,28.0,29.162500381469727,29.16,116.64,15402000,-0.047681,0.0
GME,2022-01-18,20220118,28.28,28.44,26.1,27.227500915527344,27.23,108.92,15022400,-0.066187,0.0
GME,2022-01-19,20220119,27.5,28.26,26.1,26.642499923706055,26.64,106.56,9614400,-0.021667,0.0
GME,2022-01-20,20220120,26.98,28.8,25.4,25.667499542236328,25.67,102.68,11680400,-0.036411,0.0
GME,2022-01-21,20220121,25.25,27.55,23.18,26.59000015258789,26.59,106.36,22120000,0.03584,0.0
GME,2022-01-24,20220124,24.75,25.72,21.57,25.037500381469727,25.04,100.16,25039600,-0.058293,0.0
GME,2022-01-25,20220125,24.23,26.24,23.75,24.947500228881836,24.95,99.8,14297200,-0.003594,0.0
GME,2022-01-26,20220126,25.27,29.75,25.08,25.815000534057617,25.82,103.28,33330000,0.03487,0.0
GME,2022-01-27,20220127,26.03,26.75,23.22,23.3799991607666,23.38,93.52,14644400,-0.0945,0.0
GME,2022-01-28,20220128,23.85,24.5,21.9,24.477500915527344,24.48,97.92,16430400,0.047049,0.0
GME,2022-01-31,20220131,24.47,27.45,24.47,27.232500076293945,27.23,108.92,13997200,0.112337,0.0
GME,2022-02-01,20220201,28.25,29.16,27.07,28.149999618530273,28.15,112.6,13847600,0.033786,0.0
GME,2022-02-02,20220202,27.59,27.97,24.51,25.010000228881836,25.01,100.04,13116400,-0.111545,0.0
GME,2022-02-03,20220203,25.38,26.74,24.43,24.8075008392334,24.81,99.24,10710000,-0.007997,0.0
GME,2022-02-04,20220204,24.75,26.0,23.77,25.584999084472656,25.58,102.32,7627200,0.031036,0.0
GME,2022-02-07,20220207,25.75,26.34,24.69,25.584999084472656,25.58,102.32,7037600,0.0,0.0
GME,2022-02-08,20220208,25.44,29.42,25.14,28.899999618530273,28.9,115.6,19839600,0.129789,0.0
GME,2022-02-09,20220209,28.52,31.18,28.25,31.072500228881836,31.07,124.28,15467600,0.075087,0.0
GME,2022-02-10,20220210,29.49,32.94,29.0,30.61750030517578,30.62,122.48,14826000,-0.014483,0.0
GME,2022-02-11,20220211,30.62,32.47,30.19,31.0625,31.06,124.24,11299200,0.01437,0.0
GME,2022-02-14,20220214,30.73,31.38,29.04,29.272499084472656,29.27,117.08,9102800,-0.05763,0.0
GME,2022-02-15,20220215,30.24,31.81,29.82,31.540000915527344,31.54,126.16,7911600,0.077554,0.0
GME,2022-02-16,20220216,31.11,33.21,30.98,32.08250045776367,32.08,128.32,8007600,0.017121,0.0
GME,2022-02-17,20220217,31.69,32.71,30.56,30.852500915527344,30.85,123.4,6256400,-0.038342,0.0
GME,2022-02-18,20220218,31.05,31.41,29.53,30.38249969482422,30.38,121.52,6214000,-0.015235,0.0
GME,2022-02-22,20220222,29.55,30.83,28.55,29.514999389648438,29.51,118.04,6156400,-0.028637,0.0
GME,2022-02-23,20220223,30.31,30.84,28.57,28.717500686645508,28.72,114.88,5393200,-0.026771,0.0
GME,2022-02-24,20220224,26.38,31.43,26.03,31.145000457763672,31.15,124.6,9024800,0.08461,0.0
GME,2022-02-25,20220225,30.89,31.24,29.12,29.645000457763672,29.65,118.6,6841200,-0.048154,0.0
GME,2022-02-28,20220228,30.25,31.57,29.22,30.834999084472656,30.83,123.32,6458000,0.039798,0.0
GME,2022-03-01,20220301,30.55,31.47,29.59,29.7549991607666,29.75,119.0,4384000,-0.035031,0.0
GME,2022-03-02,20220302,29.88,30.67,29.09,30.49250030517578,30.49,121.96,5242800,0.024874,0.0
GME,2022-03-03,20220303,30.74,30.93,29.31,29.602500915527344,29.6,118.4,4382400,-0.02919,0.0
GME,2022-03-04,20220304,29.5,30.13,27.65,27.915000915527344,27.92,111.68,5911200,-0.056757,0.0
GME,2022-03-07,20220307,28.75,28.75,24.02,24.837499618530273,24.84,99.36,12591600,-0.110315,0.0
GME,2022-03-08,20220308,25.26,27.25,24.27,25.752500534057617,25.75,103.0,8536000,0.036634,0.0
GME,2022-03-09,20220309,26.75,27.22,25.88,26.302499771118164,26.3,105.2,5598400,0.021359,0.0
GME,2022-03-10,20220310,25.98,26.01,24.56,25.139999389648438,25.14,100.56,5582000,-0.044106,0.0
GME,2022-03-11,20220311,25.67,25.73,23.17,23.172500610351562,23.17,92.68,8822000,-0.078361,0.0
GME,2022-03-14,20220314,23.36,23.58,19.4,19.52750015258789,19.53,78.12,18134400,-0.1571,0.0
GME,2022-03-15,20220315,20.52,21.89,19.67,20.65999984741211,20.66,82.64,14115200,0.05786,0.0
GME,2022-03-16,20220316,21.28,22.5,20.5,21.71500015258789,21.72,86.88,10615600,0.051307,0.0
GME,2022-03-17,20220317,21.27,22.4,20.86,21.924999237060547,21.92,87.68,13796400,0.009208,0.0
GME,2022-03-18,20220318,19.93,24.36,19.73,22.697500228881836,22.7,90.8,35688400,0.035584,0.0
GME,2022-03-21,20220321,22.5,24.85,22.44,23.549999237060547,23.55,94.2,15812400,0.037445,0.0
GME,2022-03-22,20220322,23.85,31.45,23.61,30.78499984741211,30.78,123.12,60068800,0.307006,0.0
GME,2022-03-23,20220323,32.5,37.73,31.64,35.25,35.25,141.0,98399200,0.145224,0.0
GME,2022-03-24,20220324,33.5,35.87,31.69,35.59749984741211,35.6,142.4,36400800,0.009929,0.0
GME,2022-03-25,20220325,35.01,39.54,34.55,37.98749923706055,37.99,151.96,53535600,0.067135,0.0
GME,2022-03-28,20220328,37.99,47.71,37.88,47.397499084472656,47.4,189.6,65266000,0.247697,0.0
GME,2022-03-29,20220329,47.06,49.85,40.75,44.974998474121094,44.97,179.88,72046000,-0.051266,0.0
GME,2022-03-30,20220330,43.75,45.83,41.25,41.712501525878906,41.71,166.84,36676800,-0.072493,0.0
GME,2022-03-31,20220331,40.78,43.94,39.63,41.64500045776367,41.65,166.6,44968800,-0.001439,0.0
GME,2022-04-01,20220401,47.22,47.44,38.81,41.25,41.25,165.0,52758400,-0.009604,0.0
GME,2022-04-04,20220404,41.74,43.31,39.13,42.682498931884766,42.68,170.72,18519200,0.034667,0.0
GME,2022-04-05,20220405,42.0,42.11,38.0,38.397499084472656,38.4,153.6,15825200,-0.100281,0.0
GME,2022-04-06,20220406,37.75,39.82,37.42,39.15999984741211,39.16,156.64,16268000,0.019792,0.0
GME,2022-04-07,20220407,38.53,39.17,35.39,37.5,37.5,150.0,15311200,-0.04239,0.0
GME,2022-04-08,20220408,37.27,37.68,35.51,36.54750061035156,36.55,146.2,10371600,-0.025333,0.0
GME,2022-04-11,20220411,35.76,37.06,35.15,36.73249816894531,36.73,146.92,9812000,0.004925,0.0
GME,2022-04-12,20220412,36.62,38.06,35.42,36.217498779296875,36.22,144.88,7996400,-0.013885,0.0
GME,2022-04-13,20220413,36.03,38.03,35.51,37.67499923706055,37.67,150.68,8032800,0.040033,0.0
GME,2022-04-14,20220414,37.32,39.12,36.81,37.692501068115234,37.69,150.76,10002400,0.000531,0.0
GME,2022-04-18,20220418,37.5,37.81,34.31,35.3650016784668,35.37,141.48,9871200,-0.061555,0.0
GME,2022-04-19,20220419,35.71,38.24,34.97,38.11750030517578,38.12,152.48,9416800,0.07775,0.0
GME,2022-04-20,20220420,38.0,38.08,36.66,37.212501525878906,37.21,148.84,4648000,-0.023872,0.0
GME,2022-04-21,20220421,37.5,38.28,34.98,35.38999938964844,35.39,141.56,6737600,-0.048912,0.0
GME,2022-04-22,20220422,35.64,36.58,33.89,34.55500030517578,34.56,138.24,6278400,-0.023453,0.0
GME,2022-04-25,20220425,33.85,34.93,33.32,33.98749923706055,33.99,135.96,6139200,-0.016493,0.0
GME,2022-04-26,20220426,33.91,34.2,31.54,31.899999618530273,31.9,127.6,6182800,-0.061489,0.0
GME,2022-04-27,20220427,31.82,33.17,31.15,32.459999084472656,32.46,129.84,5223600,0.017555,0.0
GME,2022-04-28,20220428,32.57,33.15,30.12,32.32749938964844,32.33,129.32,7070000,-0.004005,0.0
GME,2022-04-29,20220429,31.83,32.72,30.75,31.267499923706055,31.27,125.08,5143600,-0.032787,0.0
GME,2022-05-02,20220502,30.91,31.35,28.17,29.892499923706055,29.89,119.56,10172000,-0.044132,0.0
GME,2022-05-03,20220503,29.62,31.11,28.6,30.107500076293945,30.11,120.44,7312800,0.00736,0.0
GME,2022-05-04,20220504,29.8,31.94,28.93,31.770000457763672,31.77,127.08,6651200,0.055131,0.0
GME,2022-05-05,20220505,30.99,31.17,28.78,29.782499313354492,29.78,119.12,7015600,-0.062638,0.0
GME,2022-05-06,20220506,29.32,30.14,27.56,28.674999237060547,28.67,114.68,7161600,-0.037273,0.0
GME,2022-05-09,20220509,27.69,27.69,24.52,24.697500228881836,24.7,98.8,13264800,-0.138472,0.0
GME,2022-05-10,20220510,25.75,26.51,22.0,23.375,23.38,93.52,16603200,-0.053441,0.0
GME,2022-05-11,20220511,23.37,23.82,20.0,20.332500457763672,20.33,81.32,16681200,-0.130453,0.0
GME,2022-05-12,20220512,20.76,27.01,19.44,22.392499923706055,22.39,89.56,40139600,0.101328,0.0
GME,2022-05-13,20220513,24.75,26.69,23.76,24.59749984741211,24.6,98.4,23930800,0.098705,0.0
GME,2022-05-16,20220516,24.7,24.8,22.69,22.950000762939453,22.95,91.8,11582000,-0.067073,0.0
GME,2022-05-17,20220517,23.48,25.09,22.8,25.094999313354492,25.09,100.36,10444800,0.093246,0.0
GME,2022-05-18,20220518,24.09,24.96,22.54,22.8700008392334,22.87,91.48,11560000,-0.088481,0.0
GME,2022-05-19,20220519,22.81,25.5,22.54,24.797500610351562,24.8,99.2,12720400,0.08439,0.0
GME,2022-05-20,20220520,24.95,25.6,22.44,23.915000915527344,23.92,95.68,9972000,-0.035484,0.0
GME,2022-05-23,20220523,24.14,24.32,22.88,24.032499313354492,24.03,96.12,6994000,0.004599,0.0
GME,2022-05-24,20220524,23.51,23.55,21.67,22.287500381469727,22.29,89.16,8879600,-0.072409,0.0
GME,2022-05-25,20220525,22.53,28.87,22.53,28.792499542236328,28.79,115.16,40060000,0.291611,0.0
GME,2022-05-26,20220526,29.0,37.12,28.67,32.1150016784668,32.12,128.48,57892400,0.115665,0.0
GME,2022-05-27,20220527,35.25,35.92,31.75,34.3025016784668,34.3,137.2,30045200,0.06787,0.0
GME,2022-05-31,20220531,34.3,34.98,30.13,31.184999465942383,31.18,124.72,19084400,-0.090962,0.0
GME,2022-06-01,20220601,30.7,32.4,29.25,30.350000381469727,30.35,121.4,14991600,-0.02662,0.0
GME,2022-06-02,20220602,29.75,34.12,28.89,33.5,33.5,134.0,27918800,0.103789,0.0
GME,2022-06-03,20220603,32.5,34.53,31.06,33.42499923706055,33.42,133.68,18234400,-0.002388,0.0
GME,2022-06-06,20220606,33.83,34.03,31.76,32.025001525878906,32.03,128.12,9532800,-0.041592,0.0
GME,2022-06-07,20220607,32.5,37.47,31.58,36.625,36.62,146.48,24967600,0.143303,0.0
GME,2022-06-08,20220608,35.35,38.25,33.96,34.682498931884766,34.68,138.72,24473600,-0.052977,0.0
GME,2022-06-09,20220609,34.7,34.97,31.83,32.244998931884766,32.24,128.96,13114400,-0.070358,0.0
GME,2022-06-10,20220610,31.5,32.98,30.78,32.272499084472656,32.27,129.08,11820000,0.000931,0.0
GME,2022-06-13,20220613,30.13,31.14,28.58,29.5625,29.56,118.24,13792800,-0.083979,0.0
GME,2022-06-14,20220614,29.39,32.0,29.02,31.542499542236328,31.54,126.16,12739200,0.066982,0.0
GME,2022-06-15,20220615,31.24,32.99,30.91,32.3224983215332,32.32,129.28,10764400,0.024731,0.0
GME,2022-06-16,20220616,31.24,32.32,30.15,31.4325008392334,31.43,125.72,9995200,-0.027537,0.0
GME,2022-06-17,20220617,31.72,33.97,31.58,33.78499984741211,33.78,135.12,12340800,0.074769,0.0
GME,2022-06-21,20220621,34.56,36.35,33.88,35.06999969482422,35.07,140.28,12512400,0.038188,0.0
GME,2022-06-22,20220622,34.67,36.18,34.11,34.6150016784668,34.62,138.48,7838000,-0.012831,0.0
GME,2022-06-23,20220623,35.41,36.0,34.18,35.505001068115234,35.51,142.04,6682800,0.025708,0.0
GME,2022-06-24,20220624,35.75,37.09,32.88,33.8025016784668,33.8,135.2,16995600,-0.048155,0.0
GME,2022-06-27,20220627,34.12,34.26,31.83,32.42250061035156,32.42,129.68,9745600,-0.040828,0.0
GME,2022-06-28,20220628,32.75,32.83,30.57,31.094999313354492,31.09,124.36,6610000,-0.041024,0.0
GME,2022-06-29,20220629,30.39,31.62,29.9,30.71500015258789,30.72,122.88,6826400,-0.011901,0.0
GME,2022-06-30,20220630,29.84,31.65,29.44,30.575000762939453,30.58,122.32,6718800,-0.004557,0.0
GME,2022-07-01,20220701,30.28,31.29,29.82,30.854999542236328,30.85,123.4,6617200,0.008829,0.0
GME,2022-07-05,20220705,30.38,30.62,29.75,30.0575008392334,30.06,120.24,6036000,-0.025608,0.0
GME,2022-07-06,20220706,30.17,30.57,28.34,29.357500076293945,29.36,117.44,9988800,-0.023287,0.0
GME,2022-07-07,20220707,31.12,33.88,30.45,33.779998779296875,33.78,135.12,30313600,0.150545,0.0
GME,2022-07-08,20220708,31.67,33.17,30.63,32.1349983215332,32.13,128.52,13199600,-0.048845,0.0
GME,2022-07-11,20220711,32.14,32.94,31.16,32.522499084472656,32.52,130.08,7532800,0.012138,0.0
GME,2022-07-12,20220712,32.7,35.65,31.82,34.279998779296875,34.28,137.12,16899600,0.054121,0.0
GME,2022-07-13,20220713,33.75,36.34,33.75,35.31999969482422,35.32,141.28,13703600,0.030338,0.0
GME,2022-07-14,20220714,34.8,37.99,34.05,34.04999923706055,34.05,136.2,20970400,-0.035957,0.0
GME,2022-07-15,20220715,34.86,35.59,33.51,35.40999984741211,35.41,141.64,9832400,0.039941,0.0
GME,2022-07-18,20220718,36.25,37.4,35.78,36.65999984741211,36.66,146.64,11155200,0.035301,0.0
GME,2022-07-19,20220719,37.44,39.21,36.59,37.92499923706055,37.92,151.68,12828000,0.03437,0.0
GME,2022-07-20,20220720,38.5,40.41,38.35,39.6875,39.69,158.76,11400400,0.046677,0.0
GME,2022-07-21,20220721,39.93,40.0,37.29,38.36750030517578,38.37,153.48,9277600,-0.033258,0.0
GME,2022-07-22,20220722,36.88,38.7,34.93,35.779998779296875,35.78,35.78,10060200,-0.067501,4.0
GME,2022-07-25,20220725,35.0,35.51,33.25,33.97999954223633,33.98,33.98,5686300,-0.050307,0.0
GME,2022-07-26,20220726,32.87,33.31,32.1,32.43000030517578,32.43,32.43,4866100,-0.045615,0.0
GME,2022-07-27,20220727,32.96,34.12,32.16,33.779998779296875,33.78,33.78,4251200,0.041628,0.0
GME,2022-07-28,20220728,33.39,34.43,32.66,33.84000015258789,33.84,33.84,3207400,0.001776,0.0
GME,2022-07-29,20220729,33.68,34.79,33.06,34.0099983215332,34.01,34.01,3988800,0.005024,0.0
GME,2022-08-01,20220801,33.8,35.71,33.77,34.779998779296875,34.78,34.78,4196600,0.02264,0.0
GME,2022-08-02,20220802,35.9,36.8,35.12,35.84000015258789,35.84,35.84,4697100,0.030477,0.0
GME,2022-08-03,20220803,36.22,38.01,36.0,37.93000030517578,37.93,37.93,5186500,0.058315,0.0
GME,2022-08-04,20220804,38.34,39.89,37.89,38.36000061035156,38.36,38.36,5421500,0.011337,0.0
GME,2022-08-05,20220805,37.37,40.43,36.56,40.02000045776367,40.02,40.02,8124200,0.043274,0.0
GME,2022-08-08,20220808,41.29,47.99,40.75,43.45000076293945,43.45,43.45,17987100,0.085707,0.0
GME,2022-08-09,20220809,42.14,43.19,39.0,40.369998931884766,40.37,40.37,6954200,-0.070886,0.0
GME,2022-08-10,20220810,42.0,42.0,38.63,40.529998779296875,40.53,40.53,5434700,0.003963,0.0
GME,2022-08-11,20220811,40.91,41.97,39.35,39.45000076293945,39.45,39.45,5140500,-0.026647,0.0
GME,2022-08-12,20220812,40.0,41.43,39.15,40.7400016784668,40.74,40.74,5120000,0.0327,0.0
GME,2022-08-15,20220815,39.75,40.39,38.81,39.68000030517578,39.68,39.68,5243100,-0.026019,0.0
GME,2022-08-16,20220816,39.17,45.53,38.6,42.189998626708984,42.19,42.19,23602800,0.063256,0.0
GME,2022-08-17,20220817,42.18,44.36,40.41,40.52000045776367,40.52,40.52,9766400,-0.039583,0.0
GME,2022-08-18,20220818,39.27,40.07,37.34,37.93000030517578,37.93,37.93,8145400,-0.063919,0.0
GME,2022-08-19,20220819,35.18,37.19,34.67,36.4900016784668,36.49,36.49,9551900,-0.037965,0.0
GME,2022-08-22,20220822,34.31,36.2,34.2,34.5,34.5,34.5,5798600,-0.054535,0.0
GME,2022-08-23,20220823,34.7,34.99,33.45,33.529998779296875,33.53,33.53,4836300,-0.028116,0.0
GME,2022-08-24,20220824,34.0,34.94,32.44,32.5,32.5,32.5,5620300,-0.030719,0.0
GME,2022-08-25,20220825,32.84,32.89,31.5,31.959999084472656,31.96,31.96,4726300,-0.016615,0.0
GME,2022-08-26,20220826,31.5,32.38,30.63,30.940000534057617,30.94,30.94,4297300,-0.031915,0.0
GME,2022-08-29,20220829,30.48,32.75,30.38,31.549999237060547,31.55,31.55,4292700,0.019716,0.0
GME,2022-08-30,20220830,31.62,31.87,29.42,29.84000015258789,29.84,29.84,5060200,-0.0542,0.0
GME,2022-08-31,20220831,29.25,29.96,28.26,28.639999389648438,28.64,28.64,5157000,-0.040214,0.0
GME,2022-09-01,20220901,28.0,28.91,26.95,27.6299991607666,27.63,27.63,5293900,-0.035265,0.0
GME,2022-09-02,20220902,28.26,28.74,26.93,27.360000610351562,27.36,27.36,4680100,-0.009772,0.0
GME,2022-09-06,20220906,25.75,26.72,24.67,25.139999389648438,25.14,25.14,7010200,-0.08114,0.0
GME,2022-09-07,20220907,24.73,25.19,23.42,24.040000915527344,24.04,24.04,12504700,-0.043755,0.0
GME,2022-09-08,20220908,25.0,26.74,24.07,25.829999923706055,25.83,25.83,14142200,0.074459,0.0
GME,2022-09-09,20220909,26.3,29.08,26.1,28.920000076293945,28.92,28.92,7899800,0.119628,0.0
GME,2022-09-12,20220912,29.03,30.34,28.0,29.239999771118164,29.24,29.24,6175200,0.011065,0.0
GME,2022-09-13,20220913,27.4,28.61,27.32,27.850000381469727,27.85,27.85,3657200,-0.047538,0.0
GME,2022-09-14,20220914,27.56,28.45,26.65,28.1299991607666,28.13,28.13,3605800,0.010054,0.0
GME,2022-09-15,20220915,27.86,29.07,27.86,28.610000610351562,28.61,28.61,3329500,0.017064,0.0
GME,2022-09-16,20220916,28.33,28.8,27.78,28.639999389648438,28.64,28.64,4656000,0.001049,0.0
GME,2022-09-19,20220919,28.34,29.65,28.15,28.959999084472656,28.96,28.96,3404000,0.011173,0.0
GME,2022-09-20,20220920,29.28,29.33,27.18,27.540000915527344,27.54,27.54,3145900,-0.049033,0.0
GME,2022-09-21,20220921,27.45,28.99,26.77,26.860000610351562,26.86,26.86,3859200,-0.024691,0.0
GME,2022-09-22,20220922,27.17,27.27,24.38,24.700000762939453,24.7,24.7,4346500,-0.080417,0.0
GME,2022-09-23,20220923,24.15,25.15,24.06,25.040000915527344,25.04,25.04,3622400,0.013765,0.0
GME,2022-09-26,20220926,24.66,25.87,24.12,24.479999542236328,24.48,24.48,3440300,-0.022364,0.0
GME,2022-09-27,20220927,25.47,26.39,25.13,26.1299991607666,26.13,26.13,4487200,0.067402,0.0
GME,2022-09-28,20220928,25.89,27.5,25.62,27.309999465942383,27.31,27.31,2630100,0.045159,0.0
GME,2022-09-29,20220929,27.08,27.69,24.69,25.459999084472656,25.46,25.46,4118200,-0.067741,0.0
GME,2022-09-30,20220930,25.03,25.82,24.44,25.1299991607666,25.13,25.13,3148300,-0.012962,0.0
GME,2022-10-03,20221003,25.14,25.63,24.21,25.3799991607666,25.38,25.38,2653900,0.009948,0.0
GME,2022-10-04,20221004,25.95,27.83,25.95,27.600000381469727,27.6,27.6,4581900,0.08747,0.0
GME,2022-10-05,20221005,26.77,26.98,25.43,26.389999389648438,26.39,26.39,2986400,-0.043841,0.0
GME,2022-10-06,20221006,26.29,27.0,25.8,25.989999771118164,25.99,25.99,2418700,-0.015157,0.0
GME,2022-10-07,20221007,25.84,25.84,24.42,25.350000381469727,25.35,25.35,3270600,-0.024625,0.0
GME,2022-10-10,20221010,25.37,26.5,24.75,25.0,25.0,25.0,2917600,-0.013807,0.0
GME,2022-10-11,20221011,24.87,26.3,23.95,25.270000457763672,25.27,25.27,4195900,0.0108,0.0
GME,2022-10-12,20221012,25.96,26.89,25.27,25.360000610351562,25.36,25.36,3284400,0.003562,0.0
GME,2022-10-13,20221013,24.42,26.59,23.91,25.559999465942383,25.56,25.56,3516200,0.007886,0.0
GME,2022-10-14,20221014,25.77,26.37,24.63,24.6299991607666,24.63,24.63,2773500,-0.036385,0.0
GME,2022-10-17,20221017,25.37,26.41,25.24,25.959999084472656,25.96,25.96,3172200,0.053999,0.0
GME,2022-10-18,20221018,27.1,27.74,26.13,26.670000076293945,26.67,26.67,4402600,0.02735,0.0
GME,2022-10-19,20221019,26.0,26.18,24.27,24.540000915527344,24.54,24.54,5318400,-0.079865,0.0
GME,2022-10-20,20221020,24.65,25.45,24.07,24.40999984741211,24.41,24.41,5148600,-0.005297,0.0
GME,2022-10-21,20221021,24.15,25.33,24.1,25.299999237060547,25.3,25.3,3036300,0.03646,0.0
GME,2022-10-24,20221024,25.0,25.19,24.11,24.709999084472656,24.71,24.71,3114300,-0.02332,0.0
GME,2022-10-25,20221025,24.82,27.79,24.8,26.8700008392334,26.87,26.87,7791600,0.087414,0.0
GME,2022-10-26,20221026,26.37,27.48,25.32,25.420000076293945,25.42,25.42,3858200,-0.053964,0.0
GME,2022-10-27,20221027,25.75,26.33,25.2,25.93000030517578,25.93,25.93,2422900,0.020063,0.0
GME,2022-10-28,20221028,26.88,28.79,26.42,28.170000076293945,28.17,28.17,8089600,0.086386,0.0
GME,2022-10-31,20221031,31.22,34.99,27.91,28.309999465942383,28.31,28.31,24027600,0.00497,0.0
GME,2022-11-01,20221101,29.4,29.69,27.62,28.389999389648438,28.39,28.39,5147500,0.002826,0.0
GME,2022-11-02,20221102,27.9,28.75,26.5,26.6200008392334,26.62,26.62,4143900,-0.062346,0.0
GME,2022-11-03,20221103,26.0,27.29,26.0,26.290000915527344,26.29,26.29,3384400,-0.012397,0.0
GME,2022-11-04,20221104,26.6,27.03,25.34,26.510000228881836,26.51,26.51,4138000,0.008368,0.0
GME,2022-11-07,20221107,26.25,26.3,24.8,25.760000228881836,25.76,25.76,3303600,-0.028291,0.0
GME,2022-11-08,20221108,25.33,25.85,24.11,25.139999389648438,25.14,25.14,4695100,-0.024068,0.0
GME,2022-11-09,20221109,24.55,24.67,21.89,23.110000610351562,23.11,23.11,8464800,-0.080748,0.0
GME,2022-11-10,20221110,24.62,25.7,23.91,24.8799991607666,24.88,24.88,6107000,0.07659,0.0
GME,2022-11-11,20221111,24.78,26.12,24.15,26.100000381469727,26.1,26.1,3986200,0.049035,0.0
GME,2022-11-14,20221114,26.3,27.38,25.61,26.049999237060547,26.05,26.05,4352200,-0.001916,0.0
GME,2022-11-15,20221115,26.59,28.24,26.27,27.59000015258789,27.59,27.59,5392000,0.059117,0.0
GME,2022-11-16,20221116,26.62,27.35,26.37,27.139999389648438,27.14,27.14,2452300,-0.01631,0.0
GME,2022-11-17,20221117,26.3,27.76,26.15,27.760000228881836,27.76,27.76,2477700,0.022845,0.0
GME,2022-11-18,20221118,28.16,28.7,26.83,27.600000381469727,27.6,27.6,3087400,-0.005764,0.0
GME,2022-11-21,20221121,26.66,27.83,24.86,25.15999984741211,25.16,25.16,4443300,-0.088406,0.0
GME,2022-11-22,20221122,25.13,26.45,24.7,26.299999237060547,26.3,26.3,4240400,0.04531,0.0
GME,2022-11-23,20221123,25.92,27.14,25.92,26.700000762939453,26.7,26.7,2737500,0.015209,0.0
GME,2022-11-25,20221125,26.5,27.05,26.14,26.170000076293945,26.17,26.17,1122700,-0.01985,0.0
GME,2022-11-28,20221128,25.79,26.44,25.21,25.290000915527344,25.29,25.29,2440900,-0.033626,0.0
GME,2022-11-29,20221129,25.58,26.35,25.32,25.600000381469727,25.6,25.6,2029500,0.012258,0.0
GME,2022-11-30,20221130,25.9,26.23,24.91,26.209999084472656,26.21,26.21,3731100,0.023828,0.0
GME,2022-12-01,20221201,26.0,27.5,25.18,26.600000381469727,26.6,26.6,7615200,0.01488,0.0
GME,2022-12-02,20221202,26.25,27.87,26.11,27.520000457763672,27.52,27.52,4577200,0.034586,0.0
GME,2022-12-05,20221205,27.31,27.48,25.44,25.559999465942383,25.56,25.56,4973700,-0.071221,0.0
GME,2022-12-06,20221206,25.41,25.58,23.11,23.389999389648438,23.39,23.39,7699300,-0.084898,0.0
GME,2022-12-07,20221207,23.4,23.61,21.97,22.260000228881836,22.26,22.26,10078200,-0.048311,0.0
GME,2022-12-08,20221208,22.0,25.0,21.97,24.790000915527344,24.79,24.79,10252000,0.113657,0.0
GME,2022-12-09,20221209,24.59,24.59,22.59,22.6299991607666,22.63,22.63,5326700,-0.087132,0.0
GME,2022-12-12,20221212,22.66,23.15,22.18,22.670000076293945,22.67,22.67,3750800,0.001768,0.0
GME,2022-12-13,20221213,23.55,23.7,20.83,21.0,21.0,21.0,6305600,-0.073666,0.0
GME,2022-12-14,20221214,21.19,22.0,21.01,21.049999237060547,21.05,21.05,4604800,0.002381,0.0
GME,2022-12-15,20221215,20.74,21.44,20.24,20.579999923706055,20.58,20.58,6444500,-0.022328,0.0
GME,2022-12-16,20221216,20.48,21.12,20.01,20.799999237060547,20.8,20.8,9379700,0.01069,0.0
GME,2022-12-19,20221219,20.55,20.89,19.59,19.920000076293945,19.92,19.92,3700600,-0.042308,0.0
GME,2022-12-20,20221220,19.86,21.32,19.62,20.260000228881836,20.26,20.26,4479000,0.017068,0.0
GME,2022-12-21,20221221,20.4,20.9,20.18,20.559999465942383,20.56,20.56,2793600,0.014808,0.0
GME,2022-12-22,20221222,20.5,20.5,18.5,19.809999465942383,19.81,19.81,5343100,-0.036479,0.0
GME,2022-12-23,20221223,20.0,20.63,19.65,20.079999923706055,20.08,20.08,3174800,0.013629,0.0
GME,2022-12-27,20221227,19.91,19.99,18.0,18.200000762939453,18.2,18.2,4233000,-0.093625,0.0
GME,2022-12-28,20221228,18.29,18.7,16.98,17.920000076293945,17.92,17.92,5672000,-0.015385,0.0
GME,2022-12-29,20221229,18.12,18.57,17.75,18.329999923706055,18.33,18.33,3442800,0.022879,0.0
GME,2022-12-30,20221230,17.95,18.58,17.9,18.459999084472656,18.46,18.46,2669500,0.007092,0.0
GME,2023-01-03,20230103,18.64,19.26,17.09,17.200000762939453,17.2,17.2,5135200,-0.068256,0.0
GME,2023-01-04,20230104,17.25,17.93,16.9,17.31999969482422,17.32,17.32,3939300,0.006977,0.0
GME,2023-01-05,20230105,17.06,17.26,15.89,16.219999313354492,16.22,16.22,6066200,-0.06351,0.0
GME,2023-01-06,20230106,16.0,16.57,15.41,16.459999084472656,16.46,16.46,4823400,0.014797,0.0
GME,2023-01-09,20230109,16.65,17.13,16.36,16.3799991607666,16.38,16.38,3522600,-0.00486,0.0
GME,2023-01-10,20230110,16.3,18.09,16.25,17.770000457763672,17.77,17.77,4402800,0.08486,0.0
GME,2023-01-11,20230111,18.19,20.05,17.86,19.040000915527344,19.04,19.04,8405800,0.071469,0.0
GME,2023-01-12,20230112,19.04,20.63,18.34,20.6299991607666,20.63,20.63,5877300,0.083508,0.0
GME,2023-01-13,20230113,19.88,21.11,19.8,20.489999771118164,20.49,20.49,5494400,-0.006786,0.0
GME,2023-01-17,20230117,20.49,21.94,20.37,21.799999237060547,21.8,21.8,5407900,0.063934,0.0
GME,2023-01-18,20230118,22.01,22.15,20.5,20.790000915527344,20.79,20.79,5632200,-0.04633,0.0
GME,2023-01-19,20230119,20.44,20.45,18.82,19.040000915527344,19.04,19.04,4519200,-0.084175,0.0
GME,2023-01-20,20230120,19.05,20.07,18.9,19.610000610351562,19.61,19.61,3564300,0.029937,0.0
GME,2023-01-23,20230123,19.5,22.49,19.37,21.65999984741211,21.66,21.66,7181500,0.104539,0.0
GME,2023-01-24,20230124,21.3,22.09,21.0,21.399999618530273,21.4,21.4,2381600,-0.012004,0.0
GME,2023-01-25,20230125,20.59,20.84,19.53,20.229999542236328,20.23,20.23,3515800,-0.054673,0.0
GME,2023-01-26,20230126,20.61,21.17,19.38,20.010000228881836,20.01,20.01,3520000,-0.010875,0.0
GME,2023-01-27,20230127,19.8,23.31,19.41,22.81999969482422,22.82,22.82,11897200,0.14043,0.0
GME,2023-01-30,20230130,22.5,23.48,21.13,21.25,21.25,21.25,4950600,-0.068799,0.0
GME,2023-01-31,20230131,21.41,22.05,21.3,21.8700008392334,21.87,21.87,3128400,0.029176,0.0
GME,2023-02-01,20230201,21.49,22.12,20.55,21.829999923706055,21.83,21.83,4517200,-0.001829,0.0
GME,2023-02-02,20230202,22.44,24.4,22.22,22.700000762939453,22.7,22.7,7655700,0.039853,0.0
GME,2023-02-03,20230203,22.01,23.93,21.8,22.25,22.25,22.25,4935900,-0.019824,0.0
GME,2023-02-06,20230206,21.88,24.88,21.77,23.860000610351562,23.86,23.86,8708400,0.07236,0.0
GME,2023-02-07,20230207,23.0,23.05,20.5,21.219999313354492,21.22,21.22,9093700,-0.110645,0.0
GME,2023-02-08,20230208,21.43,21.55,20.61,21.100000381469727,21.1,21.1,2846400,-0.005655,0.0
GME,2023-02-09,20230209,21.25,21.65,19.67,19.670000076293945,19.67,19.67,4497400,-0.067773,0.0
GME,2023-02-10,20230210,19.56,20.04,19.05,19.270000457763672,19.27,19.27,2902700,-0.020336,0.0
GME,2023-02-13,20230213,19.3,19.94,19.01,19.690000534057617,19.69,19.69,2299300,0.021796,0.0
GME,2023-02-14,20230214,19.31,20.01,19.1,19.8700008392334,19.87,19.87,2746300,0.009142,0.0
GME,2023-02-15,20230215,19.8,21.8,19.59,21.799999237060547,21.8,21.8,7137800,0.097131,0.0
GME,2023-02-16,20230216,21.25,22.42,20.85,21.600000381469727,21.6,21.6,3879000,-0.009174,0.0
GME,2023-02-17,20230217,21.27,22.07,21.15,21.989999771118164,21.99,21.99,2851000,0.018056,0.0
GME,2023-02-21,20230221,21.33,21.83,20.63,20.65999984741211,20.66,20.66,3100300,-0.060482,0.0
GME,2023-02-22,20230222,20.53,21.19,20.33,20.520000457763672,20.52,20.52,2164900,-0.006776,0.0
GME,2023-02-23,20230223,20.66,20.87,19.53,20.139999389648438,20.14,20.14,2862000,-0.018519,0.0
GME,2023-02-24,20230224,19.71,20.08,19.54,19.540000915527344,19.54,19.54,2277600,-0.029791,0.0
GME,2023-02-27,20230227,19.61,19.7,18.89,19.100000381469727,19.1,19.1,4006700,-0.022518,0.0
GME,2023-02-28,20230228,19.06,19.52,18.95,19.229999542236328,19.23,19.23,3373800,0.006806,0.0
GME,2023-03-01,20230301,18.92,19.09,18.14,18.149999618530273,18.15,18.15,4210100,-0.056162,0.0
GME,2023-03-02,20230302,18.15,18.4,17.62,18.190000534057617,18.19,18.19,2622100,0.002204,0.0
GME,2023-03-03,20230303,18.19,19.1,18.1,18.700000762939453,18.7,18.7,2505500,0.028037,0.0
GME,2023-03-06,20230306,18.52,19.5,18.52,18.649999618530273,18.65,18.65,2815300,-0.002674,0.0
GME,2023-03-07,20230307,18.54,18.84,18.06,18.059999465942383,18.06,18.06,2375300,-0.031635,0.0
GME,2023-03-08,20230308,18.05,18.38,17.63,18.170000076293945,18.17,18.17,3277800,0.006091,0.0
GME,2023-03-09,20230309,18.07,18.38,17.48,17.520000457763672,17.52,17.52,2652600,-0.035773,0.0
GME,2023-03-10,20230310,17.53,17.77,16.85,17.25,17.25,17.25,2845500,-0.015411,0.0
GME,2023-03-13,20230313,16.77,17.35,16.52,16.75,16.75,16.75,2959100,-0.028986,0.0
GME,2023-03-14,20230314,17.37,17.41,16.4,16.90999984741211,16.91,16.91,3077400,0.009552,0.0
GME,2023-03-15,20230315,16.5,16.69,15.7,15.949999809265137,15.95,15.95,4541500,-0.056771,0.0
GME,2023-03-16,20230316,16.0,16.77,15.53,16.760000228881836,16.76,16.76,4083000,0.050784,0.0
GME,2023-03-17,20230317,16.62,16.72,15.92,16.600000381469727,16.6,16.6,5105500,-0.009547,0.0
GME,2023-03-20,20230320,16.65,17.27,16.25,16.8700008392334,16.87,16.87,4463700,0.016265,0.0
GME,2023-03-21,20230321,17.15,18.35,17.14,17.649999618530273,17.65,17.65,15882900,0.046236,0.0
GME,2023-03-22,20230322,26.6,27.0,23.05,23.8700008392334,23.87,23.87,66764700,0.352408,0.0
GME,2023-03-23,20230323,22.57,24.59,22.13,22.579999923706055,22.58,22.58,11168900,-0.054043,0.0
GME,2023-03-24,20230324,22.32,23.99,22.1,23.979999542236328,23.98,23.98,8756400,0.062002,0.0
GME,2023-03-27,20230327,23.99,24.01,22.69,23.0,23.0,23.0,4580800,-0.040867,0.0
GME,2023-03-28,20230328,22.97,23.54,22.22,23.149999618530273,23.15,23.15,5711700,0.006522,0.0
GME,2023-03-29,20230329,23.08,23.7,22.22,22.459999084472656,22.46,22.46,4161400,-0.029806,0.0
GME,2023-03-30,20230330,22.6,22.83,22.11,22.5,22.5,22.5,3477600,0.001781,0.0
GME,2023-03-31,20230331,22.35,23.07,22.15,23.020000457763672,23.02,23.02,3880300,0.023111,0.0
GME,2023-04-03,20230403,22.94,23.85,22.66,23.170000076293945,23.17,23.17,4274500,0.006516,0.0
GME,2023-04-04,20230404,22.75,23.14,22.09,22.350000381469727,22.35,22.35,3421500,-0.035391,0.0
GME,2023-04-05,20230405,22.47,22.47,21.23,22.06999969482422,22.07,22.07,3638100,-0.012528,0.0
GME,2023-04-06,20230406,22.0,22.67,21.77,22.399999618530273,22.4,22.4,2506900,0.014952,0.0
GME,2023-04-10,20230410,21.85,22.43,21.82,22.3700008392334,22.37,22.37,2176100,-0.001339,0.0
GME,2023-04-11,20230411,22.57,23.17,22.42,22.690000534057617,22.69,22.69,2540000,0.014305,0.0
GME,2023-04-12,20230412,22.9,23.28,22.26,22.260000228881836,22.26,22.26,2141100,-0.018951,0.0
GME,2023-04-13,20230413,22.5,22.85,22.33,22.549999237060547,22.55,22.55,1803900,0.013028,0.0
GME,2023-04-14,20230414,22.74,23.25,22.32,22.459999084472656,22.46,22.46,2312400,-0.003991,0.0
GME,2023-04-17,20230417,22.27,22.68,22.14,22.280000686645508,22.28,22.28,2066600,-0.008014,0.0
GME,2023-04-18,20230418,22.14,22.32,21.5,21.610000610351562,21.61,21.61,2748700,-0.030072,0.0
GME,2023-04-19,20230419,21.28,21.87,20.96,21.309999465942383,21.31,21.31,2539500,-0.013882,0.0
GME,2023-04-20,20230420,20.88,21.57,20.06,20.219999313354492,20.22,20.22,2977400,-0.05115,0.0
GME,2023-04-21,20230421,20.2,20.62,20.1,20.489999771118164,20.49,20.49,2085900,0.013353,0.0
GME,2023-04-24,20230424,20.15,20.41,19.81,19.93000030517578,19.93,19.93,2742400,-0.02733,0.0
GME,2023-04-25,20230425,19.74,20.04,18.91,19.0,19.0,19.0,2560800,-0.046663,0.0
GME,2023-04-26,20230426,18.98,19.23,18.65,18.649999618530273,18.65,18.65,2287600,-0.018421,0.0
GME,2023-04-27,20230427,18.75,19.34,18.72,18.940000534057617,18.94,18.94,2238900,0.01555,0.0
GME,2023-04-28,20230428,18.92,19.72,18.88,19.290000915527344,19.29,19.29,2836600,0.018479,0.0
GME,2023-05-01,20230501,19.16,19.25,18.46,18.549999237060547,18.55,18.55,2356600,-0.038362,0.0
GME,2023-05-02,20230502,18.45,18.58,18.06,18.579999923706055,18.58,18.58,1918300,0.001617,0.0
GME,2023-05-03,20230503,18.56,19.2,18.53,18.899999618530273,18.9,18.9,3184000,0.017223,0.0
GME,2023-05-04,20230504,19.25,19.48,18.92,19.350000381469727,19.35,19.35,2041800,0.02381,0.0
GME,2023-05-05,20230505,19.62,20.88,19.51,20.420000076293945,20.42,20.42,4357200,0.055297,0.0
GME,2023-05-08,20230508,20.46,20.99,20.09,20.510000228881836,20.51,20.51,2402800,0.004407,0.0
GME,2023-05-09,20230509,20.16,20.65,20.12,20.239999771118164,20.24,20.24,1522700,-0.013164,0.0
GME,2023-05-10,20230510,20.45,20.96,20.38,20.760000228881836,20.76,20.76,2139900,0.025692,0.0
GME,2023-05-11,20230511,20.69,21.16,20.51,20.8799991607666,20.88,20.88,1652500,0.00578,0.0
GME,2023-05-12,20230512,20.83,20.98,20.23,20.690000534057617,20.69,20.69,2006100,-0.0091,0.0
GME,2023-05-15,20230515,20.62,21.63,20.49,21.6200008392334,21.62,21.62,2602000,0.044949,0.0
GME,2023-05-16,20230516,21.5,22.1,21.42,21.989999771118164,21.99,21.99,2498000,0.017114,0.0
GME,2023-05-17,20230517,21.99,23.25,21.9,22.8700008392334,22.87,22.87,4573000,0.040018,0.0
GME,2023-05-18,20230518,22.9,23.3,22.68,23.049999237060547,23.05,23.05,2144400,0.007871,0.0
GME,2023-05-19,20230519,22.94,22.99,21.75,22.059999465942383,22.06,22.06,2668200,-0.04295,0.0
GME,2023-05-22,20230522,22.1,24.36,21.99,24.209999084472656,24.21,24.21,6251600,0.097461,0.0
GME,2023-05-23,20230523,23.89,23.9,22.8,23.15999984741211,23.16,23.16,3786500,-0.043371,0.0
GME,2023-05-24,20230524,23.13,23.52,22.73,23.270000457763672,23.27,23.27,1901000,0.00475,0.0
GME,2023-05-25,20230525,23.5,23.69,22.71,23.350000381469727,23.35,23.35,2494400,0.003438,0.0
GME,2023-05-26,20230526,23.47,23.71,23.06,23.25,23.25,23.25,2261900,-0.004283,0.0
GME,2023-05-30,20230530,23.35,24.69,23.3,24.56999969482422,24.57,24.57,5037800,0.056774,0.0
GME,2023-05-31,20230531,24.51,24.8,23.88,24.049999237060547,24.05,24.05,4265200,-0.021164,0.0
GME,2023-06-01,20230601,24.04,24.66,23.78,24.100000381469727,24.1,24.1,3845000,0.002079,0.0
GME,2023-06-02,20230602,24.29,24.93,24.28,24.639999389648438,24.64,24.64,3300700,0.022407,0.0
GME,2023-06-05,20230605,24.53,25.84,24.16,24.309999465942383,24.31,24.31,4201900,-0.013393,0.0
GME,2023-06-06,20230606,24.01,25.25,24.0,24.690000534057617,24.69,24.69,3984300,0.015631,0.0
GME,2023-06-07,20230607,26.2,26.55,25.07,26.110000610351562,26.11,26.11,18001100,0.057513,0.0
GME,2023-06-08,20230608,20.3,22.0,20.1,21.440000534057617,21.44,21.44,19213300,-0.178859,0.0
GME,2023-06-09,20230609,21.78,23.43,21.5,22.68000030517578,22.68,22.68,10342600,0.057836,0.0
GME,2023-06-12,20230612,22.85,24.3,22.74,24.299999237060547,24.3,24.3,7131400,0.071429,0.0
GME,2023-06-13,20230613,26.2,27.65,25.03,26.950000762939453,26.95,26.95,17160600,0.109053,0.0
GME,2023-06-14,20230614,26.72,27.08,24.9,25.700000762939453,25.7,25.7,7243700,-0.046382,0.0
GME,2023-06-15,20230615,25.41,26.17,24.64,24.84000015258789,24.84,24.84,5501800,-0.033463,0.0
GME,2023-06-16,20230616,25.02,25.11,24.42,24.559999465942383,24.56,24.56,4443500,-0.011272,0.0
GME,2023-06-20,20230620,24.41,24.65,23.72,24.579999923706055,24.58,24.58,3250700,0.000814,0.0
GME,2023-06-21,20230621,24.84,25.1,24.1,24.43000030517578,24.43,24.43,2404700,-0.006103,0.0
GME,2023-06-22,20230622,24.13,24.33,23.76,24.31999969482422,24.32,24.32,1889600,-0.004503,0.0
GME,2023-06-23,20230623,23.78,24.15,23.68,23.700000762939453,23.7,23.7,2261000,-0.025493,0.0
GME,2023-06-26,20230626,23.38,24.03,22.91,23.020000457763672,23.02,23.02,2525200,-0.028692,0.0
GME,2023-06-27,20230627,23.29,23.6,23.0,23.579999923706055,23.58,23.58,2141500,0.024327,0.0
GME,2023-06-28,20230628,23.44,25.1,23.4,24.979999542236328,24.98,24.98,3493900,0.059372,0.0
GME,2023-06-29,20230629,24.96,25.47,24.62,24.899999618530273,24.9,24.9,3101000,-0.003203,0.0
GME,2023-06-30,20230630,24.97,25.13,24.25,24.25,24.25,24.25,2803300,-0.026104,0.0
GME,2023-07-03,20230703,24.29,25.11,24.21,24.90999984741211,24.91,24.91,1806600,0.027216,0.0
GME,2023-07-05,20230705,24.64,24.85,23.79,23.899999618530273,23.9,23.9,2263100,-0.040546,0.0
GME,2023-07-06,20230706,23.52,23.57,22.82,22.829999923706055,22.83,22.83,2384600,-0.04477,0.0
GME,2023-07-07,20230707,22.97,23.53,22.67,22.709999084472656,22.71,22.71,2447200,-0.005256,0.0
GME,2023-07-10,20230710,22.61,23.56,22.0,23.540000915527344,23.54,23.54,3318200,0.036548,0.0
GME,2023-07-11,20230711,23.2,24.44,23.2,23.90999984741211,23.91,23.91,3057100,0.015718,0.0
GME,2023-07-12,20230712,24.25,24.31,23.44,23.440000534057617,23.44,23.44,1742200,-0.019657,0.0
GME,2023-07-13,20230713,23.54,23.98,23.42,23.459999084472656,23.46,23.46,1912200,0.000853,0.0
GME,2023-07-14,20230714,23.49,23.72,22.94,22.969999313354492,22.97,22.97,2178800,-0.020887,0.0
GME,2023-07-17,20230717,22.88,23.31,22.7,22.81999969482422,22.82,22.82,2026000,-0.00653,0.0
GME,2023-07-18,20230718,22.72,23.8,22.68,23.079999923706055,23.08,23.08,2342000,0.011394,0.0
GME,2023-07-19,20230719,23.42,23.58,22.96,23.170000076293945,23.17,23.17,2250100,0.003899,0.0
GME,2023-07-20,20230720,23.01,23.22,22.66,22.90999984741211,22.91,22.91,2256700,-0.011221,0.0
GME,2023-07-21,20230721,23.05,23.22,22.16,22.18000030517578,22.18,22.18,3167900,-0.031864,0.0
GME,2023-07-24,20230724,22.42,23.04,22.2,23.040000915527344,23.04,23.04,2970400,0.038774,0.0
GME,2023-07-25,20230725,23.1,23.1,22.53,22.850000381469727,22.85,22.85,1672000,-0.008247,0.0
GME,2023-07-26,20230726,22.7,22.99,22.48,22.700000762939453,22.7,22.7,1489200,-0.006565,0.0
GME,2023-07-27,20230727,22.94,23.49,22.13,22.219999313354492,22.22,22.22,3370900,-0.021145,0.0
GME,2023-07-28,20230728,22.02,22.49,21.79,21.93000030517578,21.93,21.93,2642100,-0.013051,0.0
GME,2023-07-31,20230731,22.0,22.38,21.85,22.200000762939453,22.2,22.2,1973400,0.012312,0.0
GME,2023-08-01,20230801,21.95,22.0,21.26,21.5,21.5,21.5,2567100,-0.031532,0.0
GME,2023-08-02,20230802,21.15,21.15,20.34,20.829999923706055,20.83,20.83,2625800,-0.031163,0.0
GME,2023-08-03,20230803,20.88,21.18,20.74,20.93000030517578,20.93,20.93,1318700,0.004801,0.0
GME,2023-08-04,20230804,20.95,21.89,20.89,20.979999542236328,20.98,20.98,2406000,0.002389,0.0
GME,2023-08-07,20230807,20.9,21.24,20.48,21.06999969482422,21.07,21.07,1441300,0.00429,0.0
GME,2023-08-08,20230808,20.7,20.9,20.28,20.739999771118164,20.74,20.74,1431300,-0.015662,0.0
GME,2023-08-09,20230809,20.85,20.85,19.82,19.93000030517578,19.93,19.93,2929600,-0.039055,0.0
GME,2023-08-10,20230810,20.0,20.29,19.87,20.190000534057617,20.19,20.19,1432400,0.013046,0.0
GME,2023-08-11,20230811,20.03,20.38,19.97,20.190000534057617,20.19,20.19,1522900,0.0,0.0
GME,2023-08-14,20230814,19.75,20.01,19.08,19.959999084472656,19.96,19.96,3329300,-0.011392,0.0
GME,2023-08-15,20230815,19.77,19.78,19.09,19.329999923706055,19.33,19.33,2290300,-0.031563,0.0
GME,2023-08-16,20230816,19.18,19.34,18.55,18.59000015258789,18.59,18.59,3015600,-0.038282,0.0
GME,2023-08-17,20230817,18.79,18.81,18.3,18.3799991607666,18.38,18.38,2056800,-0.011296,0.0
GME,2023-08-18,20230818,18.18,18.66,18.14,18.360000610351562,18.36,18.36,2029100,-0.001088,0.0
GME,2023-08-21,20230821,18.3,18.82,18.2,18.479999542236328,18.48,18.48,2864700,0.006536,0.0
GME,2023-08-22,20230822,18.62,18.62,17.25,17.260000228881836,17.26,17.26,3782100,-0.066017,0.0
GME,2023-08-23,20230823,17.25,17.34,16.88,16.889999389648438,16.89,16.89,2909100,-0.021437,0.0
GME,2023-08-24,20230824,16.94,16.98,16.18,16.360000610351562,16.36,16.36,3624500,-0.03138,0.0
GME,2023-08-25,20230825,16.5,17.18,16.45,17.1299991607666,17.13,17.13,3423500,0.047066,0.0
GME,2023-08-28,20230828,17.35,18.11,17.25,17.56999969482422,17.57,17.57,3007400,0.025686,0.0
GME,2023-08-29,20230829,17.6,18.55,17.6,18.239999771118164,18.24,18.24,2709200,0.038133,0.0
GME,2023-08-30,20230830,18.2,18.52,17.91,18.3700008392334,18.37,18.37,1884500,0.007127,0.0
GME,2023-08-31,20230831,18.41,19.42,18.15,18.549999237060547,18.55,18.55,4674100,0.009799,0.0
GME,2023-09-01,20230901,18.66,18.73,18.32,18.420000076293945,18.42,18.42,2135900,-0.007008,0.0
GME,2023-09-05,20230905,18.45,19.34,18.26,19.229999542236328,19.23,19.23,3781300,0.043974,0.0
GME,2023-09-06,20230906,19.06,19.15,18.42,18.75,18.75,18.75,6107200,-0.024961,0.0
GME,2023-09-07,20230907,19.13,19.48,17.61,18.889999389648438,18.89,18.89,5021300,0.007467,0.0
GME,2023-09-08,20230908,18.15,18.5,17.35,17.709999084472656,17.71,17.71,4689200,-0.062467,0.0
GME,2023-09-11,20230911,17.85,17.85,16.9,17.020000457763672,17.02,17.02,3543800,-0.038961,0.0
GME,2023-09-12,20230912,17.53,18.5,17.19,17.229999542236328,17.23,17.23,5179400,0.012338,0.0
GME,2023-09-13,20230913,17.31,17.93,17.27,17.809999465942383,17.81,17.81,3012600,0.033662,0.0
GME,2023-09-14,20230914,17.8,18.52,17.6,18.329999923706055,18.33,18.33,3078000,0.029197,0.0
GME,2023-09-15,20230915,18.36,18.61,18.15,18.219999313354492,18.22,18.22,6166600,-0.006001,0.0
GME,2023-09-18,20230918,17.99,18.1,17.35,17.549999237060547,17.55,17.55,3694600,-0.036773,0.0
GME,2023-09-19,20230919,17.59,17.64,17.13,17.520000457763672,17.52,17.52,2584200,-0.001709,0.0
GME,2023-09-20,20230920,17.63,17.93,17.45,17.520000457763672,17.52,17.52,2129800,0.0,0.0
GME,2023-09-21,20230921,17.28,17.32,16.65,17.020000457763672,17.02,17.02,2910700,-0.028539,0.0
GME,2023-09-22,20230922,17.18,17.35,17.0,17.18000030517578,17.18,17.18,2100300,0.009401,0.0
GME,2023-09-25,20230925,17.0,17.72,16.85,17.670000076293945,17.67,17.67,2181200,0.028522,0.0
GME,2023-09-26,20230926,17.38,17.82,16.78,16.780000686645508,16.78,16.78,2726800,-0.050368,0.0
GME,2023-09-27,20230927,16.87,17.26,16.81,17.149999618530273,17.15,17.15,1681300,0.02205,0.0
GME,2023-09-28,20230928,18.02,18.1,16.44,16.84000015258789,16.84,16.84,7431900,-0.018076,0.0
GME,2023-09-29,20230929,17.05,17.26,16.4,16.459999084472656,16.46,16.46,3397000,-0.022565,0.0
GME,2023-10-02,20231002,16.3,16.31,15.26,15.390000343322754,15.39,15.39,6087700,-0.065006,0.0
GME,2023-10-03,20231003,15.29,15.29,14.57,14.600000381469727,14.6,14.6,4510300,-0.051332,0.0
GME,2023-10-04,20231004,14.77,14.94,14.44,14.869999885559082,14.87,14.87,2586400,0.018493,0.0
GME,2023-10-05,20231005,14.7,14.98,14.58,14.710000038146973,14.71,14.71,1945100,-0.01076,0.0
GME,2023-10-06,20231006,14.59,15.26,14.58,15.079999923706055,15.08,15.08,2467100,0.025153,0.0
GME,2023-10-09,20231009,14.77,15.5,14.72,15.399999618530273,15.4,15.4,2276300,0.02122,0.0
GME,2023-10-10,20231010,15.5,16.19,15.4,16.0,16.0,16.0,2915900,0.038961,0.0
GME,2023-10-11,20231011,16.01,16.09,15.74,15.819999694824219,15.82,15.82,2098200,-0.01125,0.0
GME,2023-10-12,20231012,15.77,15.8,14.82,15.09000015258789,15.09,15.09,3180300,-0.046144,0.0
GME,2023-10-13,20231013,14.92,15.11,14.78,14.920000076293945,14.92,14.92,1823300,-0.011266,0.0
GME,2023-10-16,20231016,14.81,14.93,14.15,14.430000305175781,14.43,14.43,3508600,-0.032842,0.0
GME,2023-10-17,20231017,14.25,14.83,14.1,14.119999885559082,14.12,14.12,3842400,-0.021483,0.0
GME,2023-10-18,20231018,14.0,14.25,13.81,13.850000381469727,13.85,13.85,4045800,-0.019122,0.0
GME,2023-10-19,20231019,13.8,13.85,12.9,13.15999984741211,13.16,13.16,5808000,-0.049819,0.0
GME,2023-10-20,20231020,13.18,13.8,13.12,13.4399995803833,13.44,13.44,3661800,0.021277,0.0
GME,2023-10-23,20231023,13.28,13.59,13.04,13.4399995803833,13.44,13.44,2785500,0.0,0.0
GME,2023-10-24,20231024,13.59,14.3,13.55,14.039999961853027,14.04,14.04,3738300,0.044643,0.0
GME,2023-10-25,20231025,14.01,14.01,13.61,13.710000038146973,13.71,13.71,1967300,-0.023504,0.0
GME,2023-10-26,20231026,13.73,13.8,13.41,13.5,13.5,13.5,2036400,-0.015317,0.0
GME,2023-10-27,20231027,13.51,13.62,13.02,13.119999885559082,13.12,13.12,2481700,-0.028148,0.0
GME,2023-10-30,20231030,13.15,13.27,12.59,12.800000190734863,12.8,12.8,3475900,-0.02439,0.0
GME,2023-10-31,20231031,12.85,13.9,12.82,13.770000457763672,13.77,13.77,4574600,0.075781,0.0
GME,2023-11-01,20231101,13.78,13.8,13.01,13.010000228881836,13.01,13.01,3430100,-0.055192,0.0
GME,2023-11-02,20231102,13.37,13.7,13.28,13.640000343322754,13.64,13.64,3566600,0.048424,0.0
GME,2023-11-03,20231103,13.9,14.4,13.83,13.869999885559082,13.87,13.87,2966200,0.016862,0.0
GME,2023-11-06,20231106,13.99,14.05,13.49,13.529999732971191,13.53,13.53,2164400,-0.024513,0.0
GME,2023-11-07,20231107,13.47,13.79,13.23,13.640000343322754,13.64,13.64,2354400,0.00813,0.0
GME,2023-11-08,20231108,13.51,13.76,13.28,13.279999732971191,13.28,13.28,1705600,-0.026393,0.0
GME,2023-11-09,20231109,13.25,13.32,12.7,12.699999809265137,12.7,12.7,2750100,-0.043675,0.0
GME,2023-11-10,20231110,12.81,12.97,12.35,12.539999961853027,12.54,12.54,3872400,-0.012598,0.0
GME,2023-11-13,20231113,12.5,12.53,11.83,12.140000343322754,12.14,12.14,4318500,-0.031898,0.0
GME,2023-11-14,20231114,12.75,13.39,12.69,12.899999618530273,12.9,12.9,5187500,0.062603,0.0
GME,2023-11-15,20231115,13.15,13.5,13.03,13.270000457763672,13.27,13.27,4121600,0.028682,0.0
GME,2023-11-16,20231116,13.14,13.19,12.52,12.529999732971191,12.53,12.53,3425800,-0.055765,0.0
GME,2023-11-17,20231117,12.52,13.06,12.52,13.029999732971191,13.03,13.03,3414200,0.039904,0.0
GME,2023-11-20,20231120,13.0,13.2,12.8,12.800000190734863,12.8,12.8,2294900,-0.017652,0.0
GME,2023-11-21,20231121,12.65,12.72,12.26,12.550000190734863,12.55,12.55,3710100,-0.019531,0.0
GME,2023-11-22,20231122,12.56,12.71,12.19,12.289999961853027,12.29,12.29,2358800,-0.020717,0.0
GME,2023-11-24,20231124,12.22,12.41,12.18,12.199999809265137,12.2,12.2,1232500,-0.007323,0.0
GME,2023-11-27,20231127,12.18,12.33,11.89,11.90999984741211,11.91,11.91,3710600,-0.02377,0.0
GME,2023-11-28,20231128,11.9,13.55,11.89,13.489999771118164,13.49,13.49,14192900,0.132662,0.0
GME,2023-11-29,20231129,15.49,17.56,14.7,16.25,16.25,16.25,61172800,0.204596,0.0
GME,2023-11-30,20231130,16.29,16.33,14.32,14.550000190734863,14.55,14.55,16537200,-0.104615,0.0
GME,2023-12-01,20231201,14.52,15.99,14.5,15.300000190734863,15.3,15.3,13378700,0.051546,0.0
GME,2023-12-04,20231204,15.29,17.41,14.91,16.979999542236328,16.98,16.98,20098700,0.109804,0.0
GME,2023-12-05,20231205,16.47,16.72,14.87,14.90999984741211,14.91,14.91,14220100,-0.121908,0.0
GME,2023-12-06,20231206,15.36,15.7,14.64,14.84000015258789,14.84,14.84,12691300,-0.004695,0.0
GME,2023-12-07,20231207,13.71,16.52,13.56,16.360000610351562,16.36,16.36,19840700,0.102426,0.0
GME,2023-12-08,20231208,15.83,16.48,15.47,15.550000190734863,15.55,15.55,10401400,-0.049511,0.0
GME,2023-12-11,20231211,15.45,15.69,14.98,15.069999694824219,15.07,15.07,4961200,-0.030868,0.0
GME,2023-12-12,20231212,15.12,15.36,14.84,15.220000267028809,15.22,15.22,4210700,0.009954,0.0
GME,2023-12-13,20231213,15.22,16.8,15.19,16.690000534057617,16.69,16.69,9086900,0.096583,0.0
GME,2023-12-14,20231214,17.14,17.88,16.8,17.440000534057617,17.44,17.44,10750700,0.044937,0.0
GME,2023-12-15,20231215,17.4,17.58,17.01,17.260000228881836,17.26,17.26,7119100,-0.010321,0.0
GME,2023-12-18,20231218,17.24,18.51,17.1,17.860000610351562,17.86,17.86,7352200,0.034762,0.0
GME,2023-12-19,20231219,17.89,18.59,17.23,17.719999313354492,17.72,17.72,5447100,-0.007839,0.0
GME,2023-12-20,20231220,17.53,18.38,16.89,16.93000030517578,16.93,16.93,5553000,-0.044582,0.0
GME,2023-12-21,20231221,17.19,17.34,16.59,16.979999542236328,16.98,16.98,3975300,0.002953,0.0
GME,2023-12-22,20231222,16.78,17.2,16.45,16.969999313354492,16.97,16.97,3329900,-0.000589,0.0
GME,2023-12-26,20231226,16.98,17.41,16.82,17.360000610351562,17.36,17.36,3079600,0.022982,0.0
GME,2023-12-27,20231227,17.43,18.37,17.37,18.3700008392334,18.37,18.37,4800100,0.05818,0.0
GME,2023-12-28,20231228,18.05,18.32,17.85,18.06999969482422,18.07,18.07,3574800,-0.016331,0.0
GME,2023-12-29,20231229,18.04,18.16,17.46,17.530000686645508,17.53,17.53,4536700,-0.029884,0.0
GME,2024-01-02,20240102,17.25,17.6,16.58,16.670000076293945,16.67,16.67,4428000,-0.049059,0.0
GME,2024-01-03,20240103,16.3,16.83,15.9,16.690000534057617,16.69,16.69,4193600,0.0012,0.0
GME,2024-01-04,20240104,16.51,16.75,16.31,16.360000610351562,16.36,16.36,2671500,-0.019772,0.0
GME,2024-01-05,20240105,16.16,16.52,15.96,15.960000038146973,15.96,15.96,2619200,-0.02445,0.0
GME,2024-01-08,20240108,15.78,16.12,15.7,15.789999961853027,15.79,15.79,3031100,-0.010652,0.0
GME,2024-01-09,20240109,15.59,15.62,15.12,15.15999984741211,15.16,15.16,3105300,-0.039899,0.0
GME,2024-01-10,20240110,15.12,15.76,14.97,15.729999542236328,15.73,15.73,3191700,0.037599,0.0
GME,2024-01-11,20240111,15.65,15.8,15.24,15.25,15.25,15.25,2992200,-0.030515,0.0
GME,2024-01-12,20240112,15.3,15.62,14.73,14.75,14.75,14.75,2479800,-0.032787,0.0
GME,2024-01-16,20240116,14.6,14.62,13.93,13.979999542236328,13.98,13.98,3581200,-0.052203,0.0
GME,2024-01-17,20240117,13.86,14.11,13.71,14.079999923706055,14.08,14.08,2706200,0.007153,0.0
GME,2024-01-18,20240118,14.2,14.77,14.05,14.289999961853027,14.29,14.29,3906000,0.014915,0.0
GME,2024-01-19,20240119,14.36,14.6,14.09,14.510000228881836,14.51,14.51,2396200,0.015395,0.0
GME,2024-01-22,20240122,14.5,15.16,14.3,14.899999618530273,14.9,14.9,3606500,0.026878,0.0
GME,2024-01-23,20240123,15.0,15.02,14.05,14.180000305175781,14.18,14.18,3495300,-0.048322,0.0
GME,2024-01-24,20240124,14.28,14.38,13.82,13.949999809265137,13.95,13.95,2513800,-0.01622,0.0
GME,2024-01-25,20240125,13.97,14.54,13.92,14.520000457763672,14.52,14.52,3635900,0.04086,0.0
GME,2024-01-26,20240126,14.44,14.72,14.41,14.489999771118164,14.49,14.49,2288800,-0.002066,0.0
GME,2024-01-29,20240129,14.5,14.81,14.32,14.779999732971191,14.78,14.78,2164200,0.020014,0.0
GME,2024-01-30,20240130,14.54,14.82,14.51,14.550000190734863,14.55,14.55,1652600,-0.015562,0.0
GME,2024-01-31,20240131,14.4,14.83,14.22,14.229999542236328,14.23,14.23,2684700,-0.021993,0.0
GME,2024-02-01,20240201,14.34,14.42,14.02,14.420000076293945,14.42,14.42,2220200,0.013352,0.0
GME,2024-02-02,20240202,14.15,14.92,14.08,14.729999542236328,14.73,14.73,2924500,0.021498,0.0
GME,2024-02-05,20240205,14.5,14.61,13.4,13.460000038146973,13.46,13.46,4361500,-0.086219,0.0
GME,2024-02-06,20240206,13.6,14.3,13.43,14.100000381469727,14.1,14.1,3047800,0.047548,0.0
GME,2024-02-07,20240207,14.12,14.3,13.78,14.069999694824219,14.07,14.07,1947800,-0.002128,0.0
GME,2024-02-08,20240208,14.01,14.44,13.89,14.350000381469727,14.35,14.35,1838300,0.0199,0.0
GME,2024-02-09,20240209,14.37,15.23,14.3,14.65999984741211,14.66,14.66,3575300,0.021603,0.0
GME,2024-02-12,20240212,14.58,15.22,14.53,14.729999542236328,14.73,14.73,2750100,0.004775,0.0
GME,2024-02-13,20240213,14.2,14.4,13.77,14.170000076293945,14.17,14.17,3788700,-0.038018,0.0
GME,2024-02-14,20240214,14.33,14.43,14.05,14.40999984741211,14.41,14.41,2504400,0.016937,0.0
GME,2024-02-15,20240215,14.54,14.75,14.23,14.510000228881836,14.51,14.51,2400500,0.00694,0.0
GME,2024-02-16,20240216,14.46,14.53,14.1,14.119999885559082,14.12,14.12,2301900,-0.026878,0.0
GME,2024-02-20,20240220,13.96,14.05,13.16,13.489999771118164,13.49,13.49,3784500,-0.044618,0.0
GME,2024-02-21,20240221,13.46,13.67,13.23,13.40999984741211,13.41,13.41,1722800,-0.00593,0.0
GME,2024-02-22,20240222,13.5,13.65,13.34,13.359999656677246,13.36,13.36,1817800,-0.003729,0.0
GME,2024-02-23,20240223,13.3,13.79,13.12,13.510000228881836,13.51,13.51,2319700,0.011228,0.0
GME,2024-02-26,20240226,13.31,13.75,13.2,13.680000305175781,13.68,13.68,2278600,0.012583,0.0
GME,2024-02-27,20240227,13.7,14.29,13.68,14.210000038146973,14.21,14.21,2795500,0.038743,0.0
GME,2024-02-28,20240228,14.0,14.47,13.89,14.239999771118164,14.24,14.24,2440700,0.002111,0.0
GME,2024-02-29,20240229,14.34,14.65,14.03,14.270000457763672,14.27,14.27,2638700,0.002107,0.0
GME,2024-03-01,20240301,14.18,15.09,13.99,14.949999809265137,14.95,14.95,4899500,0.047652,0.0
GME,2024-03-04,20240304,14.93,15.59,14.83,15.220000267028809,15.22,15.22,4367600,0.01806,0.0
GME,2024-03-05,20240305,14.95,15.28,14.78,15.0,15.0,15.0,3152700,-0.014455,0.0
GME,2024-03-06,20240306,15.22,15.89,14.94,15.260000228881836,15.26,15.26,3818100,0.017333,0.0
GME,2024-03-07,20240307,15.26,15.51,15.05,15.260000228881836,15.26,15.26,2111900,0.0,0.0
GME,2024-03-08,20240308,15.4,15.63,14.52,14.649999618530273,14.65,14.65,3169800,-0.039974,0.0
GME,2024-03-11,20240311,14.64,14.94,14.36,14.430000305175781,14.43,14.43,2111900,-0.015017,0.0
GME,2024-03-12,20240312,14.35,14.84,14.09,14.720000267028809,14.72,14.72,2382600,0.020097,0.0
GME,2024-03-13,20240313,14.69,15.2,14.62,14.869999885559082,14.87,14.87,2898100,0.01019,0.0
GME,2024-03-14,20240314,14.8,15.02,14.4,14.630000114440918,14.63,14.63,2534200,-0.01614,0.0
GME,2024-03-15,20240315,14.55,14.83,14.21,14.239999771118164,14.24,14.24,4480700,-0.026658,0.0
GME,2024-03-18,20240318,14.25,14.3,13.9,13.90999984741211,13.91,13.91,3490800,-0.023174,0.0
GME,2024-03-19,20240319,13.76,13.89,13.3,13.40999984741211,13.41,13.41,3894700,-0.035945,0.0
GME,2024-03-20,20240320,13.47,13.79,13.21,13.479999542236328,13.48,13.48,3921300,0.00522,0.0
GME,2024-03-21,20240321,13.56,14.02,13.48,13.65999984741211,13.66,13.66,3382800,0.013353,0.0
GME,2024-03-22,20240322,13.76,13.95,13.01,13.100000381469727,13.1,13.1,4411600,-0.040996,0.0
GME,2024-03-25,20240325,13.42,15.15,13.31,15.119999885559082,15.12,15.12,10416300,0.154198,0.0
GME,2024-03-26,20240326,15.15,15.63,14.75,15.5,15.5,15.5,17245800,0.025132,0.0
GME,2024-03-27,20240327,13.05,13.72,12.8,13.170000076293945,13.17,13.17,17871300,-0.150323,0.0
GME,2024-03-28,20240328,13.19,13.19,12.47,12.520000457763672,12.52,12.52,8473500,-0.049355,0.0
GME,2024-04-01,20240401,12.63,12.67,11.55,11.989999771118164,11.99,11.99,9207100,-0.042332,0.0
GME,2024-04-02,20240402,11.84,11.99,11.26,11.279999732971191,11.28,11.28,6327700,-0.059216,0.0
GME,2024-04-03,20240403,11.22,11.5,10.9,11.380000114440918,11.38,11.38,4331500,0.008865,0.0
GME,2024-04-04,20240404,11.5,11.83,11.38,11.529999732971191,11.53,11.53,4347000,0.013181,0.0
GME,2024-04-05,20240405,11.3,11.5,10.97,11.25,11.25,11.25,4760000,-0.024284,0.0
GME,2024-04-08,20240408,11.3,11.37,10.83,10.829999923706055,10.83,10.83,3659100,-0.037333,0.0
GME,2024-04-09,20240409,10.85,11.18,10.73,11.010000228881836,11.01,11.01,3455500,0.01662,0.0
GME,2024-04-10,20240410,10.9,11.07,10.75,10.850000381469727,10.85,10.85,3546200,-0.014532,0.0
GME,2024-04-11,20240411,10.91,11.39,10.8,11.289999961853027,11.29,11.29,3802100,0.040553,0.0
GME,2024-04-12,20240412,11.21,11.23,10.76,10.770000457763672,10.77,10.77,3214400,-0.046058,0.0
GME,2024-04-15,20240415,10.81,10.84,10.06,10.0600004196167,10.06,10.06,5086300,-0.065924,0.0
GME,2024-04-16,20240416,10.0,10.55,9.95,10.369999885559082,10.37,10.37,4162100,0.030815,0.0
GME,2024-04-17,20240417,10.44,10.59,10.3,10.300000190734863,10.3,10.3,2096700,-0.00675,0.0
GME,2024-04-18,20240418,10.32,10.63,10.27,10.3100004196167,10.31,10.31,2175400,0.000971,0.0
GME,2024-04-19,20240419,10.2,10.5,10.2,10.420000076293945,10.42,10.42,2462700,0.010669,0.0
GME,2024-04-22,20240422,10.41,10.45,10.01,10.010000228881836,10.01,10.01,3261000,-0.039347,0.0
GME,2024-04-23,20240423,10.05,10.28,10.01,10.15999984741211,10.16,10.16,2511800,0.014985,0.0
GME,2024-04-24,20240424,10.16,10.94,10.16,10.930000305175781,10.93,10.93,4829600,0.075787,0.0
GME,2024-04-25,20240425,10.7,11.21,10.48,11.210000038146973,11.21,11.21,4903800,0.025618,0.0
GME,2024-04-26,20240426,11.18,12.19,11.0,11.899999618530273,11.9,11.9,7685100,0.061552,0.0
GME,2024-04-29,20240429,11.84,11.96,11.18,11.289999961853027,11.29,11.29,3821500,-0.051261,0.0
GME,2024-04-30,20240430,11.18,11.3,10.91,11.09000015258789,11.09,11.09,2866500,-0.017715,0.0
GME,2024-05-01,20240501,11.03,11.32,10.7,10.90999984741211,10.91,10.91,2653200,-0.016231,0.0
GME,2024-05-02,20240502,11.11,12.88,10.96,12.760000228881836,12.76,12.76,8654800,0.169569,0.0
GME,2024-05-03,20240503,12.42,17.45,12.31,16.469999313354492,16.47,16.47,36292400,0.290752,0.0
GME,2024-05-06,20240506,14.99,17.4,13.62,16.309999465942383,16.31,16.31,48018700,-0.009715,0.0
GME,2024-05-07,20240507,15.85,17.29,14.93,16.309999465942383,16.31,16.31,24308600,0.0,0.0
GME,2024-05-08,20240508,16.05,17.24,15.33,15.920000076293945,15.92,15.92,24775100,-0.023912,0.0
GME,2024-05-09,20240509,15.9,18.51,15.35,18.010000228881836,18.01,18.01,25759300,0.131281,0.0
GME,2024-05-10,20240510,17.93,20.2,16.88,17.459999084472656,17.46,17.46,36831900,-0.030539,0.0
GME,2024-05-13,20240513,26.34,38.2,24.77,30.450000762939453,30.45,30.45,187241700,0.743986,0.0
GME,2024-05-14,20240514,64.83,64.83,36.0,48.75,48.75,48.75,206979100,0.600985,0.0
GME,2024-05-15,20240515,40.31,42.35,31.0,39.54999923706055,39.55,39.55,131790100,-0.188718,0.0
GME,2024-05-16,20240516,33.98,35.24,27.59,27.670000076293945,27.67,27.67,76177600,-0.300379,0.0
GME,2024-05-17,20240517,21.86,22.41,19.7,22.209999084472656,22.21,22.21,96079600,-0.197326,0.0
GME,2024-05-20,20240520,21.54,23.4,18.94,23.139999389648438,23.14,23.14,55261600,0.041873,0.0
GME,2024-05-21,20240521,22.24,22.85,20.04,22.1200008392334,22.12,22.12,49250100,-0.04408,0.0
GME,2024-05-22,20240522,21.56,22.25,20.76,21.1200008392334,21.12,21.12,43521400,-0.045208,0.0
GME,2024-05-23,20240523,21.4,21.4,18.26,18.31999969482422,18.32,18.32,30561100,-0.132576,0.0
GME,2024-05-24,20240524,18.42,19.68,17.7,19.0,19.0,19.0,43017100,0.037118,0.0
GME,2024-05-28,20240528,23.1,26.66,21.15,23.780000686645508,23.78,23.78,105077600,0.251579,0.0
GME,2024-05-29,20240529,22.0,22.98,21.05,21.239999771118164,21.24,21.24,26921200,-0.106812,0.0
GME,2024-05-30,20240530,21.02,22.7,20.1,22.610000610351562,22.61,22.61,24403600,0.064501,0.0
GME,2024-05-31,20240531,22.58,23.72,21.68,23.139999389648438,23.14,23.14,22174300,0.023441,0.0
GME,2024-06-03,20240603,40.19,40.5,26.4,28.0,28.0,28.0,165808300,0.210026,0.0
GME,2024-06-04,20240604,26.26,28.01,25.2,26.5,26.5,26.5,51662100,-0.053571,0.0
GME,2024-06-05,20240605,26.3,31.84,26.11,31.56999969482422,31.57,31.57,73156400,0.191321,0.0
GME,2024-06-06,20240606,31.57,47.5,31.28,46.54999923706055,46.55,46.55,206685800,0.474501,0.0
GME,2024-06-07,20240607,37.69,48.0,26.12,28.219999313354492,28.22,28.22,279054400,-0.39377,0.0
GME,2024-06-10,20240610,28.97,29.34,23.06,24.829999923706055,24.83,24.83,130842800,-0.120128,0.0
GME,2024-06-11,20240611,24.4,30.92,22.79,30.489999771118164,30.49,30.49,146914700,0.22795,0.0
GME,2024-06-12,20240612,29.17,33.7,24.83,25.459999084472656,25.46,25.46,147986700,-0.164972,0.0
GME,2024-06-13,20240613,26.56,29.58,25.56,29.1200008392334,29.12,29.12,107306600,0.143755,0.0
GME,2024-06-14,20240614,29.23,30.66,27.41,28.700000762939453,28.7,28.7,82874400,-0.014423,0.0
GME,2024-06-17,20240617,28.55,29.18,23.79,25.219999313354492,25.22,25.22,90351900,-0.121254,0.0
GME,2024-06-18,20240618,24.58,25.97,23.61,24.700000762939453,24.7,24.7,38079200,-0.020619,0.0
GME,2024-06-20,20240620,24.25,25.93,23.65,25.59000015258789,25.59,25.59,36029300,0.036032,0.0
GME,2024-06-21,20240621,25.24,25.81,23.51,23.93000030517578,23.93,23.93,27457200,-0.064869,0.0
GME,2024-06-24,20240624,23.26,24.83,23.24,23.649999618530273,23.65,23.65,22162900,-0.011701,0.0
GME,2024-06-25,20240625,23.6,24.97,22.55,24.93000030517578,24.93,24.93,26898400,0.054123,0.0
GME,2024-06-26,20240626,24.6,25.38,24.04,24.200000762939453,24.2,24.2,17903000,-0.029282,0.0
GME,2024-06-27,20240627,24.1,26.69,24.06,25.09000015258789,25.09,25.09,34867000,0.036777,0.0
GME,2024-06-28,20240628,25.02,26.17,24.31,24.690000534057617,24.69,24.69,20212000,-0.015943,0.0
GME,2024-07-01,20240701,23.35,23.78,22.31,23.329999923706055,23.33,23.33,30689000,-0.055083,0.0
GME,2024-07-02,20240702,23.24,24.32,23.1,23.979999542236328,23.98,23.98,13703500,0.027861,0.0
GME,2024-07-03,20240703,24.03,24.89,23.65,24.3700008392334,24.37,24.37,11829500,0.016264,0.0
GME,2024-07-05,20240705,24.18,25.08,23.82,24.18000030517578,24.18,24.18,11782100,-0.007796,0.0
GME,2024-07-08,20240708,24.12,25.14,23.85,24.450000762939453,24.45,24.45,11815500,0.011166,0.0
GME,2024-07-09,20240709,24.6,25.18,24.0,24.600000381469727,24.6,24.6,9419800,0.006135,0.0
GME,2024-07-10,20240710,25.0,26.45,24.9,24.969999313354492,24.97,24.97,22325400,0.015041,0.0
GME,2024-07-11,20240711,25.44,26.02,25.02,25.56999969482422,25.57,25.57,13032700,0.024029,0.0
GME,2024-07-12,20240712,25.76,26.89,25.42,26.049999237060547,26.05,26.05,16238900,0.018772,0.0
GME,2024-07-15,20240715,25.98,27.2,25.65,27.0,27.0,27.0,17136400,0.036468,0.0
GME,2024-07-16,20240716,27.75,28.83,27.37,28.540000915527344,28.54,28.54,25594500,0.057037,0.0
GME,2024-07-17,20240717,28.4,29.79,27.24,27.979999542236328,27.98,27.98,23775000,-0.019622,0.0
GME,2024-07-18,20240718,27.98,28.38,25.61,25.8799991607666,25.88,25.88,16969700,-0.075054,0.0
GME,2024-07-19,20240719,25.55,26.39,24.85,24.969999313354492,24.97,24.97,12763300,-0.035162,0.0
GME,2024-07-22,20240722,24.84,25.98,24.38,25.219999313354492,25.22,25.22,14090400,0.010012,0.0
GME,2024-07-23,20240723,25.22,25.68,24.89,25.5,25.5,25.5,7921700,0.011102,0.0
GME,2024-07-24,20240724,25.15,25.45,23.93,24.010000228881836,24.01,24.01,9549200,-0.058431,0.0
GME,2024-07-25,20240725,23.59,24.59,23.36,23.950000762939453,23.95,23.95,8567700,-0.002499,0.0
GME,2024-07-26,20240726,24.28,24.77,24.11,24.1299991607666,24.13,24.13,6833900,0.007516,0.0
GME,2024-07-29,20240729,24.23,24.38,23.54,23.600000381469727,23.6,23.6,7250200,-0.021964,0.0
GME,2024-07-30,20240730,23.6,23.89,22.34,22.399999618530273,22.4,22.4,9272400,-0.050847,0.0
GME,2024-07-31,20240731,22.86,23.45,22.61,22.670000076293945,22.67,22.67,8005800,0.012054,0.0
GME,2024-08-01,20240801,22.92,23.09,21.56,21.709999084472656,21.71,21.71,9334400,-0.042347,0.0
GME,2024-08-02,20240802,20.95,21.61,20.43,21.06999969482422,21.07,21.07,9030000,-0.02948,0.0
GME,2024-08-05,20240805,18.83,20.8,18.73,20.649999618530273,20.65,20.65,12205900,-0.019934,0.0
GME,2024-08-06,20240806,21.02,21.58,20.26,21.280000686645508,21.28,21.28,6505300,0.030508,0.0
GME,2024-08-07,20240807,21.15,21.46,20.38,20.829999923706055,20.83,20.83,6101100,-0.021147,0.0
GME,2024-08-08,20240808,21.01,21.88,20.81,21.75,21.75,21.75,5439700,0.044167,0.0
GME,2024-08-09,20240809,21.51,22.17,21.46,21.93000030517578,21.93,21.93,4828900,0.008276,0.0
GME,2024-08-12,20240812,21.98,22.27,21.45,21.8799991607666,21.88,21.88,4449100,-0.00228,0.0
GME,2024-08-13,20240813,21.96,22.38,21.86,22.270000457763672,22.27,22.27,3913700,0.017824,0.0
GME,2024-08-14,20240814,22.34,22.73,21.79,21.989999771118164,21.99,21.99,3489400,-0.012573,0.0
GME,2024-08-15,20240815,22.25,22.84,21.97,22.530000686645508,22.53,22.53,5361400,0.024557,0.0
GME,2024-08-16,20240816,22.37,22.69,22.24,22.399999618530273,22.4,22.4,3641800,-0.00577,0.0
GME,2024-08-19,20240819,22.35,23.1,22.32,22.65999984741211,22.66,22.66,4543500,0.011607,0.0
GME,2024-08-20,20240820,22.5,22.52,21.96,22.280000686645508,22.28,22.28,3570300,-0.01677,0.0
GME,2024-08-21,20240821,22.17,22.65,22.16,22.549999237060547,22.55,22.55,3163200,0.012118,0.0
GME,2024-08-22,20240822,22.5,22.76,22.09,22.1200008392334,22.12,22.12,3382500,-0.019069,0.0
GME,2024-08-23,20240823,22.25,22.62,22.18,22.209999084472656,22.21,22.21,4056700,0.004069,0.0
GME,2024-08-26,20240826,22.25,22.39,21.3,21.360000610351562,21.36,21.36,4780500,-0.038271,0.0
GME,2024-08-27,20240827,21.06,21.29,20.66,20.739999771118164,20.74,20.74,4118800,-0.029026,0.0
GME,2024-08-28,20240828,20.71,21.07,19.88,19.899999618530273,19.9,19.9,5219500,-0.040501,0.0
GME,2024-08-29,20240829,20.5,22.45,20.47,21.510000228881836,21.51,21.51,10428400,0.080905,0.0
GME,2024-08-30,20240830,21.82,23.48,21.73,23.420000076293945,23.42,23.42,15680700,0.088796,0.0
GME,2024-09-03,20240903,24.15,24.69,22.82,23.139999389648438,23.14,23.14,11350500,-0.011956,0.0
GME,2024-09-04,20240904,22.85,23.71,22.11,22.1200008392334,22.12,22.12,6700900,-0.04408,0.0
GME,2024-09-05,20240905,22.0,22.68,21.66,22.389999389648438,22.39,22.39,5101200,0.012206,0.0
GME,2024-09-06,20240906,22.4,24.48,21.8,23.920000076293945,23.92,23.92,23884000,0.068334,0.0
GME,2024-09-09,20240909,23.24,25.02,23.16,24.25,24.25,24.25,14064700,0.013796,0.0
GME,2024-09-10,20240910,24.77,24.8,23.13,23.450000762939453,23.45,23.45,19175500,-0.03299,0.0
GME,2024-09-11,20240911,20.82,21.09,19.31,20.639999389648438,20.64,20.64,28921500,-0.119829,0.0
GME,2024-09-12,20240912,20.47,20.71,19.99,20.399999618530273,20.4,20.4,9539500,-0.011628,0.0
GME,2024-09-13,20240913,20.49,20.92,20.34,20.649999618530273,20.65,20.65,8053700,0.012255,0.0
GME,2024-09-16,20240916,20.45,20.52,19.92,20.09000015258789,20.09,20.09,5981200,-0.027119,0.0
GME,2024-09-17,20240917,20.24,20.56,19.92,20.15999984741211,20.16,20.16,6307600,0.003484,0.0
GME,2024-09-18,20240918,20.05,20.26,19.42,19.649999618530273,19.65,19.65,10728200,-0.025298,0.0
GME,2024-09-19,20240919,19.89,20.03,19.47,19.510000228881836,19.51,19.51,8902600,-0.007125,0.0
GME,2024-09-20,20240920,19.63,22.03,19.48,21.850000381469727,21.85,21.85,61919200,0.119938,0.0
GME,2024-09-23,20240923,21.54,22.56,21.23,22.309999465942383,22.31,22.31,13969500,0.021053,0.0
GME,2024-09-24,20240924,22.61,22.72,21.54,22.6299991607666,22.63,22.63,12121400,0.014343,0.0
GME,2024-09-25,20240925,22.16,22.83,22.07,22.18000030517578,22.18,22.18,6139700,-0.019885,0.0
GME,2024-09-26,20240926,22.4,22.64,21.87,22.290000915527344,22.29,22.29,5777500,0.004959,0.0
GME,2024-09-27,20240927,22.39,23.1,21.97,22.479999542236328,22.48,22.48,7416500,0.008524,0.0
GME,2024-09-30,20240930,22.3,23.64,22.17,22.93000030517578,22.93,22.93,10161700,0.020018,0.0
GME,2024-10-01,20241001,22.95,23.12,21.81,21.969999313354492,21.97,21.97,7189200,-0.041867,0.0
GME,2024-10-02,20241002,21.86,22.3,21.41,21.489999771118164,21.49,21.49,5673100,-0.021848,0.0
GME,2024-10-03,20241003,21.36,21.79,21.11,21.200000762939453,21.2,21.2,4665800,-0.013495,0.0
GME,2024-10-04,20241004,21.48,21.97,21.29,21.399999618530273,21.4,21.4,5286200,0.009434,0.0
GME,2024-10-07,20241007,21.35,21.53,20.81,20.899999618530273,20.9,20.9,5988000,-0.023364,0.0
GME,2024-10-08,20241008,20.9,21.27,20.53,20.709999084472656,20.71,20.71,4840500,-0.009091,0.0
GME,2024-10-09,20241009,20.5,20.74,20.3,20.5,20.5,20.5,3914000,-0.01014,0.0
GME,2024-10-10,20241010,20.47,21.05,20.38,20.90999984741211,20.91,20.91,4180800,0.02,0.0
GME,2024-10-11,20241011,20.66,21.22,20.66,20.829999923706055,20.83,20.83,3931600,-0.003826,0.0
GME,2024-10-14,20241014,20.75,21.67,20.46,21.329999923706055,21.33,21.33,6636600,0.024004,0.0
GME,2024-10-15,20241015,21.45,21.68,20.98,21.270000457763672,21.27,21.27,4851900,-0.002813,0.0
GME,2024-10-16,20241016,21.13,21.75,21.03,21.65999984741211,21.66,21.66,4264600,0.018336,0.0
GME,2024-10-17,20241017,21.5,21.66,21.23,21.40999984741211,21.41,21.41,3015300,-0.011542,0.0
GME,2024-10-18,20241018,21.41,21.61,20.98,21.219999313354492,21.22,21.22,5302200,-0.008874,0.0
GME,2024-10-21,20241021,21.1,21.22,20.66,20.700000762939453,20.7,20.7,3956500,-0.024505,0.0
GME,2024-10-22,20241022,20.62,20.94,20.43,20.93000030517578,20.93,20.93,3232300,0.011111,0.0
GME,2024-10-23,20241023,20.73,20.98,20.35,20.540000915527344,20.54,20.54,2945000,-0.018634,0.0
GME,2024-10-24,20241024,20.63,20.84,20.48,20.6299991607666,20.63,20.63,2682300,0.004382,0.0
GME,2024-10-25,20241025,20.65,21.43,20.54,20.56999969482422,20.57,20.57,5989000,-0.002908,0.0
GME,2024-10-28,20241028,20.84,22.77,20.73,22.729999542236328,22.73,22.73,13641200,0.105007,0.0
GME,2024-10-29,20241029,22.7,23.2,22.09,22.68000030517578,22.68,22.68,10078100,-0.0022,0.0
GME,2024-10-30,20241030,23.4,24.54,22.75,23.280000686645508,23.28,23.28,12383600,0.026455,0.0
GME,2024-10-31,20241031,22.83,23.03,22.05,22.18000030517578,22.18,22.18,5594500,-0.047251,0.0
GME,2024-11-01,20241101,22.4,23.05,22.08,22.40999984741211,22.41,22.41,4744500,0.01037,0.0
GME,2024-11-04,20241104,22.2,22.65,21.88,22.329999923706055,22.33,22.33,4300200,-0.00357,0.0
GME,2024-11-05,20241105,22.32,23.2,22.27,22.989999771118164,22.99,22.99,5858400,0.029557,0.0
GME,2024-11-06,20241106,23.31,23.82,22.9,23.100000381469727,23.1,23.1,6648000,0.004785,0.0
GME,2024-11-07,20241107,23.07,23.66,22.81,23.450000762939453,23.45,23.45,5554400,0.015152,0.0
GME,2024-11-08,20241108,23.44,25.39,23.24,24.8799991607666,24.88,24.88,15908600,0.060981,0.0
GME,2024-11-11,20241111,25.26,28.05,24.63,27.260000228881836,27.26,27.26,26633000,0.095659,0.0
GME,2024-11-12,20241112,26.06,27.1,24.95,26.84000015258789,26.84,26.84,18972700,-0.015407,0.0
GME,2024-11-13,20241113,26.26,28.22,26.22,26.459999084472656,26.46,26.46,18490300,-0.014158,0.0
GME,2024-11-14,20241114,27.17,28.28,26.72,27.3700008392334,27.37,27.37,16502000,0.034392,0.0
GME,2024-11-15,20241115,28.08,28.59,26.32,26.59000015258789,26.59,26.59,16451800,-0.028498,0.0
GME,2024-11-18,20241118,26.65,27.16,25.85,26.440000534057617,26.44,26.44,8494900,-0.005641,0.0
GME,2024-11-19,20241119,25.89,27.6,25.71,27.56999969482422,27.57,27.57,8698600,0.042738,0.0
GME,2024-11-20,20241120,27.26,29.8,27.26,28.450000762939453,28.45,28.45,22089700,0.031919,0.0
GME,2024-11-21,20241121,29.09,29.17,27.18,27.81999969482422,27.82,27.82,10587200,-0.022144,0.0
GME,2024-11-22,20241122,27.88,28.46,27.42,27.899999618530273,27.9,27.9,7975700,0.002876,0.0
GME,2024-11-25,20241125,28.05,29.77,27.96,29.670000076293945,29.67,29.67,13090400,0.063441,0.0
GME,2024-11-26,20241126,29.4,32.12,28.78,30.329999923706055,30.33,30.33,24657300,0.022245,0.0
GME,2024-11-27,20241127,30.8,31.55,30.51,30.889999389648438,30.89,30.89,12895100,0.018464,0.0
GME,2024-11-29,20241129,31.01,31.08,28.85,29.049999237060547,29.05,29.05,10473700,-0.059566,0.0
GME,2024-12-02,20241202,28.96,29.37,26.75,27.270000457763672,27.27,27.27,13576600,-0.061274,0.0
GME,2024-12-03,20241203,26.55,27.59,26.49,27.440000534057617,27.44,27.44,6009900,0.006234,0.0
GME,2024-12-04,20241204,27.07,27.83,26.63,27.030000686645508,27.03,27.03,6387500,-0.014942,0.0
GME,2024-12-05,20241205,27.0,30.87,26.15,28.6299991607666,28.63,28.63,40704900,0.059193,0.0
GME,2024-12-06,20241206,29.12,29.35,28.11,29.059999465942383,29.06,29.06,15161400,0.015019,0.0
GME,2024-12-09,20241209,29.0,29.86,27.74,27.93000030517578,27.93,27.93,11495400,-0.038885,0.0
GME,2024-12-10,20241210,27.88,28.39,26.85,26.93000030517578,26.93,26.93,18209400,-0.035804,0.0
GME,2024-12-11,20241211,27.75,30.16,27.51,28.969999313354492,28.97,28.97,20485000,0.075752,0.0
GME,2024-12-12,20241212,28.9,29.66,28.58,28.75,28.75,28.75,8855700,-0.007594,0.0
GME,2024-12-13,20241213,28.7,28.86,27.92,27.989999771118164,27.99,27.99,6581600,-0.026435,0.0
GME,2024-12-16,20241216,27.7,29.59,27.27,29.440000534057617,29.44,29.44,8700000,0.051804,0.0
GME,2024-12-17,20241217,29.64,31.88,29.64,31.260000228881836,31.26,31.26,19948100,0.061821,0.0
GME,2024-12-18,20241218,31.1,31.7,28.34,28.549999237060547,28.55,28.55,13947300,-0.086692,0.0
GME,2024-12-19,20241219,29.16,30.6,28.82,29.0,29.0,29.0,10338200,0.015762,0.0
GME,2024-12-20,20241220,28.54,30.52,28.31,29.81999969482422,29.82,29.82,19606700,0.028276,0.0
GME,2024-12-23,20241223,29.82,31.11,29.78,30.899999618530273,30.9,30.9,8226500,0.036217,0.0
GME,2024-12-24,20241224,31.0,31.59,30.58,31.139999389648438,31.14,31.14,5523500,0.007767,0.0
GME,2024-12-26,20241226,32.62,34.37,31.6,32.9900016784668,32.99,32.99,20432900,0.059409,0.0
GME,2024-12-27,20241227,32.39,33.05,30.73,32.20000076293945,32.2,32.2,10141700,-0.023947,0.0
GME,2024-12-30,20241230,31.8,32.88,31.61,32.0099983215332,32.01,32.01,9593100,-0.005901,0.0
GME,2024-12-31,20241231,32.06,32.44,31.1,31.34000015258789,31.34,31.34,7395300,-0.020931,0.0
GME,2025-01-02,20250102,31.84,32.05,30.37,30.65999984741211,30.66,30.66,7979700,-0.021698,0.0
GME,2025-01-03,20250103,30.8,32.14,30.57,31.649999618530273,31.65,31.65,7461800,0.03229,0.0
GME,2025-01-06,20250106,31.7,33.49,30.76,32.81999969482422,32.82,32.82,12609400,0.036967,0.0
GME,2025-01-07,20250107,32.8,34.4,31.71,33.369998931884766,33.37,33.37,13360700,0.016758,0.0
GME,2025-01-08,20250108,32.97,33.37,32.41,32.959999084472656,32.96,32.96,6320000,-0.012286,0.0
GME,2025-01-10,20250110,32.5,32.94,31.4,32.310001373291016,32.31,32.31,7068200,-0.019721,0.0
GME,2025-01-13,20250113,31.6,31.8,30.9,31.020000457763672,31.02,31.02,5567000,-0.039926,0.0
GME,2025-01-14,20250114,31.26,31.68,27.56,27.8799991607666,27.88,27.88,11796600,-0.101225,0.0
GME,2025-01-15,20250115,28.9,29.33,27.84,27.959999084472656,27.96,27.96,6025400,0.002869,0.0
GME,2025-01-16,20250116,27.94,28.14,27.41,27.719999313354492,27.72,27.72,4432000,-0.008584,0.0
GME,2025-01-17,20250117,27.61,28.79,27.02,27.510000228881836,27.51,27.51,8977500,-0.007576,0.0
GME,2025-01-21,20250121,27.4,27.57,26.33,27.469999313354492,27.47,27.47,5867800,-0.001454,0.0
GME,2025-01-22,20250122,27.36,28.02,27.3,27.649999618530273,27.65,27.65,5025400,0.006553,0.0
GME,2025-01-23,20250123,27.88,29.26,27.68,28.329999923706055,28.33,28.33,8828200,0.024593,0.0
GME,2025-01-24,20250124,28.3,28.67,27.62,27.770000457763672,27.77,27.77,4511600,-0.019767,0.0
GME,2025-01-27,20250127,26.92,27.68,26.8,26.969999313354492,26.97,26.97,5060300,-0.028808,0.0
GME,2025-01-28,20250128,27.0,27.59,26.65,27.459999084472656,27.46,27.46,3169900,0.018168,0.0
GME,2025-01-29,20250129,27.41,27.74,27.06,27.510000228881836,27.51,27.51,3220400,0.001821,0.0
GME,2025-01-30,20250130,27.84,28.23,27.71,27.989999771118164,27.99,27.99,3343900,0.017448,0.0
GME,2025-01-31,20250131,27.79,28.18,26.9,26.899999618530273,26.9,26.9,4472100,-0.038942,0.0
GME,2025-02-03,20250203,25.57,26.54,25.5,25.889999389648438,25.89,25.89,5740500,-0.037546,0.0
GME,2025-02-04,20250204,25.85,26.25,25.8,25.899999618530273,25.9,25.9,3353700,0.000386,0.0
GME,2025-02-05,20250205,25.7,25.81,24.9,24.93000030517578,24.93,24.93,4580200,-0.037452,0.0
GME,2025-02-06,20250206,24.93,25.39,24.53,24.799999237060547,24.8,24.8,4349500,-0.005215,0.0
GME,2025-02-07,20250207,24.9,25.02,24.6,24.729999542236328,24.73,24.73,3403300,-0.002823,0.0
GME,2025-02-10,20250210,25.5,27.27,25.3,27.1200008392334,27.12,27.12,9694700,0.096644,0.0
GME,2025-02-11,20250211,26.85,27.76,26.47,26.559999465942383,26.56,26.56,7042700,-0.020649,0.0
GME,2025-02-12,20250212,26.12,26.4,25.6,25.989999771118164,25.99,25.99,3999200,-0.021461,0.0
GME,2025-02-13,20250213,25.75,26.4,25.75,26.34000015258789,26.34,26.34,8255300,0.013467,0.0
GME,2025-02-14,20250214,28.9,28.97,26.9,27.0,27.0,27.0,12142600,0.025057,0.0
GME,2025-02-18,20250218,27.03,27.59,26.66,26.969999313354492,26.97,26.97,5337800,-0.001111,0.0
GME,2025-02-19,20250219,26.8,26.96,25.92,26.0,26.0,26.0,4382100,-0.035966,0.0
GME,2025-02-20,20250220,25.8,27.45,25.76,27.040000915527344,27.04,27.04,7735200,0.04,0.0
GME,2025-02-21,20250221,27.25,27.58,26.16,26.420000076293945,26.42,26.42,6130900,-0.022929,0.0
GME,2025-02-24,20250224,26.34,26.39,24.95,25.0,25.0,25.0,5980000,-0.053747,0.0
GME,2025-02-25,20250225,24.93,25.29,23.83,24.420000076293945,24.42,24.42,6551500,-0.0232,0.0
GME,2025-02-26,20250226,24.54,25.21,24.45,24.610000610351562,24.61,24.61,3272500,0.007781,0.0
GME,2025-02-27,20250227,25.0,25.37,24.14,24.479999542236328,24.48,24.48,4590000,-0.005282,0.0
GME,2025-02-28,20250228,24.33,25.1,24.2,25.040000915527344,25.04,25.04,4137100,0.022876,0.0
GME,2025-03-03,20250303,25.26,25.48,24.18,24.399999618530273,24.4,24.4,4291000,-0.025559,0.0
GME,2025-03-04,20250304,23.77,24.86,23.44,24.299999237060547,24.3,24.3,5068700,-0.004098,0.0
GME,2025-03-05,20250305,24.33,25.16,24.11,25.06999969482422,25.07,25.07,3282500,0.031687,0.0
GME,2025-03-06,20250306,24.74,25.01,24.05,24.200000762939453,24.2,24.2,3421400,-0.034703,0.0
GME,2025-03-07,20250307,24.0,24.35,23.52,24.0,24.0,24.0,3464000,-0.008264,0.0
GME,2025-03-10,20250310,23.44,23.58,22.26,22.420000076293945,22.42,22.42,6226900,-0.065833,0.0
GME,2025-03-11,20250311,22.35,22.98,22.08,22.610000610351562,22.61,22.61,4226900,0.008475,0.0
GME,2025-03-12,20250312,22.95,23.24,21.89,21.989999771118164,21.99,21.99,3718200,-0.027421,0.0
GME,2025-03-13,20250313,22.05,22.25,21.56,21.950000762939453,21.95,21.95,3829800,-0.001819,0.0
GME,2025-03-14,20250314,22.29,23.15,22.29,23.049999237060547,23.05,23.05,3960500,0.050114,0.0
GME,2025-03-17,20250317,23.24,23.73,22.97,23.5,23.5,23.5,2899100,0.019523,0.0
GME,2025-03-18,20250318,23.29,23.62,23.14,23.299999237060547,23.3,23.3,2155800,-0.008511,0.0
GME,2025-03-19,20250319,23.4,23.99,23.26,23.709999084472656,23.71,23.71,3032300,0.017597,0.0
GME,2025-03-20,20250320,23.65,24.12,23.51,23.510000228881836,23.51,23.51,1998200,-0.008435,0.0
GME,2025-03-21,20250321,23.75,24.81,23.65,24.75,24.75,24.75,6893900,0.052744,0.0
GME,2025-03-24,20250324,25.35,25.83,25.15,25.610000610351562,25.61,25.61,5036000,0.034747,0.0
GME,2025-03-25,20250325,25.7,25.77,24.99,25.399999618530273,25.4,25.4,10106800,-0.0082,0.0
GME,2025-03-26,20250326,28.84,29.8,27.32,28.360000610351562,28.36,28.36,52930500,0.116535,0.0
GME,2025-03-27,20250327,25.87,26.28,21.16,22.09000015258789,22.09,22.09,96733100,-0.221086,0.0
GME,2025-03-28,20250328,21.89,22.79,21.7,21.729999542236328,21.73,21.73,44771700,-0.016297,0.0
GME,2025-03-31,20250331,21.4,22.63,20.73,22.31999969482422,22.32,22.32,16147900,0.027151,0.0
GME,2025-04-01,20250401,22.76,23.25,21.95,22.610000610351562,22.61,22.61,14435300,0.012993,0.0
GME,2025-04-02,20250402,22.49,23.02,22.25,22.690000534057617,22.69,22.69,10965100,0.003538,0.0
GME,2025-04-03,20250403,21.6,21.78,21.08,21.100000381469727,21.1,21.1,11141900,-0.070075,0.0
GME,2025-04-04,20250404,21.42,23.85,20.78,23.489999771118164,23.49,23.49,20608200,0.11327,0.0
GME,2025-04-07,20250407,22.6,25.02,22.4,24.290000915527344,24.29,24.29,17191900,0.034057,0.0
GME,2025-04-08,20250408,24.82,24.93,22.97,23.389999389648438,23.39,23.39,12062300,-0.037052,0.0
GME,2025-04-09,20250409,23.03,25.46,23.03,25.399999618530273,25.4,25.4,17695900,0.085934,0.0
GME,2025-04-10,20250410,25.0,26.2,24.41,25.020000457763672,25.02,25.02,11545400,-0.014961,0.0
GME,2025-04-11,20250411,25.5,26.44,25.25,26.399999618530273,26.4,26.4,10984100,0.055156,0.0
GME,2025-04-14,20250414,26.66,27.18,25.68,26.979999542236328,26.98,26.98,10628400,0.02197,0.0
GME,2025-04-15,20250415,26.88,27.38,26.62,26.700000762939453,26.7,26.7,6738100,-0.010378,0.0
GME,2025-04-16,20250416,26.45,26.66,25.72,26.25,26.25,26.25,6292800,-0.016854,0.0
GME,2025-04-17,20250417,26.21,27.19,26.17,26.780000686645508,26.78,26.78,7434800,0.02019,0.0
GME,2025-04-21,20250421,26.71,27.04,25.79,26.770000457763672,26.77,26.77,7690000,-0.000373,0.0
GME,2025-04-22,20250422,26.99,27.94,26.88,27.799999237060547,27.8,27.8,11065900,0.038476,0.0
GME,2025-04-23,20250423,28.2,28.25,26.96,27.1200008392334,27.12,27.12,8862700,-0.02446,0.0
GME,2025-04-24,20250424,27.1,27.58,26.84,27.079999923706055,27.08,27.08,6212100,-0.001475,0.0
GME,2025-04-25,20250425,27.13,27.8,27.13,27.459999084472656,27.46,27.46,5853400,0.014032,0.0
GME,2025-04-28,20250428,27.4,27.59,26.98,27.59000015258789,27.59,27.59,6819300,0.004734,0.0
GME,2025-04-29,20250429,27.45,27.94,27.26,27.260000228881836,27.26,27.26,5394400,-0.011961,0.0
GME,2025-04-30,20250430,26.9,27.93,26.79,27.860000610351562,27.86,27.86,6578100,0.02201,0.0
GME,2025-05-01,20250501,27.98,28.35,27.42,27.43000030517578,27.43,27.43,5693500,-0.015434,0.0
GME,2025-05-02,20250502,27.7,27.92,27.15,27.479999542236328,27.48,27.48,5579900,0.001823,0.0
GME,2025-05-05,20250505,27.33,27.41,26.35,26.600000381469727,26.6,26.6,7132400,-0.032023,0.0
GME,2025-05-06,20250506,26.44,26.5,25.67,26.040000915527344,26.04,26.04,5883800,-0.021053,0.0
GME,2025-05-07,20250507,26.19,26.34,25.88,26.010000228881836,26.01,26.01,4364300,-0.001152,0.0
GME,2025-05-08,20250508,26.3,26.99,26.18,26.780000686645508,26.78,26.78,6521700,0.029604,0.0
GME,2025-05-09,20250509,26.78,27.73,26.76,27.540000915527344,27.54,27.54,7795200,0.028379,0.0
GME,2025-05-12,20250512,28.06,28.18,27.29,28.049999237060547,28.05,28.05,7395200,0.018519,0.0
GME,2025-05-13,20250513,28.05,28.86,28.05,28.389999389648438,28.39,28.39,10365300,0.012121,0.0
GME,2025-05-14,20250514,28.48,29.39,28.3,28.729999542236328,28.73,28.73,14552300,0.011976,0.0
GME,2025-05-15,20250515,28.58,28.64,27.42,28.6299991607666,28.63,28.63,9364400,-0.003481,0.0
GME,2025-05-16,20250516,28.61,29.06,28.3,28.450000762939453,28.45,28.45,6504400,-0.006287,0.0
GME,2025-05-19,20250519,27.75,28.2,27.69,27.889999389648438,27.89,27.89,4223500,-0.019684,0.0
GME,2025-05-20,20250520,27.89,28.78,27.85,28.510000228881836,28.51,28.51,4795100,0.02223,0.0
GME,2025-05-21,20250521,28.4,29.19,28.02,28.049999237060547,28.05,28.05,8762000,-0.016135,0.0
GME,2025-05-22,20250522,28.55,31.0,28.49,30.860000610351562,30.86,30.86,21451000,0.100178,0.0
GME,2025-05-23,20250523,30.6,33.21,30.55,33.029998779296875,33.03,33.03,30477600,0.070318,0.0
GME,2025-05-27,20250527,33.97,35.74,33.63,35.0099983215332,35.01,35.01,33217800,0.059946,0.0
GME,2025-05-28,20250528,35.78,35.81,30.73,31.209999084472656,31.21,31.21,45300400,-0.10854,0.0
GME,2025-05-29,20250529,31.17,31.35,29.32,29.56999969482422,29.57,29.57,15819000,-0.052547,0.0
GME,2025-05-30,20250530,29.2,30.49,29.19,29.799999237060547,29.8,29.8,10227800,0.007778,0.0
GME,2025-06-02,20250602,29.87,30.88,29.73,30.639999389648438,30.64,30.64,7430700,0.028188,0.0
GME,2025-06-03,20250603,30.81,31.05,30.02,30.100000381469727,30.1,30.1,6086500,-0.017624,0.0
GME,2025-06-04,20250604,29.9,30.97,29.34,29.950000762939453,29.95,29.95,7314000,-0.004983,0.0
GME,2025-06-05,20250605,29.81,30.61,29.23,29.450000762939453,29.45,29.45,6322800,-0.016694,0.0
GME,2025-06-06,20250606,29.68,30.0,29.52,29.579999923706055,29.58,29.58,4379300,0.004414,0.0
GME,2025-06-09,20250609,29.92,30.49,29.45,30.34000015258789,30.34,30.34,5836200,0.025693,0.0
GME,2025-06-10,20250610,30.54,30.6,29.66,30.149999618530273,30.15,30.15,11974400,-0.006262,0.0
GME,2025-06-11,20250611,29.02,29.41,28.42,28.549999237060547,28.55,28.55,18039200,-0.053068,0.0
GME,2025-06-12,20250612,23.57,24.3,21.54,22.139999389648438,22.14,22.14,172324500,-0.224518,0.0
GME,2025-06-13,20250613,22.18,23.15,22.1,22.139999389648438,22.14,22.14,59849900,0.0,0.0
GME,2025-06-16,20250616,22.77,23.46,22.41,23.31999969482422,23.32,23.32,31522700,0.053297,0.0
GME,2025-06-17,20250617,23.0,23.78,22.79,22.989999771118164,22.99,22.99,24797600,-0.014151,0.0
GME,2025-06-18,20250618,23.07,23.95,22.93,23.440000534057617,23.44,23.44,14712100,0.019574,0.0
GME,2025-06-20,20250620,23.52,23.73,23.13,23.459999084472656,23.46,23.46,19994200,0.000853,0.0
GME,2025-06-23,20250623,23.03,23.33,22.45,22.81999969482422,22.82,22.82,12120500,-0.02728,0.0
GME,2025-06-24,20250624,23.03,23.33,22.85,23.290000915527344,23.29,23.29,11660200,0.020596,0.0
GME,2025-06-25,20250625,23.38,23.69,23.05,23.549999237060547,23.55,23.55,9840700,0.011164,0.0
GME,2025-06-26,20250626,23.4,24.06,23.3,23.8799991607666,23.88,23.88,8778000,0.014013,0.0
GME,2025-06-27,20250627,23.99,24.26,23.46,23.59000015258789,23.59,23.59,11638200,-0.012144,0.0
GME,2025-06-30,20250630,23.64,24.4,23.54,24.389999389648438,24.39,24.39,10439300,0.033913,0.0
GME,2025-07-01,20250701,24.15,24.5,23.68,23.68000030517578,23.68,23.68,8308000,-0.02911,0.0
GME,2025-07-02,20250702,23.9,24.1,23.75,23.950000762939453,23.95,23.95,6428600,0.011402,0.0
GME,2025-07-03,20250703,23.85,24.16,23.49,23.59000015258789,23.59,23.59,5566300,-0.015031,0.0
GME,2025-07-07,20250707,23.48,23.48,22.53,22.6200008392334,22.62,22.62,12873500,-0.041119,0.0
GME,2025-07-08,20250708,22.71,22.95,22.58,22.75,22.75,22.75,7863600,0.005747,0.0
GME,2025-07-09,20250709,22.88,23.6,22.53,23.190000534057617,23.19,23.19,14641400,0.019341,0.0
GME,2025-07-10,20250710,23.04,23.33,23.01,23.100000381469727,23.1,23.1,5991000,-0.003881,0.0
GME,2025-07-11,20250711,23.13,24.05,23.13,23.329999923706055,23.33,23.33,11454100,0.009957,0.0
GME,2025-07-14,20250714,23.44,23.84,23.39,23.700000762939453,23.7,23.7,7769600,0.015859,0.0
GME,2025-07-15,20250715,23.66,23.68,23.17,23.219999313354492,23.22,23.22,7321600,-0.020253,0.0
GME,2025-07-16,20250716,23.4,23.85,23.31,23.68000030517578,23.68,23.68,7738300,0.019811,0.0
GME,2025-07-17,20250717,23.54,23.72,23.38,23.399999618530273,23.4,23.4,7307200,-0.011824,0.0
GME,2025-07-18,20250718,23.46,23.51,23.13,23.280000686645508,23.28,23.28,6628400,-0.005128,0.0
GME,2025-07-21,20250721,23.28,24.43,23.05,24.200000762939453,24.2,24.2,17718400,0.039519,0.0
GME,2025-07-22,20250722,24.14,24.84,23.53,24.260000228881836,24.26,24.26,12006300,0.002479,0.0
GME,2025-07-23,20250723,24.46,24.75,23.81,23.959999084472656,23.96,23.96,8305100,-0.012366,0.0
GME,2025-07-24,20250724,23.89,23.94,23.46,23.530000686645508,23.53,23.53,6338100,-0.017947,0.0
GME,2025-07-25,20250725,23.51,23.6,23.25,23.329999923706055,23.33,23.33,7090600,-0.0085,0.0
GME,2025-07-28,20250728,23.35,23.56,22.95,22.979999542236328,22.98,22.98,11481900,-0.015002,0.0
GME,2025-07-29,20250729,23.01,23.04,22.53,22.549999237060547,22.55,22.55,6078800,-0.018712,0.0
GME,2025-07-30,20250730,22.59,22.79,22.27,22.450000762939453,22.45,22.45,7956600,-0.004435,0.0
GME,2025-07-31,20250731,22.35,23.34,22.3,22.450000762939453,22.45,22.45,13749900,0.0,0.0
GME,2025-08-01,20250801,22.32,22.61,21.92,22.100000381469727,22.1,22.1,7878400,-0.01559,0.0
GME,2025-08-04,20250804,22.25,22.67,22.07,22.6299991607666,22.63,22.63,5059400,0.023982,0.0
GME,2025-08-05,20250805,22.5,23.05,22.46,22.809999465942383,22.81,22.81,4981400,0.007954,0.0
GME,2025-08-06,20250806,22.82,22.86,22.42,22.809999465942383,22.81,22.81,4825000,0.0,0.0
GME,2025-08-07,20250807,22.8,23.13,22.49,22.649999618530273,22.65,22.65,4456300,-0.007014,0.0
GME,2025-08-08,20250808,22.63,22.83,22.22,22.270000457763672,22.27,22.27,4833100,-0.016777,0.0
GME,2025-08-11,20250811,22.29,22.81,22.29,22.40999984741211,22.41,22.41,5212500,0.006286,0.0
GME,2025-08-12,20250812,22.5,22.95,22.47,22.93000030517578,22.93,22.93,4854200,0.023204,0.0
GME,2025-08-13,20250813,22.95,23.21,22.81,23.020000457763672,23.02,23.02,5349300,0.003925,0.0
GME,2025-08-14,20250814,22.84,22.91,22.57,22.889999389648438,22.89,22.89,4780000,-0.005647,0.0
GME,2025-08-15,20250815,22.94,23.02,22.67,22.940000534057617,22.94,22.94,4965600,0.002184,0.0
GME,2025-08-18,20250818,22.94,23.17,22.9,23.110000610351562,23.11,23.11,5107100,0.007411,0.0
GME,2025-08-19,20250819,23.1,23.18,22.7,22.81999969482422,22.82,22.82,5532800,-0.012549,0.0
GME,2025-08-20,20250820,22.72,22.77,22.37,22.6299991607666,22.63,22.63,4388700,-0.008326,0.0
GME,2025-08-21,20250821,22.6,22.62,22.38,22.559999465942383,22.56,22.56,4090600,-0.003093,0.0
GME,2025-08-22,20250822,22.65,23.03,22.62,22.889999389648438,22.89,22.89,5551400,0.014628,0.0
GME,2025-08-25,20250825,22.86,22.9,22.56,22.68000030517578,22.68,22.68,3801000,-0.009174,0.0
GME,2025-08-26,20250826,22.67,22.8,22.27,22.299999237060547,22.3,22.3,7867600,-0.016755,0.0
GME,2025-08-27,20250827,22.46,22.58,22.27,22.5,22.5,22.5,6892000,0.008969,0.0
GME,2025-08-28,20250828,22.56,22.9,22.37,22.790000915527344,22.79,22.79,6482300,0.012889,0.0
GME,2025-08-29,20250829,22.72,22.82,22.41,22.40999984741211,22.41,22.41,5371500,-0.016674,0.0
GME,2025-09-02,20250902,22.36,23.41,22.18,23.40999984741211,23.41,23.41,9567000,0.044623,0.0
GME,2025-09-03,20250903,23.51,23.73,22.68,22.8799991607666,22.88,22.88,9771400,-0.02264,0.0
GME,2025-09-04,20250904,22.76,22.85,22.37,22.3700008392334,22.37,22.37,5531800,-0.02229,0.0
GME,2025-09-05,20250905,22.6,22.79,22.28,22.610000610351562,22.61,22.61,11183300,0.010729,0.0
GME,2025-09-08,20250908,22.66,23.47,22.56,23.219999313354492,23.22,23.22,10151200,0.026979,0.0
GME,2025-09-09,20250909,23.1,23.63,22.94,23.59000015258789,23.59,23.59,18374400,0.015935,0.0
GME,2025-09-10,20250910,25.21,25.43,24.04,24.3700008392334,24.37,24.37,46254000,0.033065,0.0
GME,2025-09-11,20250911,24.0,24.85,23.89,24.850000381469727,24.85,24.85,12512600,0.019696,0.0
GME,2025-09-12,20250912,24.89,25.14,24.75,24.93000030517578,24.93,24.93,9320100,0.003219,0.0
GME,2025-09-15,20250915,25.0,25.81,24.99,25.530000686645508,25.53,25.53,9604000,0.024067,0.0
GME,2025-09-16,20250916,25.69,26.42,25.61,26.34000015258789,26.34,26.34,9830000,0.031727,0.0
GME,2025-09-17,20250917,26.35,26.47,25.58,26.100000381469727,26.1,26.1,7897100,-0.009112,0.0
GME,2025-09-18,20250918,26.21,26.42,25.84,25.8799991607666,25.88,25.88,7806200,-0.008429,0.0
GME,2025-09-19,20250919,25.83,26.39,25.79,26.079999923706055,26.08,26.08,9567600,0.007728,0.0
GME,2025-09-22,20250922,26.0,27.34,25.97,26.780000686645508,26.78,26.78,11263600,0.02684,0.0
GME,2025-09-23,20250923,26.91,27.24,26.59,26.799999237060547,26.8,26.8,7064000,0.000747,0.0
GME,2025-09-24,20250924,26.83,27.05,26.22,26.25,26.25,26.25,5508800,-0.020522,0.0
GME,2025-09-25,20250925,25.93,26.34,25.27,25.270000457763672,25.27,25.27,8210500,-0.037333,0.0
GME,2025-09-26,20250926,25.53,26.8,25.44,26.420000076293945,26.42,26.42,8048300,0.045509,0.0
GME,2025-09-29,20250929,27.2,27.21,26.79,27.209999084472656,27.21,27.21,7979000,0.029902,0.0
GME,2025-09-30,20250930,27.21,27.34,26.8,27.280000686645508,27.28,27.28,5392800,0.002573,0.0
GME,2025-10-01,20251001,27.25,27.79,27.18,27.690000534057617,27.69,27.69,8187100,0.015029,0.0
GME,2025-10-02,20251002,28.0,28.1,26.72,27.219999313354492,27.22,27.22,14526000,-0.016974,0.0
GME,2025-10-03,20251003,26.36,26.99,25.16,25.3799991607666,25.38,25.38,11615900,-0.067597,0.0
GME,2025-10-06,20251006,25.55,25.83,25.01,25.049999237060547,25.05,25.05,11543400,-0.013002,0.0
GME,2025-10-07,20251007,25.05,25.24,24.31,24.350000381469727,24.35,24.35,10779900,-0.027944,0.0
GME,2025-10-08,20251008,24.38,25.05,24.13,24.40999984741211,24.41,24.41,7183800,0.002464,0.0
GME,2025-10-09,20251009,24.58,24.74,23.86,24.06999969482422,24.07,24.07,11821200,-0.013929,0.0
GME,2025-10-10,20251010,24.08,24.2,23.28,23.299999237060547,23.3,23.3,9744300,-0.03199,0.0
GME,2025-10-13,20251013,23.48,23.8,23.11,23.59000015258789,23.59,23.59,5772100,0.012446,0.0
GME,2025-10-14,20251014,23.12,23.67,22.88,23.209999084472656,23.21,23.21,4470900,-0.016109,0.0
GME,2025-10-15,20251015,23.3,23.66,23.21,23.3799991607666,23.38,23.38,5018100,0.007324,0.0
GME,2025-10-16,20251016,23.3,23.53,22.86,22.950000762939453,22.95,22.95,6549800,-0.018392,0.0
GME,2025-10-17,20251017,22.95,23.39,22.9,23.06999969482422,23.07,23.07,6206300,0.005229,0.0
GME,2025-10-20,20251020,23.12,23.39,23.12,23.3700008392334,23.37,23.37,4424400,0.013004,0.0
GME,2025-10-21,20251021,23.08,23.34,22.8,22.799999237060547,22.8,22.8,6387200,-0.02439,0.0
GME,2025-10-22,20251022,22.69,23.33,22.24,22.489999771118164,22.49,22.49,11012900,-0.013596,0.0
GME,2025-10-23,20251023,22.53,23.83,22.46,23.6299991607666,23.63,23.63,10638000,0.050689,0.0
GME,2025-10-24,20251024,23.45,23.6,23.22,23.299999237060547,23.3,23.3,5771200,-0.013965,0.0
GME,2025-10-27,20251027,24.5,24.54,23.44,23.530000686645508,23.53,23.53,9428700,0.009871,0.0
GME,2025-10-28,20251028,23.52,23.63,23.22,23.299999237060547,23.3,23.3,7984100,-0.009775,0.0
GME,2025-10-29,20251029,23.34,23.42,22.88,23.3799991607666,23.38,23.38,5696900,0.003433,0.0
GME,2025-10-30,20251030,23.17,23.27,22.56,22.579999923706055,22.58,22.58,6438400,-0.034217,0.0
GME,2025-10-31,20251031,22.78,22.8,22.29,22.290000915527344,22.29,22.29,4990700,-0.012843,0.0
GME,2025-11-03,20251103,22.25,22.42,21.96,22.110000610351562,22.11,22.11,6276100,-0.008075,0.0
GME,2025-11-04,20251104,21.87,22.27,21.58,21.979999542236328,21.98,21.98,5155900,-0.00588,0.0
GME,2025-11-05,20251105,21.98,22.34,21.89,22.010000228881836,22.01,22.01,3885600,0.001365,0.0
GME,2025-11-06,20251106,21.96,22.02,21.35,21.350000381469727,21.35,21.35,5718100,-0.029986,0.0
GME,2025-11-07,20251107,21.1,21.74,20.95,21.5,21.5,21.5,6533300,0.007026,0.0
GME,2025-11-10,20251110,21.67,21.81,21.3,21.489999771118164,21.49,21.49,4724900,-0.000465,0.0
GME,2025-11-11,20251111,21.42,21.62,21.23,21.450000762939453,21.45,21.45,2856300,-0.001861,0.0
GME,2025-11-12,20251112,21.46,21.74,21.26,21.360000610351562,21.36,21.36,4341300,-0.004196,0.0
GME,2025-11-13,20251113,21.28,21.33,20.88,20.959999084472656,20.96,20.96,7415400,-0.018727,0.0
GME,2025-11-14,20251114,20.65,20.99,20.41,20.65999984741211,20.66,20.66,5887600,-0.014313,0.0
GME,2025-11-17,20251117,20.57,20.84,20.27,20.5,20.5,20.5,4968200,-0.007744,0.0
GME,2025-11-18,20251118,20.39,20.67,20.18,20.5,20.5,20.5,3733300,0.0,0.0
GME,2025-11-19,20251119,20.4,20.51,20.11,20.420000076293945,20.42,20.42,5194300,-0.003902,0.0
GME,2025-11-20,20251120,20.55,20.69,19.93,19.940000534057617,19.94,19.94,6028900,-0.023506,0.0
GME,2025-11-21,20251121,19.95,20.63,19.94,20.139999389648438,20.14,20.14,5514100,0.01003,0.0
GME,2025-11-24,20251124,20.19,20.56,20.12,20.489999771118164,20.49,20.49,5577600,0.017378,0.0
GME,2025-11-25,20251125,20.49,21.36,20.31,21.059999465942383,21.06,21.06,4794900,0.027818,0.0
GME,2025-11-26,20251126,21.18,21.83,21.11,21.6299991607666,21.63,21.63,4644200,0.027066,0.0
GME,2025-11-28,20251128,22.28,22.75,22.04,22.530000686645508,22.53,22.53,8789300,0.041609,0.0
GME,2025-12-01,20251201,22.15,23.07,22.11,22.790000915527344,22.79,22.79,7895900,0.01154,0.0
GME,2025-12-02,20251202,22.8,23.37,22.48,22.809999465942383,22.81,22.81,8105100,0.000878,0.0
GME,2025-12-03,20251203,22.91,23.28,22.72,23.209999084472656,23.21,23.21,11079700,0.017536,0.0
GME,2025-12-04,20251204,23.26,23.47,22.65,22.950000762939453,22.95,22.95,7195800,-0.011202,0.0
GME,2025-12-05,20251205,23.0,23.07,22.53,23.0,23.0,23.0,5688200,0.002179,0.0
GME,2025-12-08,20251208,23.03,23.55,23.02,23.350000381469727,23.35,23.35,5318900,0.015217,0.0
GME,2025-12-09,20251209,23.25,24.0,23.1,23.110000610351562,23.11,23.11,9159100,-0.010278,0.0
GME,2025-12-10,20251210,21.57,22.47,21.5,22.1200008392334,22.12,22.12,11543800,-0.042839,0.0
GME,2025-12-11,20251211,22.02,22.18,21.53,21.860000610351562,21.86,21.86,4645600,-0.011754,0.0
GME,2025-12-12,20251212,21.89,21.97,21.09,21.229999542236328,21.23,21.23,5365900,-0.02882,0.0
GME,2025-12-15,20251215,21.36,22.58,21.08,22.09000015258789,22.09,22.09,8010600,0.040509,0.0
GME,2025-12-16,20251216,22.16,22.34,21.8,22.280000686645508,22.28,22.28,3922900,0.008601,0.0
GME,2025-12-17,20251217,22.29,23.17,22.27,23.030000686645508,23.03,23.03,6132200,0.033662,0.0
GME,2025-12-18,20251218,22.96,23.1,22.53,22.559999465942383,22.56,22.56,4589300,-0.020408,0.0
GME,2025-12-19,20251219,22.58,22.64,22.28,22.510000228881836,22.51,22.51,7379300,-0.002216,0.0
GME,2025-12-22,20251222,22.52,22.78,21.7,21.739999771118164,21.74,21.74,6481100,-0.034207,0.0
GME,2025-12-23,20251223,21.66,21.68,21.13,21.3799991607666,21.38,21.38,4384500,-0.016559,0.0
GME,2025-12-24,20251224,21.23,21.57,21.23,21.530000686645508,21.53,21.53,1781000,0.007016,0.0
GME,2025-12-26,20251226,21.5,21.5,20.96,21.09000015258789,21.09,21.09,3820400,-0.020437,0.0
GME,2025-12-29,20251229,21.04,21.29,20.46,20.530000686645508,20.53,20.53,6005600,-0.026553,0.0
GME,2025-12-30,20251230,20.53,20.7,20.35,20.5,20.5,20.5,4569500,-0.001461,0.0
GME,2025-12-31,20251231,20.45,20.49,19.99,20.079999923706055,20.08,20.08,6422300,-0.020488,0.0
GME,2026-01-02,20260102,20.26,20.87,20.16,20.6200008392334,20.62,20.62,4551700,0.026892,0.0
GME,2026-01-05,20260105,20.65,20.83,20.33,20.719999313354492,20.72,20.72,7673700,0.00485,0.0
GME,2026-01-06,20260106,20.63,20.91,20.57,20.65999984741211,20.66,20.66,3405000,-0.002896,0.0
GME,2026-01-07,20260107,21.65,22.02,21.19,21.290000915527344,21.29,21.29,10674100,0.030494,0.0
GME,2026-01-08,20260108,21.2,21.44,21.09,21.420000076293945,21.42,21.42,4131800,0.006106,0.0
GME,2026-01-09,20260109,21.28,21.73,21.05,21.229999542236328,21.23,21.23,5034900,-0.00887,0.0
GME,2026-01-12,20260112,21.08,21.31,20.92,20.979999542236328,20.98,20.98,3563700,-0.011776,0.0
GME,2026-01-13,20260113,20.99,21.21,20.84,21.020000457763672,21.02,21.02,4121100,0.001907,0.0
GME,2026-01-14,20260114,21.0,21.08,20.79,21.020000457763672,21.02,21.02,4112800,0.0,0.0
GME,2026-01-15,20260115,20.97,21.42,20.88,21.360000610351562,21.36,21.36,4995400,0.016175,0.0
GME,2026-01-16,20260116,21.33,21.47,21.06,21.100000381469727,21.1,21.1,3731500,-0.012172,0.0
GME,2026-01-20,20260120,20.8,21.25,20.69,21.100000381469727,21.1,21.1,6826500,0.0,0.0
GME,2026-01-21,20260121,21.67,21.93,21.36,21.690000534057617,21.69,21.69,8366900,0.027962,0.0
GME,2026-01-22,20260122,22.4,23.5,22.17,23.139999389648438,23.14,23.14,15763000,0.066851,0.0
GME,2026-01-23,20260123,23.14,23.17,22.27,22.989999771118164,22.99,22.99,10347500,-0.006482,0.0
GME,2026-01-26,20260126,23.46,25.01,22.95,24.010000228881836,24.01,24.01,37432200,0.044367,0.0
GME,2026-01-27,20260127,24.0,24.5,23.24,24.209999084472656,24.21,24.21,16600900,0.00833,0.0
GME,2026-01-28,20260128,24.23,24.25,23.37,23.639999389648438,23.64,23.64,8514500,-0.023544,0.0
GME,2026-01-29,20260129,23.5,23.6,22.7,22.809999465942383,22.81,22.81,7555100,-0.03511,0.0
GME,2026-01-30,20260130,23.29,24.01,23.29,23.8799991607666,23.88,23.88,16706700,0.046909,0.0
GME,2026-02-02,20260202,24.38,25.93,24.05,25.850000381469727,25.85,25.85,24507600,0.082496,0.0
GME,2026-02-03,20260203,25.16,25.3,23.84,24.520000457763672,24.52,24.52,15876400,-0.051451,0.0
GME,2026-02-04,20260204,24.48,25.16,24.05,24.979999542236328,24.98,24.98,9779700,0.01876,0.0
GME,2026-02-05,20260205,24.75,25.5,24.55,24.690000534057617,24.69,24.69,10155500,-0.011609,0.0
GME,2026-02-06,20260206,24.8,25.4,24.44,24.979999542236328,24.98,24.98,10022600,0.011746,0.0
GME,2026-02-09,20260209,24.89,24.97,24.2,24.639999389648438,24.64,24.64,5328400,-0.013611,0.0
GME,2026-02-10,20260210,24.51,25.21,24.02,24.81999969482422,24.82,24.82,5797500,0.007305,0.0
GME,2026-02-11,20260211,24.81,24.83,24.04,24.209999084472656,24.21,24.21,4755900,-0.024577,0.0
GME,2026-02-12,20260212,24.21,24.37,23.36,23.520000457763672,23.52,23.52,6684500,-0.028501,0.0
GME,2026-02-13,20260213,23.61,24.09,23.44,23.56999969482422,23.57,23.57,6331600,0.002126,0.0
GME,2026-02-17,20260217,23.55,23.82,23.23,23.260000228881836,23.26,23.26,4338300,-0.013152,0.0
GME,2026-02-18,20260218,23.25,24.04,23.09,23.8700008392334,23.87,23.87,5007800,0.026225,0.0
GME,2026-02-19,20260219,23.77,24.09,23.58,23.899999618530273,23.9,23.9,3626300,0.001257,0.0
GME,2026-02-20,20260220,23.56,23.81,23.4,23.43000030517578,23.43,23.43,4169400,-0.019665,0.0
GME,2026-02-23,20260223,23.24,23.7,22.79,23.639999389648438,23.64,23.64,5669400,0.008963,0.0
GME,2026-02-24,20260224,23.69,24.34,23.55,23.770000457763672,23.77,23.77,5466700,0.005499,0.0
GME,2026-02-25,20260225,23.85,24.31,23.7,24.219999313354492,24.22,24.22,4568100,0.018931,0.0
GME,2026-02-26,20260226,24.21,24.53,23.72,24.100000381469727,24.1,24.1,5070500,-0.004955,0.0
GME,2026-02-27,20260227,23.79,24.22,23.7,24.030000686645508,24.03,24.03,4338000,-0.002905,0.0
GME,2026-03-02,20260302,23.54,24.21,23.4,24.200000762939453,24.2,24.2,4620600,0.007074,0.0
GME,2026-03-03,20260303,23.78,24.17,23.45,23.81999969482422,23.82,23.82,4124000,-0.015702,0.0
GME,2026-03-04,20260304,23.95,24.2,23.77,23.8700008392334,23.87,23.87,3485600,0.002099,0.0
GME,2026-03-05,20260305,23.8,24.23,23.53,23.8799991607666,23.88,23.88,5288100,0.000419,0.0
GME,2026-03-06,20260306,23.73,24.39,23.62,24.3700008392334,24.37,24.37,5825300,0.020519,0.0
GME,2026-03-09,20260309,24.0,24.97,23.93,24.799999237060547,24.8,24.8,7210900,0.017645,0.0
GME,2026-03-10,20260310,24.52,25.0,24.33,24.3700008392334,24.37,24.37,5144400,-0.017339,0.0
GME,2026-03-11,20260311,24.29,24.68,23.96,24.459999084472656,24.46,24.46,5152600,0.003693,0.0
GME,2026-03-12,20260312,24.4,24.64,24.11,24.43000030517578,24.43,24.43,5201800,-0.001226,0.0
GME,2026-03-13,20260313,24.3,24.74,23.5,23.530000686645508,23.53,23.53,6399400,-0.03684,0.0
GME,2026-03-16,20260316,23.67,23.82,23.26,23.280000686645508,23.28,23.28,6134900,-0.010625,0.0
GME,2026-03-17,20260317,23.3,23.8,23.28,23.59000015258789,23.59,23.59,3078400,0.013316,0.0
GME,2026-03-18,20260318,23.52,23.65,23.29,23.360000610351562,23.36,23.36,3075900,-0.00975,0.0
GME,2026-03-19,20260319,22.95,23.35,22.72,23.229999542236328,23.23,23.23,5194500,-0.005565,0.0
GME,2026-03-20,20260320,23.1,23.18,22.36,22.56999969482422,22.57,22.57,7088100,-0.028412,0.0
GME,2026-03-23,20260323,22.7,23.15,22.56,23.030000686645508,23.03,23.03,5227300,0.020381,0.0
GME,2026-03-24,20260324,22.76,23.1,22.45,22.809999465942383,22.81,22.81,8085900,-0.009553,0.0
GME,2026-03-25,20260325,22.78,23.5,22.46,23.079999923706055,23.08,23.08,7850100,0.011837,0.0
GME,2026-03-26,20260326,22.91,23.22,22.45,22.559999465942383,22.56,22.56,6905900,-0.02253,0.0
GME,2026-03-27,20260327,22.66,22.79,22.03,22.100000381469727,22.1,22.1,5068800,-0.02039,0.0
GME,2026-03-30,20260330,22.35,22.63,22.06,22.270000457763672,22.27,22.27,6651600,0.007692,0.0
GME,2026-03-31,20260331,22.4,23.1,22.38,23.040000915527344,23.04,23.04,8431100,0.034576,0.0
GME,2026-04-01,20260401,23.29,23.35,22.72,22.760000228881836,22.76,22.76,4417700,-0.012153,0.0
GME,2026-04-02,20260402,22.58,23.43,22.57,23.360000610351562,23.36,23.36,3855200,0.026362,0.0
GME,2026-04-06,20260406,23.31,23.62,23.08,23.079999923706055,23.08,23.08,3660100,-0.011986,0.0
GME,2026-04-07,20260407,23.08,23.54,22.68,23.43000030517578,23.43,23.43,10668300,0.015165,0.0
GME,2026-04-08,20260408,23.7,23.76,22.89,22.90999984741211,22.91,22.91,6788600,-0.022194,0.0
GME,2026-04-09,20260409,22.9,23.35,22.83,22.8700008392334,22.87,22.87,3163800,-0.001746,0.0
GME,2026-04-10,20260410,22.95,23.25,22.51,23.219999313354492,23.22,23.22,5856400,0.015304,0.0
GME,2026-04-13,20260413,23.0,23.43,22.73,23.399999618530273,23.4,23.4,5516100,0.007752,0.0
GME,2026-04-14,20260414,23.45,24.3,23.43,24.030000686645508,24.03,24.03,10482700,0.026923,0.0
GME,2026-04-15,20260415,24.15,24.85,24.03,24.790000915527344,24.79,24.79,11695400,0.031627,0.0
GME,2026-04-16,20260416,24.91,25.49,24.54,25.18000030517578,25.18,25.18,10701100,0.015732,0.0
GME,2026-04-17,20260417,25.19,25.34,24.37,24.549999237060547,24.55,24.55,8161000,-0.02502,0.0
GME,2026-04-20,20260420,24.17,25.05,24.08,24.920000076293945,24.92,24.92,6199700,0.015071,0.0
GME,2026-04-21,20260421,25.05,25.33,24.43,24.459999084472656,24.46,24.46,6472800,-0.018459,0.0
GME,2026-04-22,20260422,24.71,25.74,24.7,25.65999984741211,25.66,25.66,9643700,0.04906,0.0
GME,2026-04-23,20260423,25.84,26.02,24.73,25.010000228881836,25.01,25.01,8576900,-0.025331,0.0
GME,2026-04-24,20260424,25.21,25.25,24.73,24.950000762939453,24.95,24.95,5148900,-0.002399,0.0
GME,2026-04-27,20260427,25.0,25.63,24.92,25.40999984741211,25.41,25.41,6260400,0.018437,0.0
GME,2026-04-28,20260428,25.31,25.42,24.8,25.09000015258789,25.09,25.09,4326800,-0.012593,0.0
GME,2026-04-29,20260429,24.99,25.04,24.0,24.520000457763672,24.52,24.52,7071500,-0.022718,0.0
GME,2026-04-30,20260430,24.36,25.08,24.21,24.950000762939453,24.95,24.95,4492500,0.017537,0.0
GME,2026-05-01,20260501,24.85,26.88,24.85,26.530000686645508,26.53,26.53,20284900,0.063327,0.0
GME,2026-05-04,20260504,25.11,26.15,23.67,23.84000015258789,23.84,23.84,40178600,-0.101395,0.0
GME,2026-05-05,20260505,23.21,24.73,22.85,24.229999542236328,24.23,24.23,17979600,0.016359,0.0
GME,2026-05-06,20260506,24.3,25.44,23.96,25.170000076293945,25.17,25.17,11606500,0.038795,0.0
GME,2026-05-07,20260507,25.12,25.25,23.79,23.969999313354492,23.97,23.97,8794000,-0.047676,0.0
GME,2026-05-08,20260508,24.14,24.42,23.82,24.280000686645508,24.28,24.28,5957700,0.012933,0.0
GME,2026-05-11,20260511,24.2,24.37,23.1,23.170000076293945,23.17,23.17,17915500,-0.045717,0.0
GME,2026-05-12,20260512,22.8,23.19,22.33,22.3700008392334,22.37,22.37,11936700,-0.034527,0.0
GME,2026-05-13,20260513,22.33,22.48,21.98,22.079999923706055,22.08,22.08,7356900,-0.012964,0.0
GME,2026-05-14,20260514,22.08,22.35,21.61,21.610000610351562,21.61,21.61,5663100,-0.021286,0.0
GME,2026-05-15,20260515,21.54,22.01,21.46,21.59000015258789,21.59,21.59,5346600,-0.000925,0.0
GME,2026-05-18,20260518,21.62,22.09,21.42,21.90999984741211,21.91,21.91,5260600,0.014822,0.0
GME,2026-05-19,20260519,21.88,22.19,21.6,22.100000381469727,22.1,22.1,4433300,0.008672,0.0
GME,2026-05-20,20260520,22.05,22.73,21.9,22.549999237060547,22.55,22.55,6327600,0.020362,0.0
GME,2026-05-21,20260521,22.44,22.62,22.21,22.489999771118164,22.49,22.49,3145300,-0.002661,0.0
GME,2026-05-22,20260522,22.4,22.58,21.8,21.959999084472656,21.96,21.96,5279700,-0.023566,0.0
GME,2026-05-26,20260526,21.95,22.18,21.85,21.90999984741211,21.91,21.91,5875500,-0.002277,0.0
GME,2026-05-27,20260527,21.8,21.88,21.49,21.68000030517578,21.68,21.68,4194000,-0.010497,0.0
GME,2026-05-28,20260528,21.65,21.99,21.64,21.68000030517578,21.68,21.68,3214700,0.0,0.0
GME,2026-05-29,20260529,21.6,21.63,21.14,21.18000030517578,21.18,21.18,6486800,-0.023063,0.0
GME,2026-06-01,20260601,21.02,21.56,20.89,21.360000610351562,21.36,21.36,6769700,0.008499,0.0
GME,2026-06-02,20260602,21.14,21.24,20.89,20.920000076293945,20.92,20.92,6025000,-0.020599,0.0
GME,2026-06-03,20260603,23.28,23.68,22.12,22.18000030517578,22.18,22.18,17884800,0.060229,0.0
GME,2026-06-04,20260604,22.33,23.07,22.2,22.270000457763672,22.27,22.27,6818900,0.004058,0.0
GME,2026-06-05,20260605,22.26,22.35,21.33,21.799999237060547,21.8,21.8,6429200,-0.021105,0.0
GME,2026-06-08,20260608,21.77,22.27,21.65,22.260000228881836,22.26,22.26,5115500,0.021101,0.0
GME,2026-06-09,20260609,22.28,22.46,21.92,22.280000686645508,22.28,22.28,5686200,0.000898,0.0
GME,2026-06-10,20260610,22.02,22.65,21.9,22.420000076293945,22.42,22.42,4425800,0.006284,0.0
GME,2026-06-11,20260611,22.39,22.44,21.94,22.18000030517578,22.18,22.18,6014000,-0.010705,0.0
GME,2026-06-12,20260612,22.06,22.16,21.5,21.770000457763672,21.77,21.77,5328300,-0.018485,0.0
GME,2026-06-15,20260615,21.7,22.03,21.65,21.739999771118164,21.74,21.74,4762900,-0.001378,0.0
GME,2026-06-16,20260616,21.64,21.7,21.13,21.459999084472656,21.46,21.46,6375900,-0.012879,0.0
GME,2026-06-17,20260617,21.44,21.93,21.23,21.510000228881836,21.51,21.51,4680300,0.00233,0.0
GME,2026-06-18,20260618,21.45,21.67,21.35,21.520000457763672,21.52,21.52,9220100,0.000465,0.0
GME,2026-06-22,20260622,21.28,21.61,21.11,21.139999389648438,21.14,21.14,6373000,-0.017658,0.0
GME,2026-06-23,20260623,21.0,21.49,20.93,21.079999923706055,21.08,21.08,4002800,-0.002838,0.0
GME,2026-06-24,20260624,21.18,21.65,21.17,21.440000534057617,21.44,21.44,3354300,0.017078,0.0
GME,2026-06-25,20260625,21.36,21.41,20.93,21.010000228881836,21.01,21.01,3820400,-0.020056,0.0
GME,2026-06-26,20260626,20.94,21.85,20.94,21.760000228881836,21.76,21.76,5703100,0.035697,0.0
GME,2026-06-29,20260629,22.05,22.15,21.88,22.030000686645508,22.03,22.03,4060300,0.012408,0.0
GME,2026-06-30,20260630,21.85,22.18,21.7,22.079999923706055,22.08,22.08,4358900,0.00227,0.0
GME,2026-07-01,20260701,21.95,22.75,21.91,22.639999389648438,22.64,22.64,4476000,0.025362,0.0
GME,2026-07-02,20260702,22.75,23.11,22.6,22.81999969482422,22.82,22.82,4574300,0.007951,0.0
GME,2026-07-06,20260706,22.6,22.89,22.33,22.760000228881836,22.76,22.76,4089800,-0.002629,0.0
GME,2026-07-07,20260707,22.79,22.89,21.95,22.200000762939453,22.2,22.2,4749600,-0.024605,0.0
GME,2026-07-08,20260708,22.0,22.11,21.63,21.700000762939453,21.7,21.7,3680700,-0.022523,0.0
GME,2026-07-09,20260709,21.7,21.99,21.53,21.950000762939453,21.95,21.95,2625100,0.011521,0.0
GME,2026-07-10,20260710,21.94,22.02,21.66,21.68000030517578,21.68,21.68,1846400,-0.012301,0.0
GME,2026-07-13,20260713,21.75,22.35,21.73,22.030000686645508,22.03,22.03,2917400,0.016144,0.0
GME,2026-07-14,20260714,22.05,22.53,22.05,22.43000030517578,22.43,22.43,2782900,0.018157,0.0
GME,2026-07-15,20260715,22.49,22.62,22.16,22.260000228881836,22.26,22.26,2560800,-0.007579,0.0
GME,2026-07-16,20260716,22.3,22.51,21.86,21.920000076293945,21.92,21.92,3517600,-0.015274,0.0
GME,2026-07-17,20260717,21.86,22.07,21.67,21.889999389648438,21.89,21.89,2624200,-0.001369,0.0
GME,2026-07-20,20260720,21.89,21.98,21.67,21.760000228881836,21.76,21.76,3923300,-0.005939,0.0
GME,2026-07-21,20260721,21.78,21.9,21.58,21.790000915527344,21.79,21.79,2916200,0.001379,0.0
GME,2026-07-22,20260722,21.8,21.88,21.54,21.600000381469727,21.6,21.6,3171200,-0.00872,0.0
GME,2026-07-23,20260723,21.48,21.54,21.21,21.350000381469727,21.35,21.35,3683600,-0.011574,0.0
GME,2026-07-24,20260724,21.36,21.5,21.13,21.170000076293945,21.17,21.17,2575300,-0.008431,0.0
GME,2026-07-27,20260727,21.28,21.56,21.27,21.520000457763672,21.52,21.52,3901600,0.016533,0.0
GME,2026-07-28,20260728,21.55,22.26,21.54,22.15999984741211,22.16,22.16,3964900,0.02974,0.0
GME,2026-07-29,20260729,22.17,22.18,21.78,21.84000015258789,21.84,21.84,2637500,-0.01444,0.0
GME,2026-07-30,20260730,21.76,21.93,21.61,21.8799991607666,21.88,21.88,2353600,0.001832,0.0
GME,2026-07-31,20260731,21.85,21.99,21.66,21.719999313354492,21.72,21.72,2509300,-0.007313,0.0
GME,2026-08-03,20260803,20.46,20.5,18.55,19.059999465942383,19.06,19.06,41713200,-0.122468,0.0
GME,2026-08-04,20260804,19.02,19.3,18.69,19.209999084472656,19.21,19.21,10836600,0.00787,0.0
GME,2026-08-05,20260805,19.28,19.35,18.93,19.010000228881836,19.01,19.01,8358000,-0.010411,0.0
GME,2026-08-06,20260806,18.99,19.4,18.63,19.229999542236328,19.23,19.23,7354400,0.011573,0.0
GME,2026-08-07,20260807,19.21,19.26,19.03,19.15999984741211,19.16,19.16,4766500,-0.00364,0.0
GME,2026-08-10,20260810,19.6,19.61,18.75,18.790000915527344,18.79,18.79,8613100,-0.019311,0.0
GME,2026-08-11,20260811,18.75,18.9,18.58,18.81999969482422,18.82,18.82,5306000,0.001597,0.0
GME,2026-08-12,20260812,18.82,18.82,18.43,18.540000915527344,18.54,18.54,5162100,-0.014878,0.0
GME,2026-08-13,20260813,18.53,18.74,18.33,18.56999969482422,18.57,18.57,5369800,0.001618,0.0
GME,2026-08-14,20260814,18.65,18.79,18.44,18.65999984741211,18.66,18.66,4233400,0.004847,0.0
GME,2026-08-17,20260817,18.61,18.61,18.32,18.399999618530273,18.4,18.4,5731900,-0.013934,0.0
GME,2026-08-18,20260818,18.38,18.38,17.92,17.950000762939453,17.95,17.95,5645700,-0.024457,0.0
GME,2026-08-19,20260819,18.08,18.23,17.92,18.030000686645508,18.03,18.03,4887200,0.004457,0.0
GME,2026-08-20,20260820,18.01,18.1,17.79,18.040000915527344,18.04,18.04,4940300,0.000555,0.0
GME,2026-08-21,20260821,18.15,18.25,18.01,18.209999084472656,18.21,18.21,5333200,0.009424,0.0
GME,2026-08-24,20260824,18.3,18.35,17.93,18.040000915527344,18.04,18.04,5015400,-0.009336,0.0
GME,2026-08-25,20260825,18.0,18.1,17.85,18.09000015258789,18.09,18.09,5582500,0.002772,0.0
GME,2026-08-26,20260826,18.02,18.09,17.85,17.969999313354492,17.97,17.97,4589300,-0.006633,0.0
GME,2026-08-27,20260827,17.99,18.33,17.8,18.25,18.25,18.25,7303100,0.015582,0.0
GME,2026-08-28,20260828,18.3,18.33,17.85,17.8700008392334,17.87,17.87,4532400,-0.020822,0.0
GME,2026-08-31,20260831,18.75,18.92,18.21,18.3799991607666,18.38,18.38,10945600,0.028539,0.0
GME,2026-09-01,20260901,18.25,18.88,18.2,18.809999465942383,18.81,18.81,11751300,0.023395,0.0
GME,2026-09-02,20260902,18.83,19.05,18.75,18.969999313354492,18.97,18.97,4756000,0.008506,0.0
GME,2026-09-03,20260903,19.0,19.39,18.99,19.229999542236328,19.23,19.23,7226800,0.013706,0.0
GME,2026-09-04,20260904,19.33,19.5,19.04,19.15999984741211,19.16,19.16,7146400,-0.00364,0.0
GME,2026-09-08,20260908,19.35,19.5,18.72,18.889999389648438,18.89,18.89,10418100,-0.014092,0.0
GME,2026-09-09,20260909,19.1,20.24,18.97,19.889999389648438,19.89,19.89,15569400,0.052938,0.0
GME,2026-09-10,20260910,19.88,20.15,19.6,20.1299991607666,20.13,20.13,1984611,0.012066,0.0
TSLA,2010-06-29,20100629,1.27,1.67,1.17,1.5926669836044312,1.59,23.85,281494500,0.0,0.0
TSLA,2010-06-30,20100630,1.72,2.03,1.55,1.5886670351028442,1.59,23.85,257806500,0.0,0.0
TSLA,2010-07-01,20100701,1.67,1.73,1.35,1.4639999866485596,1.46,21.9,123282000,-0.081761,0.0
TSLA,2010-07-02,20100702,1.53,1.54,1.25,1.2799999713897705,1.28,19.2,77097000,-0.123288,0.0
TSLA,2010-07-06,20100706,1.33,1.33,1.06,1.0740000009536743,1.07,16.05,103003500,-0.164062,0.0
TSLA,2010-07-07,20100707,1.09,1.11,1.0,1.053333044052124,1.05,15.75,103825500,-0.018692,0.0
TSLA,2010-07-08,20100708,1.08,1.17,1.04,1.1640000343322754,1.16,17.4,115671000,0.104762,0.0
TSLA,2010-07-09,20100709,1.17,1.19,1.1,1.159999966621399,1.16,17.4,60759000,0.0,0.0
TSLA,2010-07-12,20100712,1.2,1.2,1.13,1.136667013168335,1.14,17.1,33037500,-0.017241,0.0
TSLA,2010-07-13,20100713,1.16,1.24,1.13,1.2093329429626465,1.21,18.15,40201500,0.061404,0.0
TSLA,2010-07-14,20100714,1.2,1.34,1.18,1.3226670026779175,1.32,19.8,62928000,0.090909,0.0
TSLA,2010-07-15,20100715,1.33,1.43,1.27,1.3259999752044678,1.33,19.95,56097000,0.007576,0.0
TSLA,2010-07-16,20100716,1.38,1.42,1.34,1.3760000467300415,1.38,20.7,39319500,0.037594,0.0
TSLA,2010-07-19,20100719,1.42,1.48,1.39,1.4606670141220093,1.46,21.9,37297500,0.057971,0.0
TSLA,2010-07-20,20100720,1.46,1.46,1.34,1.3533329963684082,1.35,20.25,27379500,-0.075342,0.0
TSLA,2010-07-21,20100721,1.38,1.39,1.3,1.3480000495910645,1.35,20.25,18787500,0.0,0.0
TSLA,2010-07-22,20100722,1.37,1.42,1.36,1.399999976158142,1.4,21.0,14367000,0.037037,0.0
TSLA,2010-07-23,20100723,1.41,1.44,1.4,1.4193329811096191,1.42,21.3,9804000,0.014286,0.0
TSLA,2010-07-26,20100726,1.43,1.43,1.35,1.3966670036315918,1.4,21.0,13833000,-0.014085,0.0
TSLA,2010-07-27,20100727,1.39,1.41,1.35,1.3700000047683716,1.37,20.55,9295500,-0.021429,0.0
TSLA,2010-07-28,20100728,1.37,1.39,1.37,1.3813329935073853,1.38,20.7,7008000,0.007299,0.0
TSLA,2010-07-29,20100729,1.38,1.39,1.33,1.3566670417785645,1.36,20.4,9240000,-0.014493,0.0
TSLA,2010-07-30,20100730,1.35,1.36,1.3,1.329332947731018,1.33,19.95,6403500,-0.022059,0.0
TSLA,2010-08-02,20100802,1.37,1.4,1.36,1.3946670293807983,1.39,20.85,10771500,0.045113,0.0
TSLA,2010-08-03,20100803,1.4,1.46,1.39,1.463333010673523,1.46,21.9,18457500,0.05036,0.0
TSLA,2010-08-04,20100804,1.46,1.48,1.39,1.4173330068588257,1.42,21.3,13695000,-0.027397,0.0
TSLA,2010-08-05,20100805,1.44,1.44,1.34,1.363332986831665,1.36,20.4,11943000,-0.042254,0.0
TSLA,2010-08-06,20100806,1.34,1.34,1.3,1.305999994277954,1.31,19.65,11128500,-0.036765,0.0
TSLA,2010-08-09,20100809,1.33,1.33,1.3,1.3066669702529907,1.31,19.65,12190500,0.0,0.0
TSLA,2010-08-10,20100810,1.31,1.31,1.25,1.2686669826507568,1.27,19.05,19219500,-0.030534,0.0
TSLA,2010-08-11,20100811,1.25,1.26,1.19,1.1933330297470093,1.19,17.85,11964000,-0.062992,0.0
TSLA,2010-08-12,20100812,1.19,1.19,1.16,1.1733330488204956,1.17,17.55,10365000,-0.016807,0.0
TSLA,2010-08-13,20100813,1.21,1.23,1.18,1.2213330268859863,1.22,18.3,9510000,0.042735,0.0
TSLA,2010-08-16,20100816,1.23,1.25,1.22,1.2519999742507935,1.25,18.75,7287000,0.02459,0.0
TSLA,2010-08-17,20100817,1.26,1.29,1.25,1.2766669988632202,1.28,19.2,6718500,0.024,0.0
TSLA,2010-08-18,20100818,1.31,1.31,1.24,1.2513329982757568,1.25,18.75,9019500,-0.023438,0.0
TSLA,2010-08-19,20100819,1.24,1.28,1.22,1.25266695022583,1.25,18.75,8686500,0.0,0.0
TSLA,2010-08-20,20100820,1.24,1.27,1.23,1.273332953453064,1.27,19.05,4440000,0.016,0.0
TSLA,2010-08-23,20100823,1.27,1.36,1.27,1.3420000076293945,1.34,20.1,16321500,0.055118,0.0
TSLA,2010-08-24,20100824,1.28,1.31,1.26,1.2799999713897705,1.28,19.2,10096500,-0.044776,0.0
TSLA,2010-08-25,20100825,1.28,1.33,1.24,1.3266669511795044,1.33,19.95,7549500,0.039062,0.0
TSLA,2010-08-26,20100826,1.33,1.35,1.31,1.3166669607162476,1.32,19.8,6507000,-0.007519,0.0
TSLA,2010-08-27,20100827,1.32,1.32,1.3,1.3133330345153809,1.31,19.65,5694000,-0.007576,0.0
TSLA,2010-08-30,20100830,1.31,1.35,1.31,1.324666976928711,1.32,19.8,10992000,0.007634,0.0
TSLA,2010-08-31,20100831,1.31,1.32,1.29,1.2986669540405273,1.3,19.5,3016500,-0.015152,0.0
TSLA,2010-09-01,20100901,1.31,1.38,1.31,1.363332986831665,1.36,20.4,7423500,0.046154,0.0
TSLA,2010-09-02,20100902,1.36,1.42,1.35,1.4040000438690186,1.4,21.0,7306500,0.029412,0.0
TSLA,2010-09-03,20100903,1.39,1.42,1.38,1.4033329486846924,1.4,21.0,6519000,0.0,0.0
TSLA,2010-09-07,20100907,1.37,1.4,1.37,1.369333028793335,1.37,20.55,3651000,-0.021429,0.0
TSLA,2010-09-08,20100908,1.38,1.4,1.37,1.3933329582214355,1.39,20.85,4326000,0.014599,0.0
TSLA,2010-09-09,20100909,1.4,1.4,1.38,1.380666971206665,1.38,20.7,5643000,-0.007194,0.0
TSLA,2010-09-10,20100910,1.38,1.4,1.32,1.3446669578552246,1.34,20.1,5799000,-0.028986,0.0
TSLA,2010-09-13,20100913,1.39,1.39,1.37,1.3813329935073853,1.38,20.7,5412000,0.029851,0.0
TSLA,2010-09-14,20100914,1.37,1.44,1.37,1.4079999923706055,1.41,21.15,9820500,0.021739,0.0
TSLA,2010-09-15,20100915,1.4,1.47,1.39,1.4653329849243164,1.47,22.05,10269000,0.042553,0.0
TSLA,2010-09-16,20100916,1.48,1.54,1.39,1.3960000276565552,1.4,21.0,40267500,-0.047619,0.0
TSLA,2010-09-17,20100917,1.4,1.42,1.32,1.348667025566101,1.35,20.25,17977500,-0.035714,0.0
TSLA,2010-09-20,20100920,1.38,1.42,1.34,1.4040000438690186,1.4,21.0,14212500,0.037037,0.0
TSLA,2010-09-21,20100921,1.39,1.44,1.38,1.3846670389175415,1.38,20.7,11940000,-0.014286,0.0
TSLA,2010-09-22,20100922,1.39,1.4,1.32,1.324666976928711,1.32,19.8,14443500,-0.043478,0.0
TSLA,2010-09-23,20100923,1.33,1.34,1.3,1.3040000200271606,1.3,19.5,10021500,-0.015152,0.0
TSLA,2010-09-24,20100924,1.33,1.35,1.31,1.340000033378601,1.34,20.1,8683500,0.030769,0.0
TSLA,2010-09-27,20100927,1.36,1.39,1.34,1.3686670064926147,1.37,20.55,6279000,0.022388,0.0
TSLA,2010-09-28,20100928,1.4,1.43,1.38,1.4266669750213623,1.43,21.45,18217500,0.043796,0.0
TSLA,2010-09-29,20100929,1.41,1.47,1.41,1.4653329849243164,1.47,22.05,29539500,0.027972,0.0
TSLA,2010-09-30,20100930,1.47,1.48,1.35,1.3606669902801514,1.36,20.4,32937000,-0.07483,0.0
TSLA,2010-10-01,20101001,1.38,1.38,1.35,1.3733329772949219,1.37,20.55,8965500,0.007353,0.0
TSLA,2010-10-04,20101004,1.36,1.41,1.35,1.3993330001831055,1.4,21.0,9654000,0.021898,0.0
TSLA,2010-10-05,20101005,1.41,1.42,1.4,1.4079999923706055,1.41,21.15,4980000,0.007143,0.0
TSLA,2010-10-06,20101006,1.4,1.42,1.35,1.3639999628067017,1.36,20.4,4701000,-0.035461,0.0
TSLA,2010-10-07,20101007,1.37,1.38,1.36,1.3619999885559082,1.36,20.4,2115000,0.0,0.0
TSLA,2010-10-08,20101008,1.36,1.39,1.36,1.3619999885559082,1.36,20.4,4017000,0.0,0.0
TSLA,2010-10-11,20101011,1.36,1.38,1.34,1.3493330478668213,1.35,20.25,2568000,-0.007353,0.0
TSLA,2010-10-12,20101012,1.35,1.35,1.34,1.3493330478668213,1.35,20.25,3660000,0.0,0.0
TSLA,2010-10-13,20101013,1.38,1.39,1.36,1.369333028793335,1.37,20.55,4773000,0.014815,0.0
TSLA,2010-10-14,20101014,1.4,1.4,1.36,1.3833329677581787,1.38,20.7,4422000,0.007299,0.0
TSLA,2010-10-15,20101015,1.39,1.39,1.35,1.369333028793335,1.37,20.55,4270500,-0.007246,0.0
TSLA,2010-10-18,20101018,1.37,1.38,1.35,1.348667025566101,1.35,20.25,2442000,-0.014599,0.0
TSLA,2010-10-19,20101019,1.35,1.36,1.33,1.3366669416427612,1.34,20.1,3678000,-0.007407,0.0
TSLA,2010-10-20,20101020,1.34,1.38,1.34,1.3766670227050781,1.38,20.7,4687500,0.029851,0.0
TSLA,2010-10-21,20101021,1.37,1.4,1.36,1.3833329677581787,1.38,20.7,6256500,0.0,0.0
TSLA,2010-10-22,20101022,1.38,1.4,1.37,1.3813329935073853,1.38,20.7,2416500,0.0,0.0
TSLA,2010-10-25,20101025,1.4,1.4,1.38,1.3899999856948853,1.39,20.85,1777500,0.007246,0.0
TSLA,2010-10-26,20101026,1.39,1.46,1.37,1.4240000247955322,1.42,21.3,9913500,0.021583,0.0
TSLA,2010-10-27,20101027,1.42,1.43,1.38,1.399999976158142,1.4,21.0,5347500,-0.014085,0.0
TSLA,2010-10-28,20101028,1.43,1.43,1.4,1.4126670360565186,1.41,21.15,3363000,0.007143,0.0
TSLA,2010-10-29,20101029,1.41,1.46,1.4,1.4559999704360962,1.46,21.9,4209000,0.035461,0.0
TSLA,2010-11-01,20101101,1.46,1.52,1.42,1.4273329973220825,1.43,21.45,6837000,-0.020548,0.0
TSLA,2010-11-02,20101102,1.45,1.46,1.4,1.4166669845581055,1.42,21.3,4837500,-0.006993,0.0
TSLA,2010-11-03,20101103,1.42,1.5,1.41,1.4513330459594727,1.45,21.75,5589000,0.021127,0.0
TSLA,2010-11-04,20101104,1.51,1.69,1.48,1.659999966621399,1.66,24.9,28110000,0.144828,0.0
TSLA,2010-11-05,20101105,1.66,1.66,1.58,1.6293330192565918,1.63,24.45,15165000,-0.018072,0.0
TSLA,2010-11-08,20101108,1.63,1.67,1.6,1.6653330326080322,1.67,25.05,7642500,0.02454,0.0
TSLA,2010-11-09,20101109,1.67,1.71,1.6,1.6419999599456787,1.64,24.6,14346000,-0.017964,0.0
TSLA,2010-11-10,20101110,1.63,2.0,1.6,1.957332968711853,1.96,29.4,45907500,0.195122,0.0
TSLA,2010-11-11,20101111,1.91,1.94,1.82,1.869333028793335,1.87,28.05,29179500,-0.045918,0.0
TSLA,2010-11-12,20101112,1.88,2.03,1.87,1.9893330335617065,1.99,29.85,40936500,0.064171,0.0
TSLA,2010-11-15,20101115,2.01,2.2,2.01,2.053333044052124,2.05,30.75,39343500,0.030151,0.0
TSLA,2010-11-16,20101116,2.07,2.09,1.89,1.9780000448226929,1.98,29.7,20214000,-0.034146,0.0
TSLA,2010-11-17,20101117,2.01,2.05,1.91,1.965999960899353,1.97,29.55,11250000,-0.005051,0.0
TSLA,2010-11-18,20101118,2.04,2.05,1.93,1.9926669597625732,1.99,29.85,14341500,0.010152,0.0
TSLA,2010-11-19,20101119,2.01,2.09,1.98,2.065999984741211,2.07,31.05,17257500,0.040201,0.0
TSLA,2010-11-22,20101122,2.1,2.23,2.1,2.2266669273376465,2.23,33.45,22945500,0.077295,0.0
TSLA,2010-11-23,20101123,2.22,2.38,2.15,2.3046669960021973,2.3,34.5,23667000,0.03139,0.0
TSLA,2010-11-24,20101124,2.35,2.4,2.29,2.3646669387817383,2.36,35.4,21375000,0.026087,0.0
TSLA,2010-11-26,20101126,2.37,2.4,2.32,2.3546669483184814,2.35,35.25,5259000,-0.004237,0.0
TSLA,2010-11-29,20101129,2.36,2.4,2.22,2.2886669635772705,2.29,34.35,17184000,-0.025532,0.0
TSLA,2010-11-30,20101130,2.25,2.36,2.23,2.355333089828491,2.36,35.4,33339000,0.030568,0.0
TSLA,2010-12-01,20101201,2.39,2.43,2.23,2.2899999618530273,2.29,34.35,19488000,-0.029661,0.0
TSLA,2010-12-02,20101202,2.27,2.29,2.08,2.1566669940948486,2.16,32.4,30105000,-0.056769,0.0
TSLA,2010-12-03,20101203,2.13,2.15,2.06,2.0993330478668213,2.1,31.5,17401500,-0.027778,0.0
TSLA,2010-12-06,20101206,2.09,2.1,1.97,2.02066707611084,2.02,30.3,19116000,-0.038095,0.0
TSLA,2010-12-07,20101207,2.03,2.16,2.0,2.1040000915527344,2.1,31.5,19669500,0.039604,0.0
TSLA,2010-12-08,20101208,2.17,2.17,2.1,2.1579999923706055,2.16,32.4,9900000,0.028571,0.0
TSLA,2010-12-09,20101209,2.17,2.18,2.11,2.136667013168335,2.14,32.1,6090000,-0.009259,0.0
TSLA,2010-12-10,20101210,2.14,2.19,2.08,2.101332902908325,2.1,31.5,6441000,-0.018692,0.0
TSLA,2010-12-13,20101213,2.11,2.12,2.03,2.0366671085357666,2.04,30.6,6156000,-0.028571,0.0
TSLA,2010-12-14,20101214,2.02,2.03,1.85,1.9019999504089355,1.9,28.5,26485500,-0.068627,0.0
TSLA,2010-12-15,20101215,1.91,2.0,1.9,1.9733330011367798,1.97,29.55,11143500,0.036842,0.0
TSLA,2010-12-16,20101216,2.0,2.06,1.98,2.053999900817871,2.05,30.75,11851500,0.040609,0.0
TSLA,2010-12-17,20101217,2.09,2.1,2.05,2.0906670093536377,2.09,31.35,12195000,0.019512,0.0
TSLA,2010-12-20,20101220,2.11,2.15,2.08,2.113332986831665,2.11,31.65,7851000,0.009569,0.0
TSLA,2010-12-21,20101221,2.12,2.18,2.11,2.1506669521331787,2.15,32.25,11665500,0.018957,0.0
TSLA,2010-12-22,20101222,2.15,2.19,2.11,2.175333023071289,2.18,32.7,12499500,0.013953,0.0
TSLA,2010-12-23,20101223,2.08,2.17,1.99,2.00600004196167,2.01,30.15,23289000,-0.077982,0.0
TSLA,2010-12-27,20101227,1.87,1.91,1.67,1.7033330202102661,1.7,25.5,139528500,-0.154229,0.0
TSLA,2010-12-28,20101228,1.72,1.78,1.67,1.7606669664382935,1.76,26.4,60844500,0.035294,0.0
TSLA,2010-12-29,20101229,1.8,1.87,1.77,1.848667025566101,1.85,27.75,49788000,0.051136,0.0
TSLA,2010-12-30,20101230,1.85,1.86,1.76,1.7666670083999634,1.77,26.55,30616500,-0.043243,0.0
TSLA,2010-12-31,20101231,1.77,1.82,1.77,1.775333046913147,1.78,26.7,21268500,0.00565,0.0
TSLA,2011-01-03,20110103,1.79,1.8,1.73,1.7746670246124268,1.77,26.55,19245000,-0.005618,0.0
TSLA,2011-01-04,20110104,1.78,1.8,1.73,1.777999997138977,1.78,26.7,17811000,0.00565,0.0
TSLA,2011-01-05,20110105,1.77,1.79,1.75,1.7886669635772705,1.79,26.85,21700500,0.005618,0.0
TSLA,2011-01-06,20110106,1.79,1.87,1.79,1.858667016029358,1.86,27.9,30918000,0.039106,0.0
TSLA,2011-01-07,20110107,1.87,1.91,1.86,1.8826669454574585,1.88,28.2,33718500,0.010753,0.0
TSLA,2011-01-10,20110110,1.88,1.91,1.87,1.8966670036315918,1.9,28.5,20140500,0.010638,0.0
TSLA,2011-01-11,20110111,1.91,1.91,1.79,1.797333002090454,1.8,27.0,25653000,-0.052632,0.0
TSLA,2011-01-12,20110112,1.8,1.83,1.77,1.797333002090454,1.8,27.0,14466000,0.0,0.0
TSLA,2011-01-13,20110113,1.8,1.8,1.74,1.7480000257492065,1.75,26.25,10854000,-0.027778,0.0
TSLA,2011-01-14,20110114,1.74,1.77,1.71,1.7166670560836792,1.72,25.8,17880000,-0.017143,0.0
TSLA,2011-01-18,20110118,1.7,1.71,1.65,1.7093329429626465,1.71,25.65,24325500,-0.005814,0.0
TSLA,2011-01-19,20110119,1.68,1.7,1.58,1.6019999980926514,1.6,24.0,35572500,-0.064327,0.0
TSLA,2011-01-20,20110120,1.6,1.63,1.49,1.5080000162124634,1.51,22.65,34198500,-0.05625,0.0
TSLA,2011-01-21,20110121,1.54,1.57,1.51,1.5360000133514404,1.54,23.1,18255000,0.019868,0.0
TSLA,2011-01-24,20110124,1.57,1.65,1.55,1.6326669454574585,1.63,24.45,24676500,0.058442,0.0
TSLA,2011-01-25,20110125,1.64,1.66,1.6,1.6453330516815186,1.65,24.75,19072500,0.01227,0.0
TSLA,2011-01-26,20110126,1.65,1.66,1.61,1.649999976158142,1.65,24.75,16198500,0.0,0.0
TSLA,2011-01-27,20110127,1.65,1.67,1.64,1.6613329648971558,1.66,24.9,13435500,0.006061,0.0
TSLA,2011-01-28,20110128,1.66,1.66,1.58,1.6006669998168945,1.6,24.0,15726000,-0.036145,0.0
TSLA,2011-01-31,20110131,1.6,1.61,1.57,1.6066670417785645,1.61,24.15,12454500,0.00625,0.0
TSLA,2011-02-01,20110201,1.62,1.65,1.57,1.593999981880188,1.59,23.85,10617000,-0.012422,0.0
TSLA,2011-02-02,20110202,1.61,1.61,1.58,1.5959999561309814,1.6,24.0,8542500,0.006289,0.0
TSLA,2011-02-03,20110203,1.59,1.59,1.54,1.5753329992294312,1.58,23.7,7680000,-0.0125,0.0
TSLA,2011-02-04,20110204,1.56,1.58,1.55,1.5640000104904175,1.56,23.4,8160000,-0.012658,0.0
TSLA,2011-02-07,20110207,1.55,1.55,1.53,1.5379999876022339,1.54,23.1,13426500,-0.012821,0.0
TSLA,2011-02-08,20110208,1.59,1.68,1.53,1.6326669454574585,1.63,24.45,52573500,0.058442,0.0
TSLA,2011-02-09,20110209,1.61,1.61,1.52,1.547333002090454,1.55,23.25,39534000,-0.04908,0.0
TSLA,2011-02-10,20110210,1.55,1.58,1.52,1.5479999780654907,1.55,23.25,12541500,0.0,0.0
TSLA,2011-02-11,20110211,1.55,1.58,1.53,1.5499999523162842,1.55,23.25,9517500,0.0,0.0
TSLA,2011-02-14,20110214,1.58,1.61,1.54,1.5386669635772705,1.54,23.1,19246500,-0.006452,0.0
TSLA,2011-02-15,20110215,1.53,1.54,1.5,1.5226670503616333,1.52,22.8,14305500,-0.012987,0.0
TSLA,2011-02-16,20110216,1.54,1.66,1.54,1.6486669778823853,1.65,24.75,61726500,0.085526,0.0
TSLA,2011-02-17,20110217,1.64,1.7,1.57,1.5733330249786377,1.57,23.55,39276000,-0.048485,0.0
TSLA,2011-02-18,20110218,1.56,1.57,1.53,1.5453330278396606,1.55,23.25,35560500,-0.012739,0.0
TSLA,2011-02-22,20110222,1.53,1.53,1.45,1.4579999446868896,1.46,21.9,30969000,-0.058065,0.0
TSLA,2011-02-23,20110223,1.48,1.5,1.41,1.4553329944610596,1.46,21.9,24084000,0.0,0.0
TSLA,2011-02-24,20110224,1.45,1.51,1.43,1.5019999742507935,1.5,22.5,15829500,0.027397,0.0
TSLA,2011-02-25,20110225,1.52,1.59,1.51,1.5740000009536743,1.57,23.55,20194500,0.046667,0.0
TSLA,2011-02-28,20110228,1.58,1.61,1.57,1.5926669836044312,1.59,23.85,15768000,0.012739,0.0
TSLA,2011-03-01,20110301,1.6,1.62,1.58,1.5959999561309814,1.6,24.0,16596000,0.006289,0.0
TSLA,2011-03-02,20110302,1.59,1.62,1.58,1.6013330221176147,1.6,24.0,9949500,0.0,0.0
TSLA,2011-03-03,20110303,1.63,1.65,1.6,1.6239999532699585,1.62,24.3,9603000,0.0125,0.0
TSLA,2011-03-04,20110304,1.63,1.67,1.59,1.6633330583572388,1.66,24.9,23701500,0.024691,0.0
TSLA,2011-03-07,20110307,1.66,1.69,1.65,1.6626670360565186,1.66,24.9,30504000,0.0,0.0
TSLA,2011-03-08,20110308,1.64,1.66,1.6,1.6440000534057617,1.64,24.6,20998500,-0.012048,0.0
TSLA,2011-03-09,20110309,1.64,1.67,1.62,1.6480000019073486,1.65,24.75,13872000,0.006098,0.0
TSLA,2011-03-10,20110310,1.63,1.63,1.58,1.6006669998168945,1.6,24.0,15255000,-0.030303,0.0
TSLA,2011-03-11,20110311,1.59,1.62,1.57,1.6046669483184814,1.6,24.0,13962000,0.0,0.0
TSLA,2011-03-14,20110314,1.59,1.6,1.55,1.5499999523162842,1.55,23.25,17490000,-0.03125,0.0
TSLA,2011-03-15,20110315,1.48,1.53,1.45,1.5299999713897705,1.53,22.95,19782000,-0.012903,0.0
TSLA,2011-03-16,20110316,1.52,1.55,1.51,1.5213329792022705,1.52,22.8,17545500,-0.006536,0.0
TSLA,2011-03-17,20110317,1.55,1.56,1.51,1.5206669569015503,1.52,22.8,13839000,0.0,0.0
TSLA,2011-03-18,20110318,1.55,1.55,1.5,1.5306669473648071,1.53,22.95,10318500,0.006579,0.0
TSLA,2011-03-21,20110321,1.54,1.54,1.5,1.5153330564498901,1.52,22.8,6175500,-0.006536,0.0
TSLA,2011-03-22,20110322,1.52,1.52,1.47,1.4793330430984497,1.48,22.2,8743500,-0.026316,0.0
TSLA,2011-03-23,20110323,1.47,1.48,1.45,1.480666995048523,1.48,22.2,6342000,0.0,0.0
TSLA,2011-03-24,20110324,1.48,1.49,1.47,1.4886670112609863,1.49,22.35,6933000,0.006757,0.0
TSLA,2011-03-25,20110325,1.5,1.53,1.49,1.5166670083999634,1.52,22.8,8520000,0.020134,0.0
TSLA,2011-03-28,20110328,1.51,1.57,1.5,1.5499999523162842,1.55,23.25,15871500,0.019737,0.0
TSLA,2011-03-29,20110329,1.55,1.6,1.55,1.5946669578552246,1.59,23.85,11331000,0.025806,0.0
TSLA,2011-03-30,20110330,1.61,1.63,1.53,1.5806670188903809,1.58,23.7,18349500,-0.006289,0.0
TSLA,2011-03-31,20110331,1.77,1.91,1.77,1.850000023841858,1.85,27.75,172767000,0.170886,0.0
TSLA,2011-04-01,20110401,1.83,1.88,1.77,1.7773330211639404,1.78,26.7,42972000,-0.037838,0.0
TSLA,2011-04-04,20110404,1.79,1.8,1.68,1.722000002861023,1.72,25.8,39139500,-0.033708,0.0
TSLA,2011-04-05,20110405,1.73,1.8,1.71,1.7799999713897705,1.78,26.7,47713500,0.034884,0.0
TSLA,2011-04-06,20110406,1.8,1.8,1.72,1.7660000324249268,1.77,26.55,19324500,-0.005618,0.0
TSLA,2011-04-07,20110407,1.79,1.86,1.76,1.815999984741211,1.82,27.3,42154500,0.028249,0.0
TSLA,2011-04-08,20110408,1.84,1.84,1.76,1.7660000324249268,1.77,26.55,29196000,-0.027473,0.0
TSLA,2011-04-11,20110411,1.76,1.77,1.67,1.6846669912338257,1.68,25.2,20541000,-0.050847,0.0
TSLA,2011-04-12,20110412,1.67,1.68,1.62,1.6433329582214355,1.64,24.6,20361000,-0.02381,0.0
TSLA,2011-04-13,20110413,1.68,1.71,1.65,1.6619999408721924,1.66,24.9,18172500,0.012195,0.0
TSLA,2011-04-14,20110414,1.66,1.69,1.61,1.6759999990463257,1.68,25.2,14751000,0.012048,0.0
TSLA,2011-04-15,20110415,1.71,1.75,1.69,1.7053329944610596,1.71,25.65,14152500,0.017857,0.0
TSLA,2011-04-18,20110418,1.68,1.71,1.62,1.668666958808899,1.67,25.05,15508500,-0.023392,0.0
TSLA,2011-04-19,20110419,1.68,1.68,1.64,1.6773329973220825,1.68,25.2,8230500,0.005988,0.0
TSLA,2011-04-20,20110420,1.71,1.74,1.69,1.7166670560836792,1.72,25.8,12558000,0.02381,0.0
TSLA,2011-04-21,20110421,1.72,1.8,1.71,1.7826670408248901,1.78,26.7,20791500,0.034884,0.0
TSLA,2011-04-25,20110425,1.78,1.78,1.73,1.7593330144882202,1.76,26.4,12013500,-0.011236,0.0
TSLA,2011-04-26,20110426,1.78,1.82,1.75,1.7953330278396606,1.8,27.0,21000000,0.022727,0.0
TSLA,2011-04-27,20110427,1.8,1.82,1.78,1.8053330183029175,1.81,27.15,14953500,0.005556,0.0
TSLA,2011-04-28,20110428,1.8,1.85,1.78,1.843999981880188,1.84,27.6,24000000,0.016575,0.0
TSLA,2011-04-29,20110429,1.85,1.86,1.83,1.840000033378601,1.84,27.6,10890000,0.0,0.0
TSLA,2011-05-02,20110502,1.84,1.85,1.8,1.8300000429153442,1.83,27.45,11769000,-0.005435,0.0
TSLA,2011-05-03,20110503,1.83,1.83,1.77,1.7913329601287842,1.79,26.85,13708500,-0.021858,0.0
TSLA,2011-05-04,20110504,1.79,1.8,1.72,1.7793329954147339,1.78,26.7,15667500,-0.005587,0.0
TSLA,2011-05-05,20110505,1.81,1.83,1.74,1.762666940689087,1.76,26.4,18277500,-0.011236,0.0
TSLA,2011-05-06,20110506,1.79,1.85,1.77,1.8079999685287476,1.81,27.15,14725500,0.028409,0.0
TSLA,2011-05-09,20110509,1.8,1.87,1.79,1.8606669902801514,1.86,27.9,13746000,0.027624,0.0
TSLA,2011-05-10,20110510,1.88,1.93,1.86,1.8886669874191284,1.89,28.35,23029500,0.016129,0.0
TSLA,2011-05-11,20110511,1.88,1.89,1.79,1.8046669960021973,1.8,27.0,14437500,-0.047619,0.0
TSLA,2011-05-12,20110512,1.8,1.85,1.78,1.8446669578552246,1.84,27.6,9420000,0.022222,0.0
TSLA,2011-05-13,20110513,1.87,1.88,1.82,1.8366669416427612,1.84,27.6,9922500,0.0,0.0
TSLA,2011-05-16,20110516,1.87,1.87,1.77,1.773332953453064,1.77,26.55,11335500,-0.038043,0.0
TSLA,2011-05-17,20110517,1.8,1.8,1.71,1.730666995048523,1.73,25.95,18513000,-0.022599,0.0
TSLA,2011-05-18,20110518,1.74,1.76,1.7,1.7566670179367065,1.76,26.4,10942500,0.017341,0.0
TSLA,2011-05-19,20110519,1.8,1.9,1.77,1.8799999952316284,1.88,28.2,39826500,0.068182,0.0
TSLA,2011-05-20,20110520,1.88,1.89,1.82,1.8646670579910278,1.86,27.9,12637500,-0.010638,0.0
TSLA,2011-05-23,20110523,1.84,1.84,1.77,1.7879999876022339,1.79,26.85,12954000,-0.037634,0.0
TSLA,2011-05-24,20110524,1.8,1.83,1.77,1.7813329696655273,1.78,26.7,9205500,-0.005587,0.0
TSLA,2011-05-25,20110525,1.79,1.93,1.74,1.9320000410079956,1.93,28.95,70396500,0.08427,0.0
TSLA,2011-05-26,20110526,1.92,1.98,1.87,1.9653329849243164,1.97,29.55,50053500,0.020725,0.0
TSLA,2011-05-27,20110527,1.97,1.98,1.92,1.9700000286102295,1.97,29.55,25306500,0.0,0.0
TSLA,2011-05-31,20110531,1.98,2.02,1.97,2.0093328952789307,2.01,30.15,49357500,0.020305,0.0
TSLA,2011-06-01,20110601,2.0,2.01,1.89,1.901332974433899,1.9,28.5,22948500,-0.054726,0.0
TSLA,2011-06-02,20110602,1.9,1.95,1.9,1.9173330068588257,1.92,28.8,14794500,0.010526,0.0
TSLA,2011-06-03,20110603,2.0,2.1,1.97,2.0086669921875,2.01,30.15,93138000,0.046875,0.0
TSLA,2011-06-06,20110606,2.01,2.01,1.88,1.9133330583572388,1.91,28.65,34966500,-0.049751,0.0
TSLA,2011-06-07,20110607,1.93,1.96,1.88,1.891332983970642,1.89,28.35,18331500,-0.010471,0.0
TSLA,2011-06-08,20110608,1.9,1.91,1.8,1.8079999685287476,1.81,27.15,25438500,-0.042328,0.0
TSLA,2011-06-09,20110609,1.83,1.87,1.81,1.841333031654358,1.84,27.6,24048000,0.016575,0.0
TSLA,2011-06-10,20110610,1.83,1.89,1.82,1.8573329448699951,1.86,27.9,23499000,0.01087,0.0
TSLA,2011-06-13,20110613,1.87,1.93,1.86,1.8953330516815186,1.9,28.5,25701000,0.021505,0.0
TSLA,2011-06-14,20110614,1.9,1.98,1.9,1.9066669940948486,1.91,28.65,23601000,0.005263,0.0
TSLA,2011-06-15,20110615,1.9,1.9,1.8,1.8213330507278442,1.82,27.3,20175000,-0.04712,0.0
TSLA,2011-06-16,20110616,1.84,1.87,1.72,1.7666670083999634,1.77,26.55,27633000,-0.027473,0.0
TSLA,2011-06-17,20110617,1.79,1.85,1.74,1.7666670083999634,1.77,26.55,25710000,0.0,0.0
TSLA,2011-06-20,20110620,1.75,1.76,1.7,1.7339999675750732,1.73,25.95,23067000,-0.022599,0.0
TSLA,2011-06-21,20110621,1.75,1.85,1.73,1.835332989692688,1.84,27.6,22440000,0.063584,0.0
TSLA,2011-06-22,20110622,1.82,1.88,1.81,1.8140000104904175,1.81,27.15,22134000,-0.016304,0.0
TSLA,2011-06-23,20110623,1.81,1.85,1.75,1.8473329544067383,1.85,27.75,17550000,0.022099,0.0
TSLA,2011-06-24,20110624,1.84,1.86,1.82,1.8380000591278076,1.84,27.6,54127500,-0.005405,0.0
TSLA,2011-06-27,20110627,1.85,1.89,1.82,1.8306670188903809,1.83,27.45,27141000,-0.005435,0.0
TSLA,2011-06-28,20110628,1.85,1.88,1.84,1.8739999532699585,1.87,28.05,13338000,0.021858,0.0
TSLA,2011-06-29,20110629,1.9,1.94,1.87,1.8860000371932983,1.89,28.35,21927000,0.010695,0.0
TSLA,2011-06-30,20110630,1.9,1.96,1.89,1.9420000314712524,1.94,29.1,14200500,0.026455,0.0
TSLA,2011-07-01,20110701,1.94,1.97,1.92,1.9346669912338257,1.93,28.95,12823500,-0.005155,0.0
TSLA,2011-07-05,20110705,1.93,1.97,1.91,1.942667007446289,1.94,29.1,14940000,0.005181,0.0
TSLA,2011-07-06,20110706,1.94,1.94,1.9,1.9306670427322388,1.93,28.95,13903500,-0.005155,0.0
TSLA,2011-07-07,20110707,1.94,2.0,1.93,1.9819999933242798,1.98,29.7,19918500,0.025907,0.0
TSLA,2011-07-08,20110708,1.99,1.99,1.91,1.920667052268982,1.92,28.8,18609000,-0.030303,0.0
TSLA,2011-07-11,20110711,1.89,1.9,1.87,1.8899999856948853,1.89,28.35,14637000,-0.015625,0.0
TSLA,2011-07-12,20110712,1.89,1.94,1.87,1.878000020980835,1.88,28.2,15681000,-0.005291,0.0
TSLA,2011-07-13,20110713,1.9,1.94,1.86,1.9093329906463623,1.91,28.65,15990000,0.015957,0.0
TSLA,2011-07-14,20110714,1.9,1.93,1.82,1.8406670093536377,1.84,27.6,17385000,-0.036649,0.0
TSLA,2011-07-15,20110715,1.85,1.86,1.83,1.8386670351028442,1.84,27.6,10635000,0.0,0.0
TSLA,2011-07-18,20110718,1.82,1.83,1.78,1.8153330087661743,1.82,27.3,12778500,-0.01087,0.0
TSLA,2011-07-19,20110719,1.84,1.87,1.84,1.8593330383300781,1.86,27.9,15391500,0.021978,0.0
TSLA,2011-07-20,20110720,1.87,2.03,1.85,1.9126670360565186,1.91,28.65,45724500,0.026882,0.0
TSLA,2011-07-21,20110721,1.93,1.94,1.87,1.9133330583572388,1.91,28.65,15172500,0.0,0.0
TSLA,2011-07-22,20110722,1.91,1.97,1.9,1.952666997909546,1.95,29.25,8752500,0.020942,0.0
TSLA,2011-07-25,20110725,1.93,1.95,1.9,1.8993330001831055,1.9,28.5,10099500,-0.025641,0.0
TSLA,2011-07-26,20110726,1.89,1.92,1.86,1.8666670322418213,1.87,28.05,11409000,-0.015789,0.0
TSLA,2011-07-27,20110727,1.9,1.9,1.83,1.8426669836044312,1.84,27.6,14377500,-0.016043,0.0
TSLA,2011-07-28,20110728,1.84,1.9,1.84,1.878000020980835,1.88,28.2,14080500,0.021739,0.0
TSLA,2011-07-29,20110729,1.85,1.89,1.83,1.878000020980835,1.88,28.2,14223000,0.0,0.0
TSLA,2011-08-01,20110801,1.91,1.93,1.88,1.9179999828338623,1.92,28.8,17473500,0.021277,0.0
TSLA,2011-08-02,20110802,1.91,1.95,1.82,1.8226670026779175,1.82,27.3,23241000,-0.052083,0.0
TSLA,2011-08-03,20110803,1.83,1.86,1.76,1.8133330345153809,1.81,27.15,26917500,-0.005495,0.0
TSLA,2011-08-04,20110804,1.77,1.79,1.64,1.649999976158142,1.65,24.75,45967500,-0.088398,0.0
TSLA,2011-08-05,20110805,1.67,1.69,1.52,1.6160000562667847,1.62,24.3,29466000,-0.018182,0.0
TSLA,2011-08-08,20110808,1.54,1.63,1.54,1.5759999752044678,1.58,23.7,39127500,-0.024691,0.0
TSLA,2011-08-09,20110809,1.61,1.7,1.58,1.670667052268982,1.67,25.05,20001000,0.056962,0.0
TSLA,2011-08-10,20110810,1.7,1.7,1.58,1.5880000591278076,1.59,23.85,23463000,-0.047904,0.0
TSLA,2011-08-11,20110811,1.6,1.72,1.6,1.6866669654846191,1.69,25.35,12547500,0.062893,0.0
TSLA,2011-08-12,20110812,1.71,1.81,1.69,1.753999948501587,1.75,26.25,15136500,0.035503,0.0
TSLA,2011-08-15,20110815,1.77,1.78,1.73,1.7486670017242432,1.75,26.25,11079000,0.0,0.0
TSLA,2011-08-16,20110816,1.74,1.77,1.72,1.7400000095367432,1.74,26.1,8065500,-0.005714,0.0
TSLA,2011-08-17,20110817,1.76,1.78,1.7,1.722000002861023,1.72,25.8,9655500,-0.011494,0.0
TSLA,2011-08-18,20110818,1.67,1.68,1.56,1.6173330545425415,1.62,24.3,15849000,-0.05814,0.0
TSLA,2011-08-19,20110819,1.59,1.61,1.47,1.4866670370101929,1.49,22.35,20629500,-0.080247,0.0
TSLA,2011-08-22,20110822,1.54,1.59,1.45,1.463333010673523,1.46,21.9,14791500,-0.020134,0.0
TSLA,2011-08-23,20110823,1.46,1.54,1.43,1.5306669473648071,1.53,22.95,13035000,0.047945,0.0
TSLA,2011-08-24,20110824,1.54,1.6,1.52,1.591333031654358,1.59,23.85,10264500,0.039216,0.0
TSLA,2011-08-25,20110825,1.59,1.59,1.53,1.5406670570373535,1.54,23.1,10197000,-0.031447,0.0
TSLA,2011-08-26,20110826,1.51,1.6,1.47,1.5820000171661377,1.58,23.7,11427000,0.025974,0.0
TSLA,2011-08-29,20110829,1.61,1.66,1.6,1.647333025932312,1.65,24.75,12051000,0.044304,0.0
TSLA,2011-08-30,20110830,1.63,1.65,1.61,1.6419999599456787,1.64,24.6,5493000,-0.006061,0.0
TSLA,2011-08-31,20110831,1.65,1.7,1.62,1.6493330001831055,1.65,24.75,12357000,0.006098,0.0
TSLA,2011-09-01,20110901,1.64,1.66,1.59,1.600000023841858,1.6,24.0,12721500,-0.030303,0.0
TSLA,2011-09-02,20110902,1.58,1.6,1.51,1.5379999876022339,1.54,23.1,11548500,-0.0375,0.0
TSLA,2011-09-06,20110906,1.5,1.55,1.49,1.5293329954147339,1.53,22.95,12147000,-0.006494,0.0
TSLA,2011-09-07,20110907,1.56,1.6,1.55,1.5893330574035645,1.59,23.85,6888000,0.039216,0.0
TSLA,2011-09-08,20110908,1.57,1.6,1.55,1.5740000009536743,1.57,23.55,7585500,-0.012579,0.0
TSLA,2011-09-09,20110909,1.56,1.57,1.5,1.5313329696655273,1.53,22.95,10039500,-0.025478,0.0
TSLA,2011-09-12,20110912,1.5,1.55,1.5,1.525333046913147,1.53,22.95,8499000,0.0,0.0
TSLA,2011-09-13,20110913,1.53,1.61,1.52,1.6053329706192017,1.61,24.15,10897500,0.052288,0.0
TSLA,2011-09-14,20110914,1.62,1.66,1.59,1.6226669549942017,1.62,24.3,12462000,0.006211,0.0
TSLA,2011-09-15,20110915,1.64,1.66,1.62,1.6546670198440552,1.65,24.75,8439000,0.018519,0.0
TSLA,2011-09-16,20110916,1.65,1.72,1.63,1.7200000286102295,1.72,25.8,21256500,0.042424,0.0
TSLA,2011-09-19,20110919,1.66,1.72,1.59,1.718000054359436,1.72,25.8,17361000,0.0,0.0
TSLA,2011-09-20,20110920,1.73,1.77,1.71,1.7339999675750732,1.73,25.95,17706000,0.005814,0.0
TSLA,2011-09-21,20110921,1.73,1.8,1.71,1.7233330011367798,1.72,25.8,14814000,-0.00578,0.0
TSLA,2011-09-22,20110922,1.71,1.74,1.66,1.7086670398712158,1.71,25.65,11637000,-0.005814,0.0
TSLA,2011-09-23,20110923,1.7,1.77,1.69,1.7586669921875,1.76,26.4,17346000,0.02924,0.0
TSLA,2011-09-26,20110926,1.77,1.77,1.66,1.7013330459594727,1.7,25.5,14022000,-0.034091,0.0
TSLA,2011-09-27,20110927,1.73,1.8,1.7,1.746000051498413,1.75,26.25,10117500,0.029412,0.0
TSLA,2011-09-28,20110928,1.73,1.77,1.63,1.6393330097198486,1.64,24.6,10849500,-0.062857,0.0
TSLA,2011-09-29,20110929,1.71,1.72,1.57,1.6080000400543213,1.61,24.15,13944000,-0.018293,0.0
TSLA,2011-09-30,20110930,1.65,1.66,1.57,1.6260000467300415,1.63,24.45,20041500,0.012422,0.0
TSLA,2011-10-03,20111003,1.66,1.67,1.55,1.5820000171661377,1.58,23.7,15348000,-0.030675,0.0
TSLA,2011-10-04,20111004,1.55,1.62,1.53,1.5773329734802246,1.58,23.7,18004500,0.0,0.0
TSLA,2011-10-05,20111005,1.6,1.72,1.56,1.6913330554962158,1.69,25.35,18442500,0.06962,0.0
TSLA,2011-10-06,20111006,1.69,1.84,1.67,1.797333002090454,1.8,27.0,26536500,0.065089,0.0
TSLA,2011-10-07,20111007,1.8,1.84,1.74,1.7993329763412476,1.8,27.0,19674000,0.0,0.0
TSLA,2011-10-10,20111010,1.82,1.88,1.8,1.858667016029358,1.86,27.9,13852500,0.033333,0.0
TSLA,2011-10-11,20111011,1.83,1.85,1.81,1.8406670093536377,1.84,27.6,8635500,-0.010753,0.0
TSLA,2011-10-12,20111012,1.82,1.87,1.81,1.8533329963684082,1.85,27.75,16851000,0.005435,0.0
TSLA,2011-10-13,20111013,1.84,1.9,1.83,1.8626669645309448,1.86,27.9,15652500,0.005405,0.0
TSLA,2011-10-14,20111014,1.87,1.9,1.82,1.8700000047683716,1.87,28.05,21007500,0.005376,0.0
TSLA,2011-10-17,20111017,1.86,1.87,1.82,1.8279999494552612,1.83,27.45,11317500,-0.02139,0.0
TSLA,2011-10-18,20111018,1.82,1.9,1.78,1.8893330097198486,1.89,28.35,14995500,0.032787,0.0
TSLA,2011-10-19,20111019,1.87,1.87,1.82,1.8380000591278076,1.84,27.6,11893500,-0.026455,0.0
TSLA,2011-10-20,20111020,1.83,1.83,1.8,1.8226670026779175,1.82,27.3,14995500,-0.01087,0.0
TSLA,2011-10-21,20111021,1.83,1.89,1.8,1.8686670064926147,1.87,28.05,17139000,0.027473,0.0
TSLA,2011-10-24,20111024,1.86,1.93,1.85,1.9033329486846924,1.9,28.5,14109000,0.016043,0.0
TSLA,2011-10-25,20111025,1.88,1.92,1.85,1.8833329677581787,1.88,28.2,9816000,-0.010526,0.0
TSLA,2011-10-26,20111026,1.88,1.89,1.83,1.8653329610824585,1.87,28.05,7657500,-0.005319,0.0
TSLA,2011-10-27,20111027,1.89,1.93,1.87,1.9173330068588257,1.92,28.8,13041000,0.026738,0.0
TSLA,2011-10-28,20111028,1.9,2.0,1.87,1.9913330078125,1.99,29.85,18960000,0.036458,0.0
TSLA,2011-10-31,20111031,1.97,1.97,1.92,1.9579999446868896,1.96,29.4,17010000,-0.015075,0.0
TSLA,2011-11-01,20111101,1.89,1.93,1.87,1.925333023071289,1.93,28.95,9528000,-0.015306,0.0
TSLA,2011-11-02,20111102,1.93,1.95,1.88,1.9140000343322754,1.91,28.65,13129500,-0.010363,0.0
TSLA,2011-11-03,20111103,2.0,2.17,1.97,2.1640000343322754,2.16,32.4,37645500,0.13089,0.0
TSLA,2011-11-04,20111104,2.1,2.16,2.03,2.1540000438690186,2.15,32.25,45493500,-0.00463,0.0
TSLA,2011-11-07,20111107,2.11,2.13,2.05,2.0846669673919678,2.08,31.2,18994500,-0.032558,0.0
TSLA,2011-11-08,20111108,2.09,2.13,2.05,2.122667074203491,2.12,31.8,17518500,0.019231,0.0
TSLA,2011-11-09,20111109,2.06,2.1,2.02,2.058666944503784,2.06,30.9,14305500,-0.028302,0.0
TSLA,2011-11-10,20111110,2.06,2.1,2.04,2.0886669158935547,2.09,31.35,11209500,0.014563,0.0
TSLA,2011-11-11,20111111,2.13,2.3,2.04,2.2426669597625732,2.24,33.6,58024500,0.07177,0.0
TSLA,2011-11-14,20111114,2.2,2.24,2.17,2.2146670818328857,2.21,33.15,19885500,-0.013393,0.0
TSLA,2011-11-15,20111115,2.19,2.29,2.18,2.26200008392334,2.26,33.9,13365000,0.022624,0.0
TSLA,2011-11-16,20111116,2.23,2.33,2.23,2.3293330669403076,2.33,34.95,27498000,0.030973,0.0
TSLA,2011-11-17,20111117,2.3,2.33,2.21,2.245332956314087,2.25,33.75,20239500,-0.034335,0.0
TSLA,2011-11-18,20111118,2.24,2.27,2.17,2.173332929611206,2.17,32.55,13542000,-0.035556,0.0
TSLA,2011-11-21,20111121,2.16,2.16,2.07,2.117332935333252,2.12,31.8,15474000,-0.023041,0.0
TSLA,2011-11-22,20111122,2.12,2.19,2.07,2.138000011444092,2.14,32.1,10989000,0.009434,0.0
TSLA,2011-11-23,20111123,2.12,2.14,2.08,2.0966670513153076,2.1,31.5,6777000,-0.018692,0.0
TSLA,2011-11-25,20111125,2.1,2.16,2.07,2.1106669902801514,2.11,31.65,3594000,0.004762,0.0
TSLA,2011-11-28,20111128,2.13,2.22,2.12,2.1706669330596924,2.17,32.55,10218000,0.028436,0.0
TSLA,2011-11-29,20111129,2.17,2.2,2.11,2.1166670322418213,2.12,31.8,8866500,-0.023041,0.0
TSLA,2011-11-30,20111130,2.17,2.2,2.15,2.1826670169830322,2.18,32.7,11404500,0.028302,0.0
TSLA,2011-12-01,20111201,2.17,2.27,2.13,2.173332929611206,2.17,32.55,15453000,-0.004587,0.0
TSLA,2011-12-02,20111202,2.19,2.25,2.16,2.2200000286102295,2.22,33.3,12042000,0.023041,0.0
TSLA,2011-12-05,20111205,2.24,2.33,2.23,2.2946670055389404,2.29,34.35,17401500,0.031532,0.0
TSLA,2011-12-06,20111206,2.28,2.33,2.27,2.324666976928711,2.32,34.8,14277000,0.0131,0.0
TSLA,2011-12-07,20111207,2.31,2.33,2.25,2.2793331146240234,2.28,34.2,10114500,-0.017241,0.0
TSLA,2011-12-08,20111208,2.06,2.11,1.97,2.059333086013794,2.06,30.9,49587000,-0.096491,0.0
TSLA,2011-12-09,20111209,2.04,2.07,2.02,2.069333076477051,2.07,31.05,18592500,0.004854,0.0
TSLA,2011-12-12,20111212,2.03,2.04,2.0,2.0273330211639404,2.03,30.45,11380500,-0.019324,0.0
TSLA,2011-12-13,20111213,2.04,2.06,1.93,1.963333010673523,1.96,29.4,14911500,-0.034483,0.0
TSLA,2011-12-14,20111214,1.97,1.98,1.87,1.9019999504089355,1.9,28.5,17458500,-0.030612,0.0
TSLA,2011-12-15,20111215,1.91,1.94,1.87,1.9079999923706055,1.91,28.65,10504500,0.005263,0.0
TSLA,2011-12-16,20111216,1.92,1.93,1.87,1.8666670322418213,1.87,28.05,15445500,-0.020942,0.0
TSLA,2011-12-19,20111219,1.87,1.9,1.82,1.850000023841858,1.85,27.75,14805000,-0.010695,0.0
TSLA,2011-12-20,20111220,1.87,1.9,1.85,1.8600000143051147,1.86,27.9,12649500,0.005405,0.0
TSLA,2011-12-21,20111221,1.86,1.87,1.74,1.8380000591278076,1.84,27.6,25582500,-0.010753,0.0
TSLA,2011-12-22,20111222,1.84,1.87,1.82,1.8513330221176147,1.85,27.75,15141000,0.005435,0.0
TSLA,2011-12-23,20111223,1.87,1.87,1.83,1.8600000143051147,1.86,27.9,8871000,0.005405,0.0
TSLA,2011-12-27,20111227,1.84,1.92,1.84,1.9046670198440552,1.9,28.5,11662500,0.021505,0.0
TSLA,2011-12-28,20111228,1.93,1.95,1.87,1.9006669521331787,1.9,28.5,8628000,0.0,0.0
TSLA,2011-12-29,20111229,1.91,1.96,1.9,1.9153330326080322,1.92,28.8,7323000,0.010526,0.0
TSLA,2011-12-30,20111230,1.9,1.93,1.88,1.9040000438690186,1.9,28.5,5097000,-0.010417,0.0
TSLA,2012-01-03,20120103,1.93,1.97,1.84,1.871999979019165,1.87,28.05,13921500,-0.015789,0.0
TSLA,2012-01-04,20120104,1.88,1.91,1.83,1.8473329544067383,1.85,27.75,9451500,-0.010695,0.0
TSLA,2012-01-05,20120105,1.85,1.86,1.79,1.8079999685287476,1.81,27.15,15082500,-0.021622,0.0
TSLA,2012-01-06,20120106,1.81,1.85,1.76,1.7940000295639038,1.79,26.85,14794500,-0.01105,0.0
TSLA,2012-01-09,20120109,1.8,1.83,1.74,1.8166669607162476,1.82,27.3,13455000,0.01676,0.0
TSLA,2012-01-10,20120110,1.83,1.85,1.82,1.841333031654358,1.84,27.6,10077000,0.010989,0.0
TSLA,2012-01-11,20120111,1.84,1.89,1.82,1.8819999694824219,1.88,28.2,10084500,0.021739,0.0
TSLA,2012-01-12,20120112,1.9,1.91,1.85,1.8833329677581787,1.88,28.2,10939500,0.0,0.0
TSLA,2012-01-13,20120113,1.89,1.9,1.51,1.519333004951477,1.52,22.8,82506000,-0.191489,0.0
TSLA,2012-01-17,20120117,1.77,1.82,1.76,1.773332953453064,1.77,26.55,69774000,0.164474,0.0
TSLA,2012-01-18,20120118,1.78,1.79,1.75,1.7873330116271973,1.79,26.85,18903000,0.011299,0.0
TSLA,2012-01-19,20120119,1.81,1.85,1.77,1.784000039100647,1.78,26.7,18694500,-0.005587,0.0
TSLA,2012-01-20,20120120,1.79,1.8,1.76,1.773332953453064,1.77,26.55,9934500,-0.005618,0.0
TSLA,2012-01-23,20120123,1.79,1.81,1.77,1.7846670150756836,1.78,26.7,8919000,0.00565,0.0
TSLA,2012-01-24,20120124,1.78,1.85,1.76,1.8279999494552612,1.83,27.45,12870000,0.02809,0.0
TSLA,2012-01-25,20120125,1.82,1.87,1.8,1.8646670579910278,1.86,27.9,9168000,0.016393,0.0
TSLA,2012-01-26,20120126,1.87,1.97,1.87,1.929332971572876,1.93,28.95,19066500,0.037634,0.0
TSLA,2012-01-27,20120127,1.9,1.98,1.9,1.9553329944610596,1.96,29.4,11226000,0.015544,0.0
TSLA,2012-01-30,20120130,1.97,1.97,1.9,1.9713330268859863,1.97,29.55,10935000,0.005102,0.0
TSLA,2012-01-31,20120131,1.99,2.0,1.92,1.937999963760376,1.94,29.1,14346000,-0.015228,0.0
TSLA,2012-02-01,20120201,1.94,1.98,1.93,1.972000002861023,1.97,29.55,7848000,0.015464,0.0
TSLA,2012-02-02,20120202,1.98,2.06,1.97,2.016666889190674,2.02,30.3,12085500,0.025381,0.0
TSLA,2012-02-03,20120203,2.03,2.09,2.02,2.076667070388794,2.08,31.2,11467500,0.029703,0.0
TSLA,2012-02-06,20120206,2.07,2.13,2.07,2.119999885559082,2.12,31.8,9781500,0.019231,0.0
TSLA,2012-02-07,20120207,2.12,2.12,2.05,2.1066670417785645,2.11,31.65,15324000,-0.004717,0.0
TSLA,2012-02-08,20120208,2.11,2.13,2.09,2.128667116165161,2.13,31.95,9355500,0.009479,0.0
TSLA,2012-02-09,20120209,2.13,2.19,2.1,2.171999931335449,2.17,32.55,19156500,0.018779,0.0
TSLA,2012-02-10,20120210,2.15,2.15,1.99,2.0733330249786377,2.07,31.05,28113000,-0.046083,0.0
TSLA,2012-02-13,20120213,2.1,2.14,2.06,2.0993330478668213,2.1,31.5,17368500,0.014493,0.0
TSLA,2012-02-14,20120214,2.12,2.25,2.09,2.2113330364227295,2.21,33.15,27162000,0.052381,0.0
TSLA,2012-02-15,20120215,2.21,2.29,2.15,2.240000009536743,2.24,33.6,41427000,0.013575,0.0
TSLA,2012-02-16,20120216,2.23,2.3,2.17,2.2786669731140137,2.28,34.2,33295500,0.017857,0.0
TSLA,2012-02-17,20120217,2.27,2.33,2.23,2.3313329219818115,2.33,34.95,20650500,0.02193,0.0
TSLA,2012-02-21,20120221,2.32,2.32,2.25,2.299999952316284,2.3,34.5,17037000,-0.012876,0.0
TSLA,2012-02-22,20120222,2.3,2.31,2.17,2.2813329696655273,2.28,34.2,24819000,-0.008696,0.0
TSLA,2012-02-23,20120223,2.27,2.33,2.24,2.302000045776367,2.3,34.5,12306000,0.008772,0.0
TSLA,2012-02-24,20120224,2.28,2.3,2.22,2.25,2.25,33.75,14398500,-0.021739,0.0
TSLA,2012-02-27,20120227,2.23,2.27,2.2,2.2413330078125,2.24,33.6,9090000,-0.004444,0.0
TSLA,2012-02-28,20120228,2.24,2.3,2.21,2.253999948501587,2.25,33.75,9183000,0.004464,0.0
TSLA,2012-02-29,20120229,2.25,2.27,2.21,2.2273330688476562,2.23,33.45,8035500,-0.008889,0.0
TSLA,2012-03-01,20120301,2.23,2.3,2.22,2.2939999103546143,2.29,34.35,10552500,0.026906,0.0
TSLA,2012-03-02,20120302,2.29,2.3,2.25,2.2693328857421875,2.27,34.05,8250000,-0.008734,0.0
TSLA,2012-03-05,20120305,2.29,2.29,2.23,2.251332998275757,2.25,33.75,7005000,-0.008811,0.0
TSLA,2012-03-06,20120306,2.22,2.22,2.17,2.2073330879211426,2.21,33.15,8607000,-0.017778,0.0
TSLA,2012-03-07,20120307,2.21,2.22,2.19,2.2079999446868896,2.21,33.15,5473500,0.0,0.0
TSLA,2012-03-08,20120308,2.21,2.23,2.2,2.204667091369629,2.2,33.0,9499500,-0.004525,0.0
TSLA,2012-03-09,20120309,2.21,2.35,2.21,2.315999984741211,2.32,34.8,23301000,0.054545,0.0
TSLA,2012-03-12,20120312,2.31,2.42,2.31,2.4006669521331787,2.4,36.0,29449500,0.034483,0.0
TSLA,2012-03-13,20120313,2.43,2.44,2.37,2.4059998989105225,2.41,36.15,15024000,0.004167,0.0
TSLA,2012-03-14,20120314,2.4,2.4,2.32,2.3526670932769775,2.35,35.25,12772500,-0.024896,0.0
TSLA,2012-03-15,20120315,2.35,2.37,2.32,2.3333330154418945,2.33,34.95,8574000,-0.008511,0.0
TSLA,2012-03-16,20120316,2.33,2.39,2.32,2.3546669483184814,2.35,35.25,10939500,0.008584,0.0
TSLA,2012-03-19,20120319,2.35,2.35,2.3,2.3320000171661377,2.33,34.95,15234000,-0.008511,0.0
TSLA,2012-03-20,20120320,2.33,2.35,2.3,2.330667018890381,2.33,34.95,8505000,0.0,0.0
TSLA,2012-03-21,20120321,2.33,2.35,2.31,2.3433330059051514,2.34,35.1,9108000,0.004292,0.0
TSLA,2012-03-22,20120322,2.33,2.34,2.29,2.293333053588867,2.29,34.35,7836000,-0.021368,0.0
TSLA,2012-03-23,20120323,2.28,2.31,2.21,2.2720000743865967,2.27,34.05,17559000,-0.008734,0.0
TSLA,2012-03-26,20120326,2.37,2.54,2.34,2.493333101272583,2.49,37.35,47107500,0.096916,0.0
TSLA,2012-03-27,20120327,2.48,2.66,2.47,2.5293331146240234,2.53,37.95,38088000,0.016064,0.0
TSLA,2012-03-28,20120328,2.52,2.56,2.47,2.5233330726623535,2.52,37.8,14325000,-0.003953,0.0
TSLA,2012-03-29,20120329,2.55,2.55,2.47,2.4886670112609863,2.49,37.35,11946000,-0.011905,0.0
TSLA,2012-03-30,20120330,2.5,2.53,2.45,2.4826669692993164,2.48,37.2,13296000,-0.004016,0.0
TSLA,2012-04-02,20120402,2.49,2.53,2.44,2.438667058944702,2.44,36.6,15429000,-0.016129,0.0
TSLA,2012-04-03,20120403,2.45,2.56,2.44,2.5339999198913574,2.53,37.95,16471500,0.036885,0.0
TSLA,2012-04-04,20120404,2.35,2.37,2.31,2.3333330154418945,2.33,34.95,67227000,-0.079051,0.0
TSLA,2012-04-05,20120405,2.34,2.36,2.29,2.2986669540405273,2.3,34.5,22641000,-0.012876,0.0
TSLA,2012-04-09,20120409,2.27,2.29,2.21,2.2100000381469727,2.21,33.15,24835500,-0.03913,0.0
TSLA,2012-04-10,20120410,2.21,2.26,2.14,2.1640000343322754,2.16,32.4,27715500,-0.022624,0.0
TSLA,2012-04-11,20120411,2.22,2.22,2.13,2.2060000896453857,2.21,33.15,16582500,0.023148,0.0
TSLA,2012-04-12,20120412,2.25,2.3,2.19,2.22933292388916,2.23,33.45,15508500,0.00905,0.0
TSLA,2012-04-13,20120413,2.26,2.27,2.19,2.239332914352417,2.24,33.6,9744000,0.004484,0.0
TSLA,2012-04-16,20120416,2.23,2.25,2.14,2.1500000953674316,2.15,32.25,16494000,-0.040179,0.0
TSLA,2012-04-17,20120417,2.16,2.2,2.14,2.1493330001831055,2.15,32.25,16732500,0.0,0.0
TSLA,2012-04-18,20120418,2.14,2.18,2.1,2.177333116531372,2.18,32.7,12346500,0.013953,0.0
TSLA,2012-04-19,20120419,2.18,2.23,2.17,2.2106668949127197,2.21,33.15,11623500,0.013761,0.0
TSLA,2012-04-20,20120420,2.21,2.25,2.2,2.2106668949127197,2.21,33.15,12327000,0.0,0.0
TSLA,2012-04-23,20120423,2.19,2.2,2.11,2.129333019256592,2.13,31.95,13362000,-0.036199,0.0
TSLA,2012-04-24,20120424,2.12,2.15,2.07,2.121332883834839,2.12,31.8,10117500,-0.004695,0.0
TSLA,2012-04-25,20120425,2.14,2.2,2.14,2.194000005722046,2.19,32.85,10683000,0.033019,0.0
TSLA,2012-04-26,20120426,2.2,2.23,2.19,2.2326669692993164,2.23,33.45,6379500,0.018265,0.0
TSLA,2012-04-27,20120427,2.24,2.24,2.19,2.2226669788360596,2.22,33.3,8865000,-0.004484,0.0
TSLA,2012-04-30,20120430,2.22,2.22,2.17,2.208667039871216,2.21,33.15,6208500,-0.004505,0.0
TSLA,2012-05-01,20120501,2.21,2.28,2.21,2.252000093460083,2.25,33.75,9885000,0.0181,0.0
TSLA,2012-05-02,20120502,2.23,2.29,2.23,2.262666940689087,2.26,33.9,7459500,0.004444,0.0
TSLA,2012-05-03,20120503,2.26,2.27,2.14,2.1640000343322754,2.16,32.4,12619500,-0.044248,0.0
TSLA,2012-05-04,20120504,2.15,2.16,2.09,2.121999979019165,2.12,31.8,18712500,-0.018519,0.0
TSLA,2012-05-07,20120507,2.13,2.17,2.11,2.1646668910980225,2.16,32.4,17370000,0.018868,0.0
TSLA,2012-05-08,20120508,2.17,2.18,1.96,2.012666940689087,2.01,30.15,46458000,-0.069444,0.0
TSLA,2012-05-09,20120509,2.02,2.05,1.98,2.003999948501587,2.0,30.0,29218500,-0.004975,0.0
TSLA,2012-05-10,20120510,2.2,2.31,2.16,2.1973330974578857,2.2,33.0,83344500,0.1,0.0
TSLA,2012-05-11,20120511,2.17,2.23,2.14,2.1500000953674316,2.15,32.25,18319500,-0.022727,0.0
TSLA,2012-05-14,20120514,2.13,2.14,2.0,2.003999948501587,2.0,30.0,20713500,-0.069767,0.0
TSLA,2012-05-15,20120515,2.02,2.06,1.95,1.9620000123977661,1.96,29.4,23785500,-0.02,0.0
TSLA,2012-05-16,20120516,1.97,2.01,1.93,1.9453330039978027,1.95,29.25,18856500,-0.005102,0.0
TSLA,2012-05-17,20120517,1.95,1.99,1.88,1.9046670198440552,1.9,28.5,17235000,-0.025641,0.0
TSLA,2012-05-18,20120518,1.89,1.9,1.79,1.8373329639434814,1.84,27.6,24247500,-0.031579,0.0
TSLA,2012-05-21,20120521,1.84,1.95,1.81,1.9179999828338623,1.92,28.8,22128000,0.043478,0.0
TSLA,2012-05-22,20120522,2.01,2.09,2.0,2.053333044052124,2.05,30.75,35493000,0.067708,0.0
TSLA,2012-05-23,20120523,2.04,2.07,1.97,2.068000078201294,2.07,31.05,18306000,0.009756,0.0
TSLA,2012-05-24,20120524,2.08,2.08,1.98,2.018666982650757,2.02,30.3,16134000,-0.024155,0.0
TSLA,2012-05-25,20120525,2.01,2.03,1.95,1.987333059310913,1.99,29.85,11355000,-0.014851,0.0
TSLA,2012-05-29,20120529,2.0,2.13,2.0,2.1126670837402344,2.11,31.65,24750000,0.060302,0.0
TSLA,2012-05-30,20120530,2.07,2.09,2.02,2.0273330211639404,2.03,30.45,19608000,-0.037915,0.0
TSLA,2012-05-31,20120531,2.0,2.02,1.92,1.9666670560836792,1.97,29.55,16780500,-0.029557,0.0
TSLA,2012-06-01,20120601,1.9,1.94,1.85,1.8766670227050781,1.88,28.2,13287000,-0.045685,0.0
TSLA,2012-06-04,20120604,1.87,1.89,1.81,1.858667016029358,1.86,27.9,15463500,-0.010638,0.0
TSLA,2012-06-05,20120605,1.86,1.89,1.84,1.8606669902801514,1.86,27.9,9463500,0.0,0.0
TSLA,2012-06-06,20120606,1.88,1.96,1.88,1.9479999542236328,1.95,29.25,13648500,0.048387,0.0
TSLA,2012-06-07,20120607,1.99,1.99,1.92,1.9286669492721558,1.93,28.95,7381500,-0.010256,0.0
TSLA,2012-06-08,20120608,1.92,2.01,1.88,2.0053329467773438,2.01,30.15,13216500,0.041451,0.0
TSLA,2012-06-11,20120611,2.02,2.07,1.93,1.9413330554962158,1.94,29.1,9540000,-0.034826,0.0
TSLA,2012-06-12,20120612,1.95,1.99,1.92,1.9773329496383667,1.98,29.7,8535000,0.020619,0.0
TSLA,2012-06-13,20120613,1.97,2.04,1.96,1.9846669435501099,1.98,29.7,12661500,0.0,0.0
TSLA,2012-06-14,20120614,2.01,2.04,1.91,1.9593329429626465,1.96,29.4,13083000,-0.010101,0.0
TSLA,2012-06-15,20120615,1.96,2.0,1.92,1.99399995803833,1.99,29.85,9702000,0.015306,0.0
TSLA,2012-06-18,20120618,2.0,2.16,1.97,2.122667074203491,2.12,31.8,18852000,0.065327,0.0
TSLA,2012-06-19,20120619,2.13,2.18,2.1,2.1393330097198486,2.14,32.1,13666500,0.009434,0.0
TSLA,2012-06-20,20120620,2.23,2.3,2.21,2.252000093460083,2.25,33.75,51336000,0.051402,0.0
TSLA,2012-06-21,20120621,2.28,2.29,2.12,2.1459999084472656,2.15,32.25,28378500,-0.044444,0.0
TSLA,2012-06-22,20120622,2.17,2.27,2.16,2.25266695022583,2.25,33.75,45699000,0.046512,0.0
TSLA,2012-06-25,20120625,2.26,2.27,2.18,2.2073330879211426,2.21,33.15,22477500,-0.017778,0.0
TSLA,2012-06-26,20120626,2.14,2.16,2.09,2.107332944869995,2.11,31.65,39208500,-0.045249,0.0
TSLA,2012-06-27,20120627,2.13,2.16,2.1,2.130666971206665,2.13,31.95,15708000,0.009479,0.0
TSLA,2012-06-28,20120628,2.13,2.14,2.04,2.0940001010894775,2.09,31.35,13711500,-0.018779,0.0
TSLA,2012-06-29,20120629,2.19,2.19,2.07,2.0859999656677246,2.09,31.35,16887000,0.0,0.0
TSLA,2012-07-02,20120702,2.09,2.12,2.01,2.0266671180725098,2.03,30.45,19734000,-0.028708,0.0
TSLA,2012-07-03,20120703,2.04,2.07,2.03,2.0439999103546143,2.04,30.6,14205000,0.004926,0.0
TSLA,2012-07-05,20120705,2.05,2.11,2.05,2.0820000171661377,2.08,31.2,18807000,0.019608,0.0
TSLA,2012-07-06,20120706,2.07,2.12,2.05,2.065999984741211,2.07,31.05,11767500,-0.004808,0.0
TSLA,2012-07-09,20120709,2.06,2.12,2.04,2.0993330478668213,2.1,31.5,13657500,0.014493,0.0
TSLA,2012-07-10,20120710,2.1,2.17,2.06,2.0846669673919678,2.08,31.2,11376000,-0.009524,0.0
TSLA,2012-07-11,20120711,2.1,2.11,2.07,2.1006669998168945,2.1,31.5,9579000,0.009615,0.0
TSLA,2012-07-12,20120712,2.09,2.2,2.05,2.180000066757202,2.18,32.7,16885500,0.038095,0.0
TSLA,2012-07-13,20120713,2.2,2.29,2.19,2.2833330631256104,2.28,34.2,19572000,0.045872,0.0
TSLA,2012-07-16,20120716,2.29,2.4,2.26,2.3973329067230225,2.4,36.0,26160000,0.052632,0.0
TSLA,2012-07-17,20120717,2.33,2.35,2.16,2.2233328819274902,2.22,33.3,38539500,-0.075,0.0
TSLA,2012-07-18,20120718,2.09,2.24,2.07,2.1433329582214355,2.14,32.1,43228500,-0.036036,0.0
TSLA,2012-07-19,20120719,2.18,2.21,2.14,2.1513330936431885,2.15,32.25,21538500,0.004673,0.0
TSLA,2012-07-20,20120720,2.14,2.15,2.08,2.119333028793335,2.12,31.8,23527500,-0.013953,0.0
TSLA,2012-07-23,20120723,2.07,2.09,2.04,2.0439999103546143,2.04,30.6,20802000,-0.037736,0.0
TSLA,2012-07-24,20120724,2.04,2.07,1.97,1.9893330335617065,1.99,29.85,22504500,-0.02451,0.0
TSLA,2012-07-25,20120725,1.99,2.0,1.92,1.9299999475479126,1.93,28.95,42633000,-0.030151,0.0
TSLA,2012-07-26,20120726,1.99,2.0,1.84,1.8753329515457153,1.88,28.2,33934500,-0.025907,0.0
TSLA,2012-07-27,20120727,1.91,1.98,1.87,1.9673329591751099,1.97,29.55,25095000,0.047872,0.0
TSLA,2012-07-30,20120730,1.97,2.02,1.81,1.8233330249786377,1.82,27.3,30978000,-0.076142,0.0
TSLA,2012-07-31,20120731,1.84,1.86,1.82,1.8279999494552612,1.83,27.45,23626500,0.005495,0.0
TSLA,2012-08-01,20120801,1.87,1.87,1.74,1.75,1.75,26.25,23884500,-0.043716,0.0
TSLA,2012-08-02,20120802,1.79,1.79,1.7,1.7400000095367432,1.74,26.1,19576500,-0.005714,0.0
TSLA,2012-08-03,20120803,1.79,1.84,1.78,1.8179999589920044,1.82,27.3,18142500,0.045977,0.0
TSLA,2012-08-06,20120806,1.84,1.91,1.84,1.8846670389175415,1.88,28.2,22923000,0.032967,0.0
TSLA,2012-08-07,20120807,1.92,2.06,1.9,2.016666889190674,2.02,30.3,35808000,0.074468,0.0
TSLA,2012-08-08,20120808,1.99,2.0,1.91,1.9393329620361328,1.94,29.1,19633500,-0.039604,0.0
TSLA,2012-08-09,20120809,1.97,2.0,1.94,1.9606670141220093,1.96,29.4,10089000,0.010309,0.0
TSLA,2012-08-10,20120810,1.95,2.0,1.95,1.996000051498413,2.0,30.0,10611000,0.020408,0.0
TSLA,2012-08-13,20120813,1.98,2.09,1.94,2.078000068664551,2.08,31.2,13051500,0.04,0.0
TSLA,2012-08-14,20120814,2.05,2.08,1.95,1.9613330364227295,1.96,29.4,11901000,-0.057692,0.0
TSLA,2012-08-15,20120815,1.96,1.98,1.92,1.9600000381469727,1.96,29.4,7881000,0.0,0.0
TSLA,2012-08-16,20120816,1.97,2.03,1.97,2.0199999809265137,2.02,30.3,10035000,0.030612,0.0
TSLA,2012-08-17,20120817,2.02,2.05,2.0,2.000667095184326,2.0,30.0,7623000,-0.009901,0.0
TSLA,2012-08-20,20120820,2.01,2.03,1.94,1.9673329591751099,1.97,29.55,17686500,-0.015,0.0
TSLA,2012-08-21,20120821,1.97,2.0,1.93,1.9406670331954956,1.94,29.1,11424000,-0.015228,0.0
TSLA,2012-08-22,20120822,1.93,2.0,1.93,1.9966670274734497,2.0,30.0,11632500,0.030928,0.0
TSLA,2012-08-23,20120823,2.0,2.06,1.98,2.0486669540405273,2.05,30.75,22065000,0.025,0.0
TSLA,2012-08-24,20120824,2.0,2.02,1.96,1.9666670560836792,1.97,29.55,21441000,-0.039024,0.0
TSLA,2012-08-27,20120827,1.97,1.98,1.88,1.8880000114440918,1.89,28.35,20256000,-0.040609,0.0
TSLA,2012-08-28,20120828,1.89,1.96,1.87,1.9126670360565186,1.91,28.65,21040500,0.010582,0.0
TSLA,2012-08-29,20120829,1.9,1.91,1.87,1.8940000534057617,1.89,28.35,12583500,-0.010471,0.0
TSLA,2012-08-30,20120830,1.91,1.92,1.87,1.8940000534057617,1.89,28.35,9846000,0.0,0.0
TSLA,2012-08-31,20120831,1.91,1.92,1.88,1.901332974433899,1.9,28.5,8097000,0.005291,0.0
TSLA,2012-09-04,20120904,1.9,1.93,1.86,1.8760000467300415,1.88,28.2,11287500,-0.010526,0.0
TSLA,2012-09-05,20120905,1.87,1.9,1.85,1.8626669645309448,1.86,27.9,9589500,-0.010638,0.0
TSLA,2012-09-06,20120906,1.87,1.93,1.86,1.9033329486846924,1.9,28.5,12625500,0.021505,0.0
TSLA,2012-09-07,20120907,1.9,1.97,1.9,1.9566669464111328,1.96,29.4,14298000,0.031579,0.0
TSLA,2012-09-10,20120910,1.95,1.96,1.82,1.824666976928711,1.82,27.3,22249500,-0.071429,0.0
TSLA,2012-09-11,20120911,1.85,1.88,1.83,1.8533329963684082,1.85,27.75,15223500,0.016484,0.0
TSLA,2012-09-12,20120912,1.86,1.91,1.85,1.8853329420089722,1.89,28.35,17178000,0.021622,0.0
TSLA,2012-09-13,20120913,1.9,1.97,1.9,1.9653329849243164,1.97,29.55,22270500,0.042328,0.0
TSLA,2012-09-14,20120914,2.0,2.04,1.98,2.0260000228881836,2.03,30.45,23049000,0.030457,0.0
TSLA,2012-09-17,20120917,2.16,2.19,2.1,2.169332981109619,2.17,32.55,48192000,0.068966,0.0
TSLA,2012-09-18,20120918,2.13,2.13,2.05,2.0893330574035645,2.09,31.35,26827500,-0.036866,0.0
TSLA,2012-09-19,20120919,2.07,2.12,2.06,2.069999933242798,2.07,31.05,15727500,-0.009569,0.0
TSLA,2012-09-20,20120920,2.06,2.1,2.05,2.059999942779541,2.06,30.9,13686000,-0.004831,0.0
TSLA,2012-09-21,20120921,2.07,2.1,1.97,2.001332998275757,2.0,30.0,28050000,-0.029126,0.0
TSLA,2012-09-24,20120924,1.97,2.07,1.96,2.0439999103546143,2.04,30.6,19528500,0.02,0.0
TSLA,2012-09-25,20120925,1.91,1.97,1.84,1.843999981880188,1.84,27.6,85206000,-0.098039,0.0
TSLA,2012-09-26,20120926,1.84,1.89,1.83,1.8359999656677246,1.84,27.6,22908000,0.0,0.0
TSLA,2012-09-27,20120927,1.85,1.9,1.84,1.8993330001831055,1.9,28.5,26379000,0.032609,0.0
TSLA,2012-09-28,20120928,1.92,1.99,1.91,1.9520000219345093,1.95,29.25,65151000,0.026316,0.0
TSLA,2012-10-01,20121001,1.97,1.99,1.93,1.944000005722046,1.94,29.1,13266000,-0.005128,0.0
TSLA,2012-10-02,20121002,1.95,1.99,1.93,1.9866670370101929,1.99,29.85,10935000,0.025773,0.0
TSLA,2012-10-03,20121003,1.98,2.0,1.95,1.9533330202102661,1.95,29.25,15792000,-0.020101,0.0
TSLA,2012-10-04,20121004,2.0,2.01,1.91,1.9600000381469727,1.96,29.4,23119500,0.005128,0.0
TSLA,2012-10-05,20121005,1.98,1.99,1.91,1.9259999990463257,1.93,28.95,14079000,-0.015306,0.0
TSLA,2012-10-08,20121008,1.92,1.96,1.91,1.9500000476837158,1.95,29.25,13345500,0.010363,0.0
TSLA,2012-10-09,20121009,1.94,1.94,1.88,1.891332983970642,1.89,28.35,17895000,-0.030769,0.0
TSLA,2012-10-10,20121010,1.89,1.91,1.87,1.8933329582214355,1.89,28.35,7554000,0.0,0.0
TSLA,2012-10-11,20121011,1.93,1.93,1.88,1.8880000114440918,1.89,28.35,6759000,0.0,0.0
TSLA,2012-10-12,20121012,1.89,1.92,1.83,1.8426669836044312,1.84,27.6,14814000,-0.026455,0.0
TSLA,2012-10-15,20121015,1.87,1.87,1.79,1.8220000267028809,1.82,27.3,22030500,-0.01087,0.0
TSLA,2012-10-16,20121016,1.84,1.87,1.82,1.8706669807434082,1.87,28.05,7189500,0.027473,0.0
TSLA,2012-10-17,20121017,1.88,1.92,1.85,1.9213329553604126,1.92,28.8,10020000,0.026738,0.0
TSLA,2012-10-18,20121018,1.93,1.93,1.85,1.869333028793335,1.87,28.05,11115000,-0.026042,0.0
TSLA,2012-10-19,20121019,1.86,1.88,1.82,1.8493330478668213,1.85,27.75,15411000,-0.010695,0.0
TSLA,2012-10-22,20121022,1.87,1.87,1.82,1.8566670417785645,1.86,27.9,7053000,0.005405,0.0
TSLA,2012-10-23,20121023,1.83,1.9,1.82,1.8926670551300049,1.89,28.35,11235000,0.016129,0.0
TSLA,2012-10-24,20121024,1.9,1.9,1.82,1.8279999494552612,1.83,27.45,15246000,-0.031746,0.0
TSLA,2012-10-25,20121025,1.85,1.85,1.83,1.8346669673919678,1.83,27.45,8665500,0.0,0.0
TSLA,2012-10-26,20121026,1.84,1.85,1.8,1.8253329992294312,1.83,27.45,7161000,0.0,0.0
TSLA,2012-10-31,20121031,1.85,1.89,1.82,1.8753329515457153,1.88,28.2,11628000,0.027322,0.0
TSLA,2012-11-01,20121101,1.88,1.97,1.88,1.9500000476837158,1.95,29.25,15361500,0.037234,0.0
TSLA,2012-11-02,20121102,1.95,1.97,1.9,1.9279999732971191,1.93,28.95,15454500,-0.010256,0.0
TSLA,2012-11-05,20121105,1.99,2.11,1.96,2.0999999046325684,2.1,31.5,30733500,0.088083,0.0
TSLA,2012-11-06,20121106,2.04,2.08,2.0,2.076667070388794,2.08,31.2,34860000,-0.009524,0.0
TSLA,2012-11-07,20121107,2.07,2.14,2.05,2.1026670932769775,2.1,31.5,25717500,0.009615,0.0
TSLA,2012-11-08,20121108,2.07,2.13,2.06,2.0873329639434814,2.09,31.35,19110000,-0.004762,0.0
TSLA,2012-11-09,20121109,2.04,2.06,1.99,2.0213329792022705,2.02,30.3,12945000,-0.033493,0.0
TSLA,2012-11-12,20121112,2.02,2.09,2.01,2.0713329315185547,2.07,31.05,8338500,0.024752,0.0
TSLA,2012-11-13,20121113,2.09,2.13,2.05,2.107332944869995,2.11,31.65,14974500,0.019324,0.0
TSLA,2012-11-14,20121114,2.13,2.14,2.08,2.0920000076293945,2.09,31.35,13069500,-0.009479,0.0
TSLA,2012-11-15,20121115,2.09,2.1,2.03,2.0546669960021973,2.05,30.75,14760000,-0.019139,0.0
TSLA,2012-11-16,20121116,2.08,2.13,2.04,2.122667074203491,2.12,31.8,13630500,0.034146,0.0
TSLA,2012-11-19,20121119,2.14,2.22,2.12,2.194667100906372,2.19,32.85,20886000,0.033019,0.0
TSLA,2012-11-20,20121120,2.19,2.21,2.13,2.200000047683716,2.2,33.0,13837500,0.004566,0.0
TSLA,2012-11-21,20121121,2.17,2.23,2.15,2.1646668910980225,2.16,32.4,14448000,-0.018182,0.0
TSLA,2012-11-23,20121123,2.17,2.19,2.11,2.1419999599456787,2.14,32.1,6454500,-0.009259,0.0
TSLA,2012-11-26,20121126,2.14,2.15,2.11,2.1513330936431885,2.15,32.25,7437000,0.004673,0.0
TSLA,2012-11-27,20121127,2.14,2.18,2.1,2.1433329582214355,2.14,32.1,13662000,-0.004651,0.0
TSLA,2012-11-28,20121128,2.13,2.29,2.13,2.2153329849243164,2.22,33.3,22878000,0.037383,0.0
TSLA,2012-11-29,20121129,2.23,2.27,2.19,2.246000051498413,2.25,33.75,16551000,0.013514,0.0
TSLA,2012-11-30,20121130,2.24,2.29,2.2,2.254667043685913,2.25,33.75,21304500,0.0,0.0
TSLA,2012-12-03,20121203,2.26,2.33,2.23,2.308000087738037,2.31,34.65,31285500,0.026667,0.0
TSLA,2012-12-04,20121204,2.27,2.32,2.24,2.259999990463257,2.26,33.9,18949500,-0.021645,0.0
TSLA,2012-12-05,20121205,2.25,2.28,2.24,2.24733304977417,2.25,33.75,9922500,-0.004425,0.0
TSLA,2012-12-06,20121206,2.25,2.32,2.23,2.259999990463257,2.26,33.9,9906000,0.004444,0.0
TSLA,2012-12-07,20121207,2.29,2.3,2.26,2.2780001163482666,2.28,34.2,9966000,0.00885,0.0
TSLA,2012-12-10,20121210,2.3,2.32,2.28,2.3046669960021973,2.3,34.5,13947000,0.008772,0.0
TSLA,2012-12-11,20121211,2.31,2.37,2.3,2.3519999980926514,2.35,35.25,23589000,0.021739,0.0
TSLA,2012-12-12,20121212,2.35,2.39,2.33,2.3506669998168945,2.35,35.25,30957000,0.0,0.0
TSLA,2012-12-13,20121213,2.35,2.35,2.18,2.2406671047210693,2.24,33.6,32269500,-0.046809,0.0
TSLA,2012-12-14,20121214,2.25,2.29,2.24,2.253999948501587,2.25,33.75,15345000,0.004464,0.0
TSLA,2012-12-17,20121217,2.25,2.3,2.25,2.293333053588867,2.29,34.35,12373500,0.017778,0.0
TSLA,2012-12-18,20121218,2.28,2.34,2.28,2.305999994277954,2.31,34.65,23308500,0.008734,0.0
TSLA,2012-12-19,20121219,2.32,2.35,2.3,2.307332992553711,2.31,34.65,19482000,0.0,0.0
TSLA,2012-12-20,20121220,2.3,2.32,2.27,2.295332908630371,2.3,34.5,13818000,-0.004329,0.0
TSLA,2012-12-21,20121221,2.26,2.28,2.24,2.266666889190674,2.27,34.05,22386000,-0.013043,0.0
TSLA,2012-12-24,20121224,2.24,2.29,2.24,2.2853329181671143,2.29,34.35,5637000,0.008811,0.0
TSLA,2012-12-26,20121226,2.26,2.3,2.23,2.239332914352417,2.24,33.6,9021000,-0.021834,0.0
TSLA,2012-12-27,20121227,2.23,2.26,2.2,2.246000051498413,2.25,33.75,8416500,0.004464,0.0
TSLA,2012-12-28,20121228,2.23,2.24,2.2,2.2146670818328857,2.21,33.15,6211500,-0.017778,0.0
TSLA,2012-12-31,20121231,2.2,2.26,2.2,2.257999897003174,2.26,33.9,8923500,0.022624,0.0
TSLA,2013-01-02,20130102,2.33,2.36,2.31,2.357332944869995,2.36,35.4,17922000,0.044248,0.0
TSLA,2013-01-03,20130103,2.35,2.36,2.32,2.318000078201294,2.32,34.8,11130000,-0.016949,0.0
TSLA,2013-01-04,20130104,2.32,2.32,2.26,2.293333053588867,2.29,34.35,10110000,-0.012931,0.0
TSLA,2013-01-07,20130107,2.32,2.32,2.26,2.2893331050872803,2.29,34.35,6630000,0.0,0.0
TSLA,2013-01-08,20130108,2.3,2.3,2.21,2.245332956314087,2.25,33.75,19260000,-0.017467,0.0
TSLA,2013-01-09,20130109,2.27,2.28,2.23,2.2426669597625732,2.24,33.6,10470000,-0.004444,0.0
TSLA,2013-01-10,20130110,2.26,2.27,2.23,2.23533296585083,2.24,33.6,13837500,0.0,0.0
TSLA,2013-01-11,20130111,2.27,2.27,2.14,2.194000005722046,2.19,32.85,23448000,-0.022321,0.0
TSLA,2013-01-14,20130114,2.21,2.23,2.19,2.2173330783843994,2.22,33.3,13876500,0.013699,0.0
TSLA,2013-01-15,20130115,2.21,2.28,2.21,2.259999990463257,2.26,33.9,24363000,0.018018,0.0
TSLA,2013-01-16,20130116,2.26,2.28,2.25,2.2733330726623535,2.27,34.05,20673000,0.004425,0.0
TSLA,2013-01-17,20130117,2.28,2.32,2.26,2.2920000553131104,2.29,34.35,21550500,0.008811,0.0
TSLA,2013-01-18,20130118,2.32,2.32,2.25,2.301332950592041,2.3,34.5,53326500,0.004367,0.0
TSLA,2013-01-22,20130122,2.3,2.37,2.28,2.3459999561309814,2.35,35.25,28803000,0.021739,0.0
TSLA,2013-01-23,20130123,2.33,2.42,2.33,2.4000000953674316,2.4,36.0,23464500,0.021277,0.0
TSLA,2013-01-24,20130124,2.4,2.51,2.39,2.4660000801086426,2.47,37.05,29556000,0.029167,0.0
TSLA,2013-01-25,20130125,2.47,2.5,2.45,2.4653329849243164,2.47,37.05,19317000,0.0,0.0
TSLA,2013-01-28,20130128,2.46,2.58,2.46,2.5353329181671143,2.54,38.1,29790000,0.02834,0.0
TSLA,2013-01-29,20130129,2.54,2.56,2.48,2.5299999713897705,2.53,37.95,21399000,-0.003937,0.0
TSLA,2013-01-30,20130130,2.52,2.53,2.5,2.501332998275757,2.5,37.5,14521500,-0.011858,0.0
TSLA,2013-01-31,20130131,2.52,2.52,2.46,2.500667095184326,2.5,37.5,13521000,0.0,0.0
TSLA,2013-02-01,20130201,2.54,2.57,2.51,2.553333044052124,2.55,38.25,16509000,0.02,0.0
TSLA,2013-02-04,20130204,2.56,2.56,2.51,2.5160000324249268,2.52,37.8,16920000,-0.011765,0.0
TSLA,2013-02-05,20130205,2.53,2.58,2.51,2.5420000553131104,2.54,38.1,19653000,0.007937,0.0
TSLA,2013-02-06,20130206,2.55,2.63,2.53,2.611332893371582,2.61,39.15,28398000,0.027559,0.0
TSLA,2013-02-07,20130207,2.61,2.65,2.6,2.631999969482422,2.63,39.45,17949000,0.007663,0.0
TSLA,2013-02-08,20130208,2.63,2.67,2.61,2.615999937057495,2.62,39.3,17097000,-0.003802,0.0
TSLA,2013-02-11,20130211,2.53,2.61,2.5,2.561332941055298,2.56,38.4,48994500,-0.022901,0.0
TSLA,2013-02-12,20130212,2.56,2.59,2.49,2.5260000228881836,2.53,37.95,33919500,-0.011719,0.0
TSLA,2013-02-13,20130213,2.55,2.6,2.54,2.563333034515381,2.56,38.4,14502000,0.011858,0.0
TSLA,2013-02-14,20130214,2.58,2.58,2.55,2.551332950592041,2.55,38.25,14860500,-0.003906,0.0
TSLA,2013-02-15,20130215,2.57,2.57,2.46,2.4693329334259033,2.47,37.05,30264000,-0.031373,0.0
TSLA,2013-02-19,20130219,2.49,2.62,2.49,2.618666887283325,2.62,39.3,40521000,0.060729,0.0
TSLA,2013-02-20,20130220,2.62,2.64,2.56,2.569333076477051,2.57,38.55,46830000,-0.019084,0.0
TSLA,2013-02-21,20130221,2.43,2.49,2.3,2.3440001010894775,2.34,35.1,135567000,-0.089494,0.0
TSLA,2013-02-22,20130222,2.38,2.43,2.37,2.4073328971862793,2.41,36.15,38209500,0.029915,0.0
TSLA,2013-02-25,20130225,2.41,2.45,2.29,2.2920000553131104,2.29,34.35,43341000,-0.049793,0.0
TSLA,2013-02-26,20130226,2.3,2.33,2.25,2.295332908630371,2.3,34.5,41443500,0.004367,0.0
TSLA,2013-02-27,20130227,2.29,2.36,2.29,2.3399999141693115,2.34,35.1,29388000,0.017391,0.0
TSLA,2013-02-28,20130228,2.39,2.41,2.29,2.322000026702881,2.32,34.8,29473500,-0.008547,0.0
TSLA,2013-03-01,20130301,2.33,2.34,2.28,2.309999942779541,2.31,34.65,23199000,-0.00431,0.0
TSLA,2013-03-04,20130304,2.32,2.39,2.31,2.371999979019165,2.37,35.55,26365500,0.025974,0.0
TSLA,2013-03-05,20130305,2.4,2.46,2.39,2.4433329105377197,2.44,36.6,31305000,0.029536,0.0
TSLA,2013-03-06,20130306,2.47,2.53,2.46,2.512666940689087,2.51,37.65,17250000,0.028689,0.0
TSLA,2013-03-07,20130307,2.52,2.58,2.46,2.5486669540405273,2.55,38.25,17374500,0.015936,0.0
TSLA,2013-03-08,20130308,2.54,2.63,2.49,2.564666986465454,2.56,38.4,13681500,0.003922,0.0
TSLA,2013-03-11,20130311,2.59,2.63,2.58,2.6066670417785645,2.61,39.15,23692500,0.019531,0.0
TSLA,2013-03-12,20130312,2.59,2.63,2.59,2.6080000400543213,2.61,39.15,19126500,0.0,0.0
TSLA,2013-03-13,20130313,2.6,2.63,2.59,2.5986669063568115,2.6,39.0,12330000,-0.003831,0.0
TSLA,2013-03-14,20130314,2.59,2.59,2.45,2.456666946411133,2.46,36.9,30315000,-0.053846,0.0
TSLA,2013-03-15,20130315,2.44,2.44,2.35,2.3526670932769775,2.35,35.25,49194000,-0.044715,0.0
TSLA,2013-03-18,20130318,2.35,2.4,2.33,2.3433330059051514,2.34,35.1,19741500,-0.004255,0.0
TSLA,2013-03-19,20130319,2.35,2.37,2.33,2.3386669158935547,2.34,35.1,16477500,0.0,0.0
TSLA,2013-03-20,20130320,2.35,2.4,2.34,2.396667003631592,2.4,36.0,21345000,0.025641,0.0
TSLA,2013-03-21,20130321,2.4,2.47,2.38,2.4006669521331787,2.4,36.0,17194500,0.0,0.0
TSLA,2013-03-22,20130322,2.41,2.45,2.41,2.441333055496216,2.44,36.6,6603000,0.016667,0.0
TSLA,2013-03-25,20130325,2.47,2.57,2.45,2.502000093460083,2.5,37.5,35682000,0.02459,0.0
TSLA,2013-03-26,20130326,2.53,2.55,2.51,2.5239999294281006,2.52,37.8,27123000,0.008,0.0
TSLA,2013-03-27,20130327,2.53,2.56,2.49,2.5439999103546143,2.54,38.1,19444500,0.007937,0.0
TSLA,2013-03-28,20130328,2.55,2.55,2.52,2.5260000228881836,2.53,37.95,17380500,-0.003937,0.0
TSLA,2013-04-01,20130401,2.82,3.11,2.78,2.9286670684814453,2.93,43.95,211477500,0.158103,0.0
TSLA,2013-04-02,20130402,2.91,3.03,2.9,2.9560000896453857,2.96,44.4,99786000,0.010239,0.0
TSLA,2013-04-03,20130403,2.87,2.9,2.68,2.740000009536743,2.74,41.1,84654000,-0.074324,0.0
TSLA,2013-04-04,20130404,2.74,2.82,2.72,2.8006670475006104,2.8,42.0,33972000,0.021898,0.0
TSLA,2013-04-05,20130405,2.8,2.8,2.7,2.757999897003174,2.76,41.4,23286000,-0.014286,0.0
TSLA,2013-04-08,20130408,2.8,2.84,2.77,2.7886669635772705,2.79,41.85,25185000,0.01087,0.0
TSLA,2013-04-09,20130409,2.79,2.79,2.69,2.700000047683716,2.7,40.5,25441500,-0.032258,0.0
TSLA,2013-04-10,20130410,2.71,2.8,2.71,2.7906670570373535,2.79,41.85,31816500,0.033333,0.0
TSLA,2013-04-11,20130411,2.8,2.97,2.78,2.9059998989105225,2.91,43.65,51711000,0.043011,0.0
TSLA,2013-04-12,20130412,2.88,3.01,2.87,2.9166669845581055,2.92,43.8,47241000,0.003436,0.0
TSLA,2013-04-15,20130415,2.9,2.92,2.83,2.886667013168335,2.89,43.35,25221000,-0.010274,0.0
TSLA,2013-04-16,20130416,2.95,3.08,2.93,3.0393331050872803,3.04,45.6,47706000,0.051903,0.0
TSLA,2013-04-17,20130417,3.03,3.06,2.97,3.0299999713897705,3.03,45.45,31777500,-0.003289,0.0
TSLA,2013-04-18,20130418,3.07,3.17,3.03,3.131333112716675,3.13,46.95,50518500,0.033003,0.0
TSLA,2013-04-19,20130419,3.16,3.33,3.14,3.188667058944702,3.19,47.85,45175500,0.019169,0.0
TSLA,2013-04-22,20130422,3.24,3.35,3.18,3.3459999561309814,3.35,50.25,59091000,0.050157,0.0
TSLA,2013-04-23,20130423,3.4,3.53,3.38,3.4006669521331787,3.4,51.0,56007000,0.014925,0.0
TSLA,2013-04-24,20130424,3.39,3.4,3.27,3.361999988555908,3.36,50.4,39450000,-0.011765,0.0
TSLA,2013-04-25,20130425,3.37,3.49,3.37,3.4666669368743896,3.47,52.05,41938500,0.032738,0.0
TSLA,2013-04-26,20130426,3.54,3.58,3.37,3.413332939147949,3.41,51.15,54331500,-0.017291,0.0
TSLA,2013-04-29,20130429,3.45,3.67,3.41,3.6626670360565186,3.66,54.9,54595500,0.073314,0.0
TSLA,2013-04-30,20130430,3.73,3.88,3.58,3.5993330478668213,3.6,54.0,82839000,-0.016393,0.0
TSLA,2013-05-01,20130501,3.73,3.73,3.53,3.552000045776367,3.55,53.25,41142000,-0.013889,0.0
TSLA,2013-05-02,20130502,3.59,3.68,3.58,3.607332944869995,3.61,54.15,45756000,0.016901,0.0
TSLA,2013-05-03,20130503,3.76,3.76,3.63,3.636667013168335,3.64,54.6,50680500,0.00831,0.0
TSLA,2013-05-06,20130506,3.76,3.98,3.7,3.9666669368743896,3.97,59.55,65500500,0.090659,0.0
TSLA,2013-05-07,20130507,4.13,4.16,3.67,3.700666904449463,3.7,55.5,149865000,-0.06801,0.0
TSLA,2013-05-08,20130508,3.83,3.88,3.71,3.7193329334259033,3.72,55.8,101548500,0.005405,0.0
TSLA,2013-05-09,20130509,4.67,5.05,4.25,4.626667022705078,4.63,69.45,429075000,0.244624,0.0
TSLA,2013-05-10,20130510,4.64,5.4,4.62,5.117332935333252,5.12,76.8,376239000,0.105832,0.0
TSLA,2013-05-13,20130513,5.4,5.87,5.28,5.853332996368408,5.85,87.75,336253500,0.142578,0.0
TSLA,2013-05-14,20130514,6.28,6.47,5.41,5.549333095550537,5.55,83.25,557458500,-0.051282,0.0
TSLA,2013-05-15,20130515,5.45,5.79,5.21,5.656000137329102,5.66,84.9,253180500,0.01982,0.0
TSLA,2013-05-16,20130516,6.31,6.33,5.91,6.150000095367432,6.15,92.25,324210000,0.086572,0.0
TSLA,2013-05-17,20130517,6.17,6.3,5.83,6.099999904632568,6.1,91.5,285033000,-0.00813,0.0
TSLA,2013-05-20,20130520,6.07,6.17,5.91,5.995999813079834,6.0,90.0,125226000,-0.016393,0.0
TSLA,2013-05-21,20130521,5.9,6.0,5.69,5.8393330574035645,5.84,87.6,134973000,-0.026667,0.0
TSLA,2013-05-22,20130522,5.76,6.06,5.7,5.815999984741211,5.82,87.3,128520000,-0.003425,0.0
TSLA,2013-05-23,20130523,5.65,6.2,5.54,6.182000160217285,6.18,92.7,180333000,0.061856,0.0
TSLA,2013-05-24,20130524,6.17,6.53,6.13,6.4720001220703125,6.47,97.05,241863000,0.046926,0.0
TSLA,2013-05-28,20130528,6.77,7.38,6.69,7.355332851409912,7.36,110.4,295378500,0.137558,0.0
TSLA,2013-05-29,20130529,7.57,7.66,6.6,6.975333213806152,6.98,104.7,376492500,-0.05163,0.0
TSLA,2013-05-30,20130530,6.83,7.3,6.75,6.99666690826416,7.0,105.0,242005500,0.002865,0.0
TSLA,2013-05-31,20130531,7.08,7.1,6.52,6.517333030700684,6.52,97.8,227580000,-0.068571,0.0
TSLA,2013-06-03,20130603,6.51,6.51,5.88,6.172667026519775,6.17,92.55,287094000,-0.053681,0.0
TSLA,2013-06-04,20130604,6.18,6.43,6.16,6.322667121887207,6.32,94.8,132841500,0.024311,0.0
TSLA,2013-06-05,20130605,6.24,6.53,5.94,6.357999801635742,6.36,95.4,183372000,0.006329,0.0
TSLA,2013-06-06,20130606,6.35,6.62,6.34,6.489999771118164,6.49,97.35,142663500,0.02044,0.0
TSLA,2013-06-07,20130607,6.53,6.86,6.45,6.802667140960693,6.8,102.0,160674000,0.047766,0.0
TSLA,2013-06-10,20130610,6.6,6.83,6.57,6.670000076293945,6.67,100.05,138429000,-0.019118,0.0
TSLA,2013-06-11,20130611,6.55,6.58,6.27,6.297999858856201,6.3,94.5,110910000,-0.055472,0.0
TSLA,2013-06-12,20130612,6.45,6.7,6.38,6.51533317565918,6.52,97.8,137890500,0.034921,0.0
TSLA,2013-06-13,20130613,6.6,6.62,6.34,6.545332908630371,6.55,98.25,89424000,0.004601,0.0
TSLA,2013-06-14,20130614,6.67,6.83,6.62,6.686666965484619,6.69,100.35,98470500,0.021374,0.0
TSLA,2013-06-17,20130617,6.91,6.98,6.75,6.813333034515381,6.81,102.15,105993000,0.017937,0.0
TSLA,2013-06-18,20130618,6.78,6.93,6.61,6.892666816711426,6.89,103.35,131929500,0.011747,0.0
TSLA,2013-06-19,20130619,6.8,7.11,6.8,6.97866678237915,6.98,104.7,128683500,0.013062,0.0
TSLA,2013-06-20,20130620,6.98,7.14,6.63,6.710000038146973,6.71,100.65,151597500,-0.038682,0.0
TSLA,2013-06-21,20130621,6.91,6.91,6.5,6.636666774749756,6.64,99.6,175779000,-0.010432,0.0
TSLA,2013-06-24,20130624,6.43,6.86,6.35,6.765999794006348,6.77,101.55,106797000,0.019578,0.0
TSLA,2013-06-25,20130625,6.87,6.95,6.7,6.826666831970215,6.83,102.45,87730500,0.008863,0.0
TSLA,2013-06-26,20130626,6.92,7.06,6.84,7.047999858856201,7.05,105.75,99039000,0.032211,0.0
TSLA,2013-06-27,20130627,7.12,7.35,7.08,7.283332824707031,7.28,109.2,131173500,0.032624,0.0
TSLA,2013-06-28,20130628,7.24,7.3,7.11,7.157332897186279,7.16,107.4,86229000,-0.016484,0.0
TSLA,2013-07-01,20130701,7.29,7.85,7.28,7.811999797821045,7.81,117.15,163554000,0.090782,0.0
TSLA,2013-07-02,20130702,7.88,8.13,7.7,7.8546671867370605,7.85,117.75,180961500,0.005122,0.0
TSLA,2013-07-03,20130703,7.87,7.95,7.62,7.682666778564453,7.68,115.2,72100500,-0.021656,0.0
TSLA,2013-07-05,20130705,7.89,8.02,7.71,8.005999565124512,8.01,120.15,102280500,0.042969,0.0
TSLA,2013-07-08,20130708,8.09,8.15,7.92,8.107333183288574,8.11,121.65,117213000,0.012484,0.0
TSLA,2013-07-09,20130709,8.31,8.35,8.13,8.229999542236328,8.23,123.45,129049500,0.014797,0.0
TSLA,2013-07-10,20130710,8.21,8.22,8.05,8.15133285522461,8.15,122.25,84001500,-0.009721,0.0
TSLA,2013-07-11,20130711,8.33,8.41,8.16,8.37399959564209,8.37,125.55,112254000,0.026994,0.0
TSLA,2013-07-12,20130712,8.37,8.66,8.3,8.65999984741211,8.66,129.9,170160000,0.034648,0.0
TSLA,2013-07-15,20130715,8.87,8.88,8.45,8.484000205993652,8.48,127.2,148836000,-0.020785,0.0
TSLA,2013-07-16,20130716,8.42,8.42,7.15,7.269999980926514,7.27,109.05,485578500,-0.142689,0.0
TSLA,2013-07-17,20130717,7.1,8.11,6.97,8.016667366027832,8.02,120.3,390435000,0.103164,0.0
TSLA,2013-07-18,20130718,8.06,8.18,7.75,7.935332775115967,7.94,119.1,170971500,-0.009975,0.0
TSLA,2013-07-19,20130719,7.9,8.04,7.77,7.97866678237915,7.98,119.7,88354500,0.005038,0.0
TSLA,2013-07-22,20130722,7.99,8.45,7.99,8.161999702453613,8.16,122.4,146967000,0.022556,0.0
TSLA,2013-07-23,20130723,8.27,8.37,8.12,8.182666778564453,8.18,122.7,116046000,0.002451,0.0
TSLA,2013-07-24,20130724,8.3,8.3,7.97,8.113332748413086,8.11,121.65,103035000,-0.008557,0.0
TSLA,2013-07-25,20130725,8.03,8.32,8.01,8.271332740783691,8.27,124.05,79264500,0.019729,0.0
TSLA,2013-07-26,20130726,8.54,8.71,8.44,8.62600040435791,8.63,129.45,144496500,0.043531,0.0
TSLA,2013-07-29,20130729,8.62,9.02,8.55,8.974666595458984,8.97,134.55,145183500,0.039397,0.0
TSLA,2013-07-30,20130730,8.99,9.17,8.55,8.78266716003418,8.78,131.7,196905000,-0.021182,0.0
TSLA,2013-07-31,20130731,8.84,9.0,8.76,8.95199966430664,8.95,134.25,95275500,0.019362,0.0
TSLA,2013-08-01,20130801,9.0,9.1,8.84,9.036666870117188,9.04,135.6,79854000,0.010056,0.0
TSLA,2013-08-02,20130802,8.97,9.22,8.91,9.199999809265137,9.2,138.0,94048500,0.017699,0.0
TSLA,2013-08-05,20130805,9.33,9.66,9.31,9.645333290100098,9.65,144.75,153010500,0.048913,0.0
TSLA,2013-08-06,20130806,9.65,9.72,9.41,9.476667404174805,9.48,142.2,138817500,-0.017617,0.0
TSLA,2013-08-07,20130807,9.46,9.46,8.82,8.9486665725708,8.95,134.25,273183000,-0.055907,0.0
TSLA,2013-08-08,20130808,10.29,10.59,10.03,10.232000350952148,10.23,153.45,408702000,0.143017,0.0
TSLA,2013-08-09,20130809,10.16,10.4,10.08,10.199999809265137,10.2,153.0,133915500,-0.002933,0.0
TSLA,2013-08-12,20130812,9.96,10.03,9.47,9.825332641601562,9.83,147.45,223683000,-0.036275,0.0
TSLA,2013-08-13,20130813,9.97,9.99,9.63,9.695332527160645,9.7,145.5,131233500,-0.013225,0.0
TSLA,2013-08-14,20130814,9.51,9.66,9.2,9.290666580200195,9.29,139.35,175407000,-0.042268,0.0
TSLA,2013-08-15,20130815,9.1,9.57,9.0,9.311332702636719,9.31,139.65,152688000,0.002153,0.0
TSLA,2013-08-16,20130816,9.44,9.59,9.4,9.466667175292969,9.47,142.05,106621500,0.017186,0.0
TSLA,2013-08-19,20130819,9.56,9.83,9.52,9.65999984741211,9.66,144.9,120565500,0.020063,0.0
TSLA,2013-08-20,20130820,9.91,9.99,9.8,9.972000122070312,9.97,149.55,96273000,0.032091,0.0
TSLA,2013-08-21,20130821,10.0,10.02,9.75,9.857333183288574,9.86,147.9,93994500,-0.011033,0.0
TSLA,2013-08-22,20130822,9.95,10.5,9.88,10.473333358764648,10.47,157.05,158886000,0.061866,0.0
TSLA,2013-08-23,20130823,10.47,10.82,10.33,10.78933334350586,10.79,161.85,193978500,0.030564,0.0
TSLA,2013-08-26,20130826,11.01,11.53,10.68,10.947999954223633,10.95,164.25,362566500,0.014829,0.0
TSLA,2013-08-27,20130827,10.82,11.25,10.73,11.133999824523926,11.13,166.95,263503500,0.016438,0.0
TSLA,2013-08-28,20130828,11.27,11.43,10.88,11.096667289733887,11.1,166.5,221101500,-0.002695,0.0
TSLA,2013-08-29,20130829,10.95,11.18,10.83,11.070667266845703,11.07,166.05,141540000,-0.002703,0.0
TSLA,2013-08-30,20130830,11.09,11.28,10.93,11.266667366027832,11.27,169.05,165426000,0.018067,0.0
TSLA,2013-09-03,20130903,11.56,11.58,11.09,11.262666702270508,11.26,168.9,180916500,-0.000887,0.0
TSLA,2013-09-04,20130904,11.32,11.44,11.04,11.374667167663574,11.37,170.55,172135500,0.009769,0.0
TSLA,2013-09-05,20130905,11.34,11.43,11.22,11.328666687011719,11.33,169.95,100279500,-0.003518,0.0
TSLA,2013-09-06,20130906,11.24,11.31,11.01,11.131333351135254,11.13,166.95,129295500,-0.017652,0.0
TSLA,2013-09-09,20130909,10.87,10.97,10.57,10.713333129882812,10.71,160.65,215167500,-0.037736,0.0
TSLA,2013-09-10,20130910,10.76,11.17,10.71,11.091333389282227,11.09,166.35,134517000,0.035481,0.0
TSLA,2013-09-11,20130911,11.09,11.19,10.81,10.90133285522461,10.9,163.5,87487500,-0.017133,0.0
TSLA,2013-09-12,20130912,10.93,11.12,10.7,10.995332717895508,11.0,165.0,92400000,0.009174,0.0
TSLA,2013-09-13,20130913,10.85,11.09,10.81,11.03600025177002,11.04,165.6,81018000,0.003636,0.0
TSLA,2013-09-16,20130916,11.2,11.39,11.06,11.10533332824707,11.11,166.65,113623500,0.006341,0.0
TSLA,2013-09-17,20130917,11.01,11.23,10.89,11.081999778747559,11.08,166.2,82453500,-0.0027,0.0
TSLA,2013-09-18,20130918,11.14,11.16,10.95,11.08133316040039,11.08,166.2,81595500,0.0,0.0
TSLA,2013-09-19,20130919,11.39,12.03,11.27,11.861332893371582,11.86,177.9,233919000,0.070397,0.0
TSLA,2013-09-20,20130920,11.93,12.39,11.9,12.22599983215332,12.23,183.45,201025500,0.031197,0.0
TSLA,2013-09-23,20130923,12.3,12.37,11.81,12.074000358581543,12.07,181.05,122601000,-0.013083,0.0
TSLA,2013-09-24,20130924,11.94,12.33,11.84,12.155332565307617,12.16,182.4,94101000,0.007457,0.0
TSLA,2013-09-25,20130925,12.24,12.42,12.03,12.349332809448242,12.35,185.25,123790500,0.015625,0.0
TSLA,2013-09-26,20130926,12.45,12.65,12.37,12.576000213623047,12.58,188.7,99216000,0.018623,0.0
TSLA,2013-09-27,20130927,12.5,12.75,12.43,12.726667404174805,12.73,190.95,88746000,0.011924,0.0
TSLA,2013-09-30,20130930,12.6,12.97,12.53,12.891332626342773,12.89,193.35,133870500,0.012569,0.0
TSLA,2013-10-01,20131001,12.93,12.95,12.56,12.866666793823242,12.87,193.05,116338500,-0.001552,0.0
TSLA,2013-10-02,20131002,12.57,12.79,11.69,12.063332557678223,12.06,180.9,311631000,-0.062937,0.0
TSLA,2013-10-03,20131003,11.67,11.98,11.2,11.553999900817871,11.55,173.25,357247500,-0.042289,0.0
TSLA,2013-10-04,20131004,11.76,12.08,11.51,12.065333366394043,12.07,181.05,216210000,0.045022,0.0
TSLA,2013-10-07,20131007,12.16,12.45,12.02,12.204667091369629,12.2,183.0,172284000,0.010771,0.0
TSLA,2013-10-08,20131008,12.29,12.4,11.55,11.648667335510254,11.65,174.75,206358000,-0.045082,0.0
TSLA,2013-10-09,20131009,11.65,11.67,10.77,11.251999855041504,11.25,168.75,229747500,-0.034335,0.0
TSLA,2013-10-10,20131010,11.54,11.72,11.31,11.528667449951172,11.53,172.95,133258500,0.024889,0.0
TSLA,2013-10-11,20131011,11.52,11.95,11.41,11.91333293914795,11.91,178.65,124666500,0.032958,0.0
TSLA,2013-10-14,20131014,11.67,12.17,11.61,11.981332778930664,11.98,179.7,116544000,0.005877,0.0
TSLA,2013-10-15,20131015,12.35,12.59,12.21,12.262666702270508,12.26,183.9,164677500,0.023372,0.0
TSLA,2013-10-16,20131016,12.33,12.49,12.14,12.237333297729492,12.24,183.6,123081000,-0.001631,0.0
TSLA,2013-10-17,20131017,12.24,12.32,12.07,12.186667442321777,12.19,182.85,100575000,-0.004085,0.0
TSLA,2013-10-18,20131018,12.28,12.4,12.17,12.226667404174805,12.23,183.45,88962000,0.003281,0.0
TSLA,2013-10-21,20131021,12.22,12.23,11.4,11.506667137145996,11.51,172.65,172981500,-0.058872,0.0
TSLA,2013-10-22,20131022,11.37,11.85,11.07,11.435999870300293,11.44,171.6,170800500,-0.006082,0.0
TSLA,2013-10-23,20131023,11.26,11.45,10.68,10.966667175292969,10.97,164.55,199806000,-0.041084,0.0
TSLA,2013-10-24,20131024,11.0,11.63,10.86,11.543333053588867,11.54,173.1,162385500,0.05196,0.0
TSLA,2013-10-25,20131025,11.61,11.63,11.12,11.310667037963867,11.31,169.65,113932500,-0.019931,0.0
TSLA,2013-10-28,20131028,11.35,11.37,10.81,10.857333183288574,10.86,162.9,117625500,-0.039788,0.0
TSLA,2013-10-29,20131029,10.85,11.03,10.2,10.964667320251465,10.96,164.4,211675500,0.009208,0.0
TSLA,2013-10-30,20131030,10.98,11.18,10.54,10.614666938781738,10.61,159.15,126027000,-0.031934,0.0
TSLA,2013-10-31,20131031,10.38,10.83,10.22,10.662667274475098,10.66,159.9,140007000,0.004713,0.0
TSLA,2013-11-01,20131101,10.87,11.06,10.69,10.811332702636719,10.81,162.15,107709000,0.014071,0.0
TSLA,2013-11-04,20131104,11.0,11.69,10.95,11.680000305175781,11.68,175.2,196806000,0.080481,0.0
TSLA,2013-11-05,20131105,12.0,12.1,11.42,11.787332534790039,11.79,176.85,337006500,0.009418,0.0
TSLA,2013-11-06,20131106,10.32,10.72,9.76,10.077333450317383,10.08,151.2,466075500,-0.145038,0.0
TSLA,2013-11-07,20131107,9.61,9.71,9.17,9.317999839782715,9.32,139.8,334270500,-0.075397,0.0
TSLA,2013-11-08,20131108,9.1,9.37,8.82,9.196666717529297,9.2,138.0,337168500,-0.012876,0.0
TSLA,2013-11-11,20131111,9.4,9.69,9.14,9.646666526794434,9.65,144.75,209964000,0.048913,0.0
TSLA,2013-11-12,20131112,9.65,9.65,9.08,9.186667442321777,9.19,137.85,224778000,-0.047668,0.0
TSLA,2013-11-13,20131113,9.39,9.49,9.09,9.24666690826416,9.25,138.75,189874500,0.006529,0.0
TSLA,2013-11-14,20131114,9.26,9.36,8.94,9.173333168029785,9.17,137.55,183055500,-0.008649,0.0
TSLA,2013-11-15,20131115,9.12,9.2,8.96,9.029999732971191,9.03,135.45,148503000,-0.015267,0.0
TSLA,2013-11-18,20131118,9.02,9.03,7.97,8.10533332824707,8.11,121.65,347073000,-0.101883,0.0
TSLA,2013-11-19,20131119,7.96,8.6,7.95,8.406000137329102,8.41,126.15,297243000,0.036991,0.0
TSLA,2013-11-20,20131120,8.41,8.5,7.94,8.074000358581543,8.07,121.05,207744000,-0.040428,0.0
TSLA,2013-11-21,20131121,8.19,8.32,8.02,8.140000343322754,8.14,122.1,178557000,0.008674,0.0
TSLA,2013-11-22,20131122,8.11,8.18,7.86,8.092000007629395,8.09,121.35,166450500,-0.006143,0.0
TSLA,2013-11-25,20131125,8.3,8.39,8.02,8.055999755859375,8.06,120.9,154009500,-0.003708,0.0
TSLA,2013-11-26,20131126,7.96,8.18,7.74,8.033332824707031,8.03,120.45,208282500,-0.003722,0.0
TSLA,2013-11-27,20131127,8.09,8.46,7.97,8.462667465209961,8.46,126.9,185514000,0.053549,0.0
TSLA,2013-11-29,20131129,8.65,8.71,8.47,8.485333442687988,8.49,127.35,145743000,0.003546,0.0
TSLA,2013-12-02,20131202,8.42,8.57,8.26,8.277999877929688,8.28,124.2,116268000,-0.024735,0.0
TSLA,2013-12-03,20131203,8.85,9.66,8.77,9.646666526794434,9.65,144.75,385236000,0.165459,0.0
TSLA,2013-12-04,20131204,9.62,9.63,9.14,9.263333320617676,9.26,138.9,197215500,-0.040415,0.0
TSLA,2013-12-05,20131205,9.34,9.56,9.3,9.36533260345459,9.37,140.55,139326000,0.011879,0.0
TSLA,2013-12-06,20131206,9.43,9.5,9.09,9.157333374023438,9.16,137.4,118644000,-0.022412,0.0
TSLA,2013-12-09,20131209,9.13,9.45,8.95,9.4399995803833,9.44,141.6,135922500,0.030568,0.0
TSLA,2013-12-10,20131210,9.34,9.72,9.32,9.47933292388916,9.48,142.2,161223000,0.004237,0.0
TSLA,2013-12-11,20131211,9.46,9.54,9.3,9.3100004196167,9.31,139.65,107067000,-0.017932,0.0
TSLA,2013-12-12,20131212,9.31,9.88,9.24,9.83133316040039,9.83,147.45,161517000,0.055854,0.0
TSLA,2013-12-13,20131213,9.87,10.12,9.82,9.84333324432373,9.84,147.6,158878500,0.001017,0.0
TSLA,2013-12-16,20131216,9.9,10.03,9.74,9.862667083740234,9.86,147.9,100129500,0.002033,0.0
TSLA,2013-12-17,20131217,9.84,10.31,9.75,10.163999557495117,10.16,152.4,157425000,0.030426,0.0
TSLA,2013-12-18,20131218,10.15,10.33,9.73,9.86533260345459,9.87,148.05,173728500,-0.028543,0.0
TSLA,2013-12-19,20131219,9.79,9.8,9.27,9.381333351135254,9.38,140.7,191100000,-0.049645,0.0
TSLA,2013-12-20,20131220,9.44,9.62,9.44,9.549332618713379,9.55,143.25,111189000,0.018124,0.0
TSLA,2013-12-23,20131223,9.66,9.75,9.51,9.569999694824219,9.57,143.55,80782500,0.002094,0.0
TSLA,2013-12-24,20131224,10.0,10.33,9.99,10.093999862670898,10.09,151.35,149122500,0.054336,0.0
TSLA,2013-12-26,20131226,10.34,10.53,10.29,10.366666793823242,10.37,155.55,106942500,0.02775,0.0
TSLA,2013-12-27,20131227,10.35,10.37,10.05,10.074666976928711,10.07,151.05,81903000,-0.02893,0.0
TSLA,2013-12-30,20131230,10.07,10.32,10.05,10.162667274475098,10.16,152.4,67012500,0.008937,0.0
TSLA,2013-12-31,20131231,10.15,10.21,9.91,10.028667449951172,10.03,150.45,63936000,-0.012795,0.0
TSLA,2014-01-02,20140102,9.99,10.17,9.77,10.006667137145996,10.01,150.15,92826000,-0.001994,0.0
TSLA,2014-01-03,20140103,10.0,10.15,9.91,9.970666885375977,9.97,149.55,70425000,-0.003996,0.0
TSLA,2014-01-06,20140106,10.0,10.03,9.68,9.800000190734863,9.8,147.0,80416500,-0.017051,0.0
TSLA,2014-01-07,20140107,9.84,10.03,9.68,9.957332611083984,9.96,149.4,75511500,0.016327,0.0
TSLA,2014-01-08,20140108,9.92,10.25,9.92,10.085332870483398,10.09,151.35,92448000,0.013052,0.0
TSLA,2014-01-09,20140109,10.17,10.23,9.79,9.835332870483398,9.84,147.6,80730000,-0.024777,0.0
TSLA,2014-01-10,20140110,9.9,9.93,9.48,9.714667320251465,9.71,145.65,111691500,-0.013211,0.0
TSLA,2014-01-13,20140113,9.72,9.8,9.19,9.28933334350586,9.29,139.35,94741500,-0.043254,0.0
TSLA,2014-01-14,20140114,9.37,10.8,9.11,10.751333236694336,10.75,161.25,414105000,0.157158,0.0
TSLA,2014-01-15,20140115,11.23,11.48,10.81,10.942000389099121,10.94,164.1,306984000,0.017674,0.0
TSLA,2014-01-16,20140116,10.83,11.51,10.83,11.39799976348877,11.4,171.0,179391000,0.042048,0.0
TSLA,2014-01-17,20140117,11.35,11.55,11.2,11.333999633789062,11.33,169.95,138093000,-0.00614,0.0
TSLA,2014-01-21,20140121,11.42,11.82,11.39,11.778667449951172,11.78,176.7,146020500,0.039718,0.0
TSLA,2014-01-22,20140122,11.85,12.02,11.65,11.904000282287598,11.9,178.5,105339000,0.010187,0.0
TSLA,2014-01-23,20140123,11.82,12.16,11.56,12.100000381469727,12.1,181.5,118011000,0.016807,0.0
TSLA,2014-01-24,20140124,11.86,12.03,11.57,11.640000343322754,11.64,174.6,114964500,-0.038017,0.0
TSLA,2014-01-27,20140127,11.68,11.86,10.98,11.307999610900879,11.31,169.65,130746000,-0.028351,0.0
TSLA,2014-01-28,20140128,11.43,11.93,11.4,11.892000198364258,11.89,178.35,91401000,0.051282,0.0
TSLA,2014-01-29,20140129,11.69,11.94,11.54,11.682000160217285,11.68,175.2,89032500,-0.017662,0.0
TSLA,2014-01-30,20140130,11.87,12.32,11.8,12.189332962036133,12.19,182.85,128475000,0.043664,0.0
TSLA,2014-01-31,20140131,11.92,12.4,11.9,12.093999862670898,12.09,181.35,97632000,-0.008203,0.0
TSLA,2014-02-03,20140203,12.19,12.33,11.68,11.807332992553711,11.81,177.15,101473500,-0.02316,0.0
TSLA,2014-02-04,20140204,12.05,12.11,11.75,11.915332794189453,11.92,178.8,70294500,0.009314,0.0
TSLA,2014-02-05,20140205,11.89,12.04,11.29,11.628000259399414,11.63,174.45,109020000,-0.024329,0.0
TSLA,2014-02-06,20140206,11.75,12.01,11.73,11.892000198364258,11.89,178.35,87624000,0.022356,0.0
TSLA,2014-02-07,20140207,12.07,12.44,11.97,12.435333251953125,12.44,186.6,133927500,0.046257,0.0
TSLA,2014-02-10,20140210,12.62,13.29,12.62,13.104000091552734,13.1,196.5,194560500,0.053055,0.0
TSLA,2014-02-11,20140211,13.26,13.48,12.85,13.107999801635742,13.11,196.65,160648500,0.000763,0.0
TSLA,2014-02-12,20140212,13.05,13.22,12.95,13.021332740783691,13.02,195.3,77605500,-0.006865,0.0
TSLA,2014-02-13,20140213,12.89,13.51,12.88,13.308667182922363,13.31,199.65,120439500,0.022273,0.0
TSLA,2014-02-14,20140214,13.21,13.46,13.13,13.215332984924316,13.22,198.3,92370000,-0.006762,0.0
TSLA,2014-02-18,20140218,13.68,13.73,13.42,13.579999923706055,13.58,203.7,139992000,0.027231,0.0
TSLA,2014-02-19,20140219,13.58,13.58,12.89,12.909333229064941,12.91,193.65,242535000,-0.049337,0.0
TSLA,2014-02-20,20140220,14.33,14.35,13.75,13.998000144958496,14.0,210.0,270034500,0.084431,0.0
TSLA,2014-02-21,20140221,14.11,14.27,13.95,13.973333358764648,13.97,209.55,117282000,-0.002143,0.0
TSLA,2014-02-24,20140224,13.92,14.56,13.89,14.510000228881836,14.51,217.65,124176000,0.038654,0.0
TSLA,2014-02-25,20140225,15.33,17.28,15.23,16.53333282470703,16.53,247.95,490225500,0.139214,0.0
TSLA,2014-02-26,20140226,17.24,17.67,16.5,16.866666793823242,16.87,253.05,369069000,0.020569,0.0
TSLA,2014-02-27,20140227,17.42,17.46,16.56,16.836000442504883,16.84,252.6,269187000,-0.001778,0.0
TSLA,2014-02-28,20140228,16.64,16.85,16.17,16.320667266845703,16.32,244.8,218847000,-0.030879,0.0
TSLA,2014-03-03,20140303,15.82,16.78,15.67,16.70400047302246,16.7,250.5,196339500,0.023284,0.0
TSLA,2014-03-04,20140304,17.23,17.33,16.86,16.98933219909668,16.99,254.85,131184000,0.017365,0.0
TSLA,2014-03-05,20140305,17.11,17.13,16.79,16.8439998626709,16.84,252.6,89035500,-0.008829,0.0
TSLA,2014-03-06,20140306,16.94,17.17,16.63,16.862667083740234,16.86,252.9,110416500,0.001188,0.0
TSLA,2014-03-07,20140307,16.86,16.99,16.29,16.413999557495117,16.41,246.15,117184500,-0.02669,0.0
TSLA,2014-03-10,20140310,16.18,16.2,15.74,15.922666549682617,15.92,238.8,115921500,-0.02986,0.0
TSLA,2014-03-11,20140311,15.77,16.31,15.5,15.62733268737793,15.63,234.45,132151500,-0.018216,0.0
TSLA,2014-03-12,20140312,15.43,16.5,15.41,16.099332809448242,16.1,241.5,146316000,0.03007,0.0
TSLA,2014-03-13,20140313,16.25,16.28,15.6,15.852666854858398,15.85,237.75,93544500,-0.015528,0.0
TSLA,2014-03-14,20140314,15.69,15.8,15.22,15.39799976348877,15.4,231.0,124345500,-0.028391,0.0
TSLA,2014-03-17,20140317,15.66,15.86,15.37,15.59866714477539,15.6,234.0,88689000,0.012987,0.0
TSLA,2014-03-18,20140318,15.8,16.1,15.67,16.002666473388672,16.0,240.0,93634500,0.025641,0.0
TSLA,2014-03-19,20140319,16.09,16.1,15.57,15.72266674041748,15.72,235.8,76069500,-0.0175,0.0
TSLA,2014-03-20,20140320,15.74,15.95,15.56,15.660667419433594,15.66,234.9,57268500,-0.003817,0.0
TSLA,2014-03-21,20140321,15.73,15.75,15.17,15.259332656860352,15.26,228.9,123253500,-0.025543,0.0
TSLA,2014-03-24,20140324,15.32,15.33,14.02,14.678000450134277,14.68,220.2,169932000,-0.038008,0.0
TSLA,2014-03-25,20140325,14.94,15.14,14.53,14.696000099182129,14.7,220.5,117981000,0.001362,0.0
TSLA,2014-03-26,20140326,14.8,14.84,14.09,14.197333335876465,14.2,213.0,103609500,-0.034014,0.0
TSLA,2014-03-27,20140327,14.16,14.24,13.53,13.821332931518555,13.82,207.3,142435500,-0.026761,0.0
TSLA,2014-03-28,20140328,14.19,14.45,14.02,14.157999992370605,14.16,212.4,145272000,0.024602,0.0
TSLA,2014-03-31,20140331,14.43,14.45,13.76,13.896666526794434,13.9,208.5,125700000,-0.018362,0.0
TSLA,2014-04-01,20140401,13.93,14.54,13.91,14.464667320251465,14.46,216.9,110571000,0.040288,0.0
TSLA,2014-04-02,20140402,14.67,15.39,14.54,15.352666854858398,15.35,230.25,161734500,0.061549,0.0
TSLA,2014-04-03,20140403,15.35,15.72,14.8,15.026666641235352,15.03,225.45,163855500,-0.020847,0.0
TSLA,2014-04-04,20140404,15.07,15.22,14.08,14.148667335510254,14.15,212.25,170184000,-0.05855,0.0
TSLA,2014-04-07,20140407,13.72,14.41,13.57,13.834667205810547,13.83,207.45,147832500,-0.022615,0.0
TSLA,2014-04-08,20140408,14.0,14.43,13.76,14.36400032043457,14.36,215.4,103339500,0.038322,0.0
TSLA,2014-04-09,20140409,14.45,14.56,14.06,14.461999893188477,14.46,216.9,77368500,0.006964,0.0
TSLA,2014-04-10,20140410,14.45,14.5,13.59,13.612667083740234,13.61,204.15,108172500,-0.058783,0.0
TSLA,2014-04-11,20140411,13.37,13.8,13.24,13.585332870483398,13.59,203.85,136008000,-0.00147,0.0
TSLA,2014-04-14,20140414,13.84,13.9,12.96,13.206000328063965,13.21,198.15,115545000,-0.027962,0.0
TSLA,2014-04-15,20140415,13.27,13.29,12.29,12.927332878112793,12.93,193.95,204889500,-0.021196,0.0
TSLA,2014-04-16,20140416,13.13,13.33,12.72,13.27400016784668,13.27,199.05,108033000,0.026295,0.0
TSLA,2014-04-17,20140417,13.31,13.49,12.94,13.208000183105469,13.21,198.15,88902000,-0.004521,0.0
TSLA,2014-04-21,20140421,13.14,13.75,12.93,13.625332832336426,13.63,204.45,78873000,0.031794,0.0
TSLA,2014-04-22,20140422,13.76,14.62,13.67,14.576000213623047,14.58,218.7,147070500,0.069699,0.0
TSLA,2014-04-23,20140423,14.42,14.45,13.8,13.866000175476074,13.87,208.05,109434000,-0.048697,0.0
TSLA,2014-04-24,20140424,14.05,14.19,13.55,13.857333183288574,13.86,207.9,82428000,-0.000721,0.0
TSLA,2014-04-25,20140425,13.47,13.78,13.18,13.323332786560059,13.32,199.8,104950500,-0.038961,0.0
TSLA,2014-04-28,20140428,13.33,13.59,12.7,13.234000205993652,13.23,198.45,105630000,-0.006757,0.0
TSLA,2014-04-29,20140429,13.21,13.81,13.04,13.79466724395752,13.79,206.85,86686500,0.042328,0.0
TSLA,2014-04-30,20140430,13.57,13.88,13.42,13.859333038330078,13.86,207.9,66609000,0.005076,0.0
TSLA,2014-05-01,20140501,13.81,14.27,13.71,13.84866714477539,13.85,207.75,81598500,-0.000722,0.0
TSLA,2014-05-02,20140502,13.91,14.09,13.77,14.060667037963867,14.06,210.9,61302000,0.015162,0.0
TSLA,2014-05-05,20140505,13.97,14.51,13.9,14.440667152404785,14.44,216.6,77205000,0.027027,0.0
TSLA,2014-05-06,20140506,14.44,14.58,13.79,13.8186674118042,13.82,207.3,84550500,-0.042936,0.0
TSLA,2014-05-07,20140507,13.98,14.01,13.15,13.423333168029785,13.42,201.3,152689500,-0.028944,0.0
TSLA,2014-05-08,20140508,12.13,12.96,11.87,11.906000137329102,11.91,178.65,300849000,-0.112519,0.0
TSLA,2014-05-09,20140509,11.99,12.23,11.81,12.150667190551758,12.15,182.25,127428000,0.020151,0.0
TSLA,2014-05-12,20140512,12.26,12.48,11.99,12.311332702636719,12.31,184.65,105034500,0.013169,0.0
TSLA,2014-05-13,20140513,12.25,12.76,12.2,12.677332878112793,12.68,190.2,106458000,0.030057,0.0
TSLA,2014-05-14,20140514,12.6,12.9,12.47,12.708000183105469,12.71,190.65,81100500,0.002366,0.0
TSLA,2014-05-15,20140515,12.67,12.84,12.35,12.572667121887207,12.57,188.55,90606000,-0.011015,0.0
TSLA,2014-05-16,20140516,12.6,12.8,12.51,12.77066707611084,12.77,191.55,67315500,0.015911,0.0
TSLA,2014-05-19,20140519,12.71,13.13,12.67,13.072667121887207,13.07,196.05,68575500,0.023493,0.0
TSLA,2014-05-20,20140520,13.13,13.29,12.87,13.020000457763672,13.02,195.3,83191500,-0.003826,0.0
TSLA,2014-05-21,20140521,13.08,13.32,12.99,13.296667098999023,13.3,199.5,79281000,0.021505,0.0
TSLA,2014-05-22,20140522,13.36,13.79,13.3,13.658666610717773,13.66,204.9,93217500,0.027068,0.0
TSLA,2014-05-23,20140523,13.64,13.85,13.5,13.819999694824219,13.82,207.3,60102000,0.011713,0.0
TSLA,2014-05-27,20140527,13.9,14.26,13.85,14.104000091552734,14.1,211.5,80116500,0.02026,0.0
TSLA,2014-05-28,20140528,14.0,14.18,13.68,14.015999794006348,14.02,210.3,82426500,-0.005674,0.0
TSLA,2014-05-29,20140529,14.04,14.17,13.85,14.015999794006348,14.02,210.3,55387500,0.0,0.0
TSLA,2014-05-30,20140530,14.02,14.32,13.8,13.851332664489746,13.85,207.75,83716500,-0.012126,0.0
TSLA,2014-06-02,20140602,13.82,13.96,13.44,13.646666526794434,13.65,204.75,70021500,-0.01444,0.0
TSLA,2014-06-03,20140603,13.57,13.87,13.51,13.662667274475098,13.66,204.9,57912000,0.000733,0.0
TSLA,2014-06-04,20140604,13.62,13.75,13.36,13.599332809448242,13.6,204.0,51411000,-0.004392,0.0
TSLA,2014-06-05,20140605,13.63,13.95,13.6,13.793333053588867,13.79,206.85,60819000,0.013971,0.0
TSLA,2014-06-06,20140606,13.98,14.05,13.81,13.878000259399414,13.88,208.2,46107000,0.006526,0.0
TSLA,2014-06-09,20140609,13.86,14.0,13.61,13.687333106994629,13.69,205.35,42085500,-0.013689,0.0
TSLA,2014-06-10,20140610,13.63,13.8,13.44,13.486666679382324,13.49,202.35,52720500,-0.014609,0.0
TSLA,2014-06-11,20140611,13.43,13.67,13.28,13.631333351135254,13.63,204.45,59662500,0.010378,0.0
TSLA,2014-06-12,20140612,13.67,13.99,13.51,13.567999839782715,13.57,203.55,89905500,-0.004402,0.0
TSLA,2014-06-13,20140613,13.65,13.79,13.44,13.761333465576172,13.76,206.4,53164500,0.014001,0.0
TSLA,2014-06-16,20140616,13.78,15.03,13.75,14.973999977111816,14.97,224.55,198696000,0.087936,0.0
TSLA,2014-06-17,20140617,14.94,15.7,14.86,15.444666862487793,15.44,231.6,199573500,0.031396,0.0
TSLA,2014-06-18,20140618,15.43,15.45,15.07,15.141332626342773,15.14,227.1,104103000,-0.01943,0.0
TSLA,2014-06-19,20140619,15.26,15.69,15.13,15.185999870300293,15.19,227.85,131896500,0.003303,0.0
TSLA,2014-06-20,20140620,15.23,15.42,15.08,15.305999755859375,15.31,229.65,73558500,0.0079,0.0
TSLA,2014-06-23,20140623,15.3,15.93,15.21,15.814666748046875,15.81,237.15,116866500,0.032658,0.0
TSLA,2014-06-24,20140624,15.93,16.13,15.44,15.5,15.5,232.5,121138500,-0.019608,0.0
TSLA,2014-06-25,20140625,15.54,15.84,15.35,15.792667388916016,15.79,236.85,87024000,0.01871,0.0
TSLA,2014-06-26,20140626,15.81,16.03,15.61,15.706666946411133,15.71,235.65,76821000,-0.005066,0.0
TSLA,2014-06-27,20140627,15.65,16.0,15.63,15.937333106994629,15.94,239.1,84525000,0.01464,0.0
TSLA,2014-06-30,20140630,15.97,16.3,15.93,16.003999710083008,16.0,240.0,72429000,0.003764,0.0
TSLA,2014-07-01,20140701,16.16,16.23,15.91,15.981332778930664,15.98,239.7,65041500,-0.00125,0.0
TSLA,2014-07-02,20140702,16.04,16.16,15.14,15.295332908630371,15.3,229.5,120411000,-0.042553,0.0
TSLA,2014-07-03,20140703,15.42,15.46,14.93,15.283332824707031,15.28,229.2,77500500,-0.001307,0.0
TSLA,2014-07-07,20140707,15.17,15.32,14.69,14.843999862670898,14.84,222.6,88405500,-0.028796,0.0
TSLA,2014-07-08,20140708,14.58,14.73,14.28,14.604666709899902,14.6,219.0,117543000,-0.016173,0.0
TSLA,2014-07-09,20140709,14.75,14.95,14.61,14.870667457580566,14.87,223.05,61731000,0.018493,0.0
TSLA,2014-07-10,20140710,14.48,14.81,14.4,14.630666732788086,14.63,219.45,72958500,-0.01614,0.0
TSLA,2014-07-11,20140711,14.71,14.77,14.51,14.541999816894531,14.54,218.1,49534500,-0.006152,0.0
TSLA,2014-07-14,20140714,14.67,15.25,14.36,15.113332748413086,15.11,226.65,108048000,0.039202,0.0
TSLA,2014-07-15,20140715,15.12,15.18,14.54,14.638667106628418,14.64,219.6,85777500,-0.031105,0.0
TSLA,2014-07-16,20140716,14.79,14.99,14.45,14.477333068847656,14.48,217.2,60667500,-0.010929,0.0
TSLA,2014-07-17,20140717,14.41,14.7,14.24,14.359999656677246,14.36,215.4,69741000,-0.008287,0.0
TSLA,2014-07-18,20140718,14.4,14.75,14.4,14.668000221252441,14.67,220.05,63805500,0.021588,0.0
TSLA,2014-07-21,20140721,14.48,14.88,14.45,14.702667236328125,14.7,220.5,57333000,0.002045,0.0
TSLA,2014-07-22,20140722,14.81,14.89,14.61,14.638667106628418,14.64,219.6,40950000,-0.004082,0.0
TSLA,2014-07-23,20140723,14.67,14.98,14.63,14.832667350769043,14.83,222.45,46249500,0.012978,0.0
TSLA,2014-07-24,20140724,14.88,15.01,14.72,14.902667045593262,14.9,223.5,48682500,0.00472,0.0
TSLA,2014-07-25,20140725,14.85,15.13,14.78,14.904666900634766,14.9,223.5,46306500,0.0,0.0
TSLA,2014-07-28,20140728,14.95,15.47,14.76,14.98799991607666,14.99,224.85,97714500,0.00604,0.0
TSLA,2014-07-29,20140729,15.11,15.22,14.99,15.000666618347168,15.0,225.0,50736000,0.000667,0.0
TSLA,2014-07-30,20140730,14.79,15.31,14.74,15.261333465576172,15.26,228.9,73917000,0.017333,0.0
TSLA,2014-07-31,20140731,15.28,15.43,14.77,14.886667251586914,14.89,223.35,116236500,-0.024246,0.0
TSLA,2014-08-01,20140801,15.07,15.83,15.07,15.5513334274292,15.55,233.25,178437000,0.044325,0.0
TSLA,2014-08-04,20140804,15.63,16.03,15.55,15.90133285522461,15.9,238.5,89395500,0.022508,0.0
TSLA,2014-08-05,20140805,15.83,16.2,15.71,15.899333000183105,15.9,238.5,80829000,0.0,0.0
TSLA,2014-08-06,20140806,15.93,16.76,15.91,16.595333099365234,16.6,249.0,138739500,0.044025,0.0
TSLA,2014-08-07,20140807,16.67,17.11,16.61,16.826000213623047,16.83,252.45,112183500,0.013855,0.0
TSLA,2014-08-08,20140808,16.74,16.78,16.43,16.54199981689453,16.54,248.1,76351500,-0.017231,0.0
TSLA,2014-08-11,20140811,17.03,17.58,17.0,17.288000106811523,17.29,259.35,121519500,0.045345,0.0
TSLA,2014-08-12,20140812,17.21,17.35,16.97,17.33066749572754,17.33,259.95,95734500,0.002313,0.0
TSLA,2014-08-13,20140813,17.47,17.71,17.31,17.354000091552734,17.35,260.25,103989000,0.001154,0.0
TSLA,2014-08-14,20140814,17.5,17.53,17.1,17.42533302307129,17.43,261.45,61899000,0.004611,0.0
TSLA,2014-08-15,20140815,17.43,17.47,17.23,17.46733283996582,17.47,262.05,58018500,0.002295,0.0
TSLA,2014-08-18,20140818,17.55,17.82,17.32,17.32933235168457,17.33,259.95,87738000,-0.008014,0.0
TSLA,2014-08-19,20140819,17.26,17.29,16.77,17.117332458496094,17.12,256.8,80022000,-0.012118,0.0
TSLA,2014-08-20,20140820,16.98,17.25,16.87,17.047332763671875,17.05,255.75,45418500,-0.004089,0.0
TSLA,2014-08-21,20140821,17.1,17.25,16.88,16.95599937438965,16.96,254.4,43734000,-0.005279,0.0
TSLA,2014-08-22,20140822,16.97,17.13,16.84,17.118667602539062,17.12,256.8,42501000,0.009434,0.0
TSLA,2014-08-25,20140825,17.21,17.58,17.21,17.503332138061523,17.5,262.5,64771500,0.022196,0.0
TSLA,2014-08-26,20140826,17.67,17.7,17.44,17.44933319091797,17.45,261.75,57270000,-0.002857,0.0
TSLA,2014-08-27,20140827,17.57,17.62,17.35,17.549999237060547,17.55,263.25,44776500,0.005731,0.0
TSLA,2014-08-28,20140828,17.46,17.63,17.44,17.590667724609375,17.59,263.85,42673500,0.002279,0.0
TSLA,2014-08-29,20140829,17.91,18.13,17.83,17.979999542236328,17.98,269.7,96706500,0.022172,0.0
TSLA,2014-09-02,20140902,18.37,18.99,18.29,18.941333770751953,18.94,284.1,147786000,0.053393,0.0
TSLA,2014-09-03,20140903,19.18,19.2,18.67,18.746000289916992,18.75,281.25,101584500,-0.010032,0.0
TSLA,2014-09-04,20140904,18.93,19.43,18.69,19.069332122802734,19.07,286.05,125125500,0.017067,0.0
TSLA,2014-09-05,20140905,18.84,18.86,18.17,18.492666244506836,18.49,277.35,167548500,-0.030414,0.0
TSLA,2014-09-08,20140908,18.51,18.99,18.5,18.80733299255371,18.81,282.15,82524000,0.017307,0.0
TSLA,2014-09-09,20140909,18.87,19.03,18.47,18.565332412719727,18.57,278.55,68382000,-0.012759,0.0
TSLA,2014-09-10,20140910,18.63,18.76,18.24,18.739999771118164,18.74,281.1,56719500,0.009155,0.0
TSLA,2014-09-11,20140911,18.7,18.99,18.58,18.687332153320312,18.69,280.35,56491500,-0.002668,0.0
TSLA,2014-09-12,20140912,18.7,18.83,18.47,18.613332748413086,18.61,279.15,49869000,-0.00428,0.0
TSLA,2014-09-15,20140915,18.29,18.29,16.61,16.923999786376953,16.92,253.8,246831000,-0.090811,0.0
TSLA,2014-09-16,20140916,17.01,17.5,16.83,17.382667541503906,17.38,260.7,124501500,0.027187,0.0
TSLA,2014-09-17,20140917,17.49,17.65,17.3,17.42533302307129,17.43,261.45,77665500,0.002877,0.0
TSLA,2014-09-18,20140918,17.56,17.71,17.49,17.58799934387207,17.59,263.85,55389000,0.00918,0.0
TSLA,2014-09-19,20140919,17.2,17.43,17.02,17.288000106811523,17.29,259.35,102163500,-0.017055,0.0
TSLA,2014-09-22,20140922,17.0,17.07,16.31,16.66866683959961,16.67,250.05,123211500,-0.035859,0.0
TSLA,2014-09-23,20140923,16.35,16.92,16.33,16.694000244140625,16.69,250.35,84880500,0.0012,0.0
TSLA,2014-09-24,20140924,16.74,16.86,16.47,16.80933380126953,16.81,252.15,56242500,0.00719,0.0
TSLA,2014-09-25,20140925,16.83,17.0,16.41,16.463333129882812,16.46,246.9,72513000,-0.020821,0.0
TSLA,2014-09-26,20140926,16.55,16.65,16.4,16.440000534057617,16.44,246.6,56931000,-0.001215,0.0
TSLA,2014-09-29,20140929,16.27,16.58,16.09,16.35066795349121,16.35,245.25,72790500,-0.005474,0.0
TSLA,2014-09-30,20140930,16.46,16.51,16.01,16.178667068481445,16.18,242.7,63574500,-0.010398,0.0
TSLA,2014-10-01,20141001,16.15,16.18,15.71,16.016000747680664,16.02,240.3,89125500,-0.009889,0.0
TSLA,2014-10-02,20141002,16.68,16.85,16.36,16.761333465576172,16.76,251.4,134973000,0.046192,0.0
TSLA,2014-10-03,20141003,16.87,17.1,16.74,17.013999938964844,17.01,255.15,81094500,0.014916,0.0
TSLA,2014-10-06,20141006,17.28,17.5,17.19,17.374666213989258,17.37,260.55,115699500,0.021164,0.0
TSLA,2014-10-07,20141007,17.24,17.43,17.05,17.30466651916504,17.3,259.5,67282500,-0.00403,0.0
TSLA,2014-10-08,20141008,17.34,17.53,16.84,17.28533363342285,17.29,259.35,75826500,-0.000578,0.0
TSLA,2014-10-09,20141009,17.48,17.7,16.96,17.134000778198242,17.13,256.95,110419500,-0.009254,0.0
TSLA,2014-10-10,20141010,16.31,16.39,15.68,15.793999671936035,15.79,236.85,193324500,-0.078225,0.0
TSLA,2014-10-13,20141013,15.9,15.93,14.73,14.97266674041748,14.97,224.55,169030500,-0.051932,0.0
TSLA,2014-10-14,20141014,15.22,15.5,14.87,15.137332916259766,15.14,227.1,106579500,0.011356,0.0
TSLA,2014-10-15,20141015,14.67,15.4,14.49,15.313332557678223,15.31,229.65,137209500,0.011229,0.0
TSLA,2014-10-16,20141016,14.65,15.33,14.61,15.09000015258789,15.09,226.35,80989500,-0.01437,0.0
TSLA,2014-10-17,20141017,15.56,15.65,15.1,15.165332794189453,15.17,227.55,158241000,0.005302,0.0
TSLA,2014-10-20,20141020,15.11,15.49,15.03,15.364666938781738,15.36,230.4,52416000,0.012525,0.0
TSLA,2014-10-21,20141021,15.62,15.69,15.39,15.689332962036133,15.69,235.35,61954500,0.021484,0.0
TSLA,2014-10-22,20141022,15.55,15.83,15.37,15.40666675567627,15.41,231.15,61749000,-0.017846,0.0
TSLA,2014-10-23,20141023,15.64,15.75,15.47,15.685999870300293,15.69,235.35,52386000,0.01817,0.0
TSLA,2014-10-24,20141024,15.75,15.85,15.41,15.682666778564453,15.68,235.2,51949500,-0.000637,0.0
TSLA,2014-10-27,20141027,15.62,15.64,14.69,14.777999877929688,14.78,221.7,143299500,-0.057398,0.0
TSLA,2014-10-28,20141028,15.31,16.31,15.22,16.184667587280273,16.18,242.7,157744500,0.094723,0.0
TSLA,2014-10-29,20141029,16.08,16.1,15.71,15.873332977294922,15.87,238.05,74437500,-0.019159,0.0
TSLA,2014-10-30,20141030,15.88,16.03,15.67,15.910667419433594,15.91,238.65,48426000,0.00252,0.0
TSLA,2014-10-31,20141031,16.17,16.21,15.92,16.113332748413086,16.11,241.65,56629500,0.012571,0.0
TSLA,2014-11-03,20141103,16.2,16.5,16.09,16.172666549682617,16.17,242.55,63057000,0.003724,0.0
TSLA,2014-11-04,20141104,16.03,16.16,15.77,15.928667068481445,15.93,238.95,55239000,-0.014842,0.0
TSLA,2014-11-05,20141105,16.07,16.09,15.37,15.39799976348877,15.4,231.0,135688500,-0.033271,0.0
TSLA,2014-11-06,20141106,15.63,16.45,15.23,16.08133316040039,16.08,241.2,230320500,0.044156,0.0
TSLA,2014-11-07,20141107,16.15,16.19,15.81,16.01333236694336,16.01,240.15,77415000,-0.004353,0.0
TSLA,2014-11-10,20141110,15.94,16.19,15.79,16.1286678314209,16.13,241.95,68658000,0.007495,0.0
TSLA,2014-11-11,20141111,16.17,16.79,16.13,16.738666534423828,16.74,251.1,119232000,0.037818,0.0
TSLA,2014-11-12,20141112,16.65,16.82,16.37,16.606666564941406,16.61,249.15,88062000,-0.007766,0.0
TSLA,2014-11-13,20141113,16.71,17.05,16.68,16.780000686645508,16.78,251.7,93540000,0.010235,0.0
TSLA,2014-11-14,20141114,16.67,17.26,16.57,17.245332717895508,17.25,258.75,91516500,0.02801,0.0
TSLA,2014-11-17,20141117,17.17,17.27,16.8,16.93199920654297,16.93,253.95,60385500,-0.018551,0.0
TSLA,2014-11-18,20141118,17.06,17.33,17.03,17.18000030517578,17.18,257.7,67095000,0.014767,0.0
TSLA,2014-11-19,20141119,16.71,16.79,16.37,16.516000747680664,16.52,247.8,118777500,-0.038417,0.0
TSLA,2014-11-20,20141120,16.53,16.73,16.4,16.58066749572754,16.58,248.7,53808000,0.003632,0.0
TSLA,2014-11-21,20141121,16.81,16.85,16.14,16.185333251953125,16.19,242.85,112276500,-0.023522,0.0
TSLA,2014-11-24,20141124,16.35,16.51,16.04,16.447999954223633,16.45,246.75,71845500,0.016059,0.0
TSLA,2014-11-25,20141125,16.49,16.65,16.41,16.53933334350586,16.54,248.1,47397000,0.005471,0.0
TSLA,2014-11-26,20141126,16.56,16.6,16.44,16.562667846679688,16.56,248.4,29718000,0.001209,0.0
TSLA,2014-11-28,20141128,16.36,16.45,16.17,16.301332473754883,16.3,244.5,31795500,-0.0157,0.0
TSLA,2014-12-01,20141201,16.08,16.16,15.27,15.442667007446289,15.44,231.6,129291000,-0.052761,0.0
TSLA,2014-12-02,20141202,15.64,15.66,15.2,15.428667068481445,15.43,231.45,88305000,-0.000648,0.0
TSLA,2014-12-03,20141203,15.08,15.31,15.03,15.286666870117188,15.29,229.35,79615500,-0.009073,0.0
TSLA,2014-12-04,20141204,15.24,15.39,15.19,15.218667030334473,15.22,228.3,57834000,-0.004578,0.0
TSLA,2014-12-05,20141205,15.24,15.29,14.82,14.913999557495117,14.91,223.65,90954000,-0.020368,0.0
TSLA,2014-12-08,20141208,14.77,14.99,14.16,14.290666580200195,14.29,214.35,138384000,-0.041583,0.0
TSLA,2014-12-09,20141209,13.96,14.52,13.62,14.459333419799805,14.46,216.9,141472500,0.011896,0.0
TSLA,2014-12-10,20141210,14.28,14.45,13.85,13.989333152770996,13.99,209.85,109711500,-0.032503,0.0
TSLA,2014-12-11,20141211,14.04,14.36,13.88,13.925333023071289,13.93,208.95,100416000,-0.004289,0.0
TSLA,2014-12-12,20141212,13.65,14.11,13.63,13.800000190734863,13.8,207.0,107607000,-0.009332,0.0
TSLA,2014-12-15,20141215,13.95,13.99,13.51,13.602666854858398,13.6,204.0,78274500,-0.014493,0.0
TSLA,2014-12-16,20141216,13.39,13.58,13.02,13.187333106994629,13.19,197.85,126391500,-0.030147,0.0
TSLA,2014-12-17,20141217,12.87,13.78,12.84,13.721332550048828,13.72,205.8,110517000,0.040182,0.0
TSLA,2014-12-18,20141218,14.16,14.56,14.12,14.550666809082031,14.55,218.25,112249500,0.060496,0.0
TSLA,2014-12-19,20141219,14.68,14.69,14.3,14.619333267211914,14.62,219.3,103657500,0.004811,0.0
TSLA,2014-12-22,20141222,14.67,14.94,14.55,14.84000015258789,14.84,222.6,71991000,0.015048,0.0
TSLA,2014-12-23,20141223,14.92,14.95,14.63,14.731332778930664,14.73,220.95,67585500,-0.007412,0.0
TSLA,2014-12-24,20141224,14.65,14.83,14.62,14.817333221435547,14.82,222.3,19983000,0.00611,0.0
TSLA,2014-12-26,20141226,14.77,15.23,14.77,15.187999725341797,15.19,227.85,49905000,0.024966,0.0
TSLA,2014-12-29,20141229,15.13,15.19,14.93,15.047332763671875,15.05,225.75,42037500,-0.009217,0.0
TSLA,2014-12-30,20141230,14.93,15.04,14.76,14.815333366394043,14.82,222.3,43548000,-0.015282,0.0
TSLA,2014-12-31,20141231,14.87,15.05,14.82,14.827333450317383,14.83,222.45,34462500,0.000675,0.0
TSLA,2015-01-02,20150102,14.86,14.88,14.22,14.620667457580566,14.62,219.3,71466000,-0.01416,0.0
TSLA,2015-01-05,20150105,14.3,14.43,13.81,14.005999565124512,14.01,210.15,80527500,-0.041724,0.0
TSLA,2015-01-06,20150106,14.0,14.28,13.61,14.085332870483398,14.09,211.35,93928500,0.00571,0.0
TSLA,2015-01-07,20150107,14.22,14.32,13.99,14.063332557678223,14.06,210.9,44526000,-0.002129,0.0
TSLA,2015-01-08,20150108,14.19,14.25,14.0,14.041333198547363,14.04,210.6,51637500,-0.001422,0.0
TSLA,2015-01-09,20150109,13.93,14.0,13.66,13.77733325958252,13.78,206.7,70024500,-0.018519,0.0
TSLA,2015-01-12,20150112,13.54,13.63,13.28,13.480667114257812,13.48,202.2,89254500,-0.021771,0.0
TSLA,2015-01-13,20150113,13.55,13.84,13.39,13.616666793823242,13.62,204.3,67159500,0.010386,0.0
TSLA,2015-01-14,20150114,12.39,13.01,12.33,12.845999717712402,12.85,192.75,173278500,-0.056535,0.0
TSLA,2015-01-15,20150115,12.97,13.05,12.67,12.791333198547363,12.79,191.85,78247500,-0.004669,0.0
TSLA,2015-01-16,20150116,12.71,12.97,12.64,12.871333122253418,12.87,193.05,54048000,0.006255,0.0
TSLA,2015-01-20,20150120,12.92,12.94,12.47,12.795332908630371,12.8,192.0,67548000,-0.005439,0.0
TSLA,2015-01-21,20150121,12.64,13.25,12.63,13.104666709899902,13.1,196.5,62295000,0.023438,0.0
TSLA,2015-01-22,20150122,13.13,13.55,13.01,13.441332817077637,13.44,201.6,61753500,0.025954,0.0
TSLA,2015-01-23,20150123,13.35,13.57,13.22,13.419333457946777,13.42,201.3,51579000,-0.001488,0.0
TSLA,2015-01-26,20150126,13.46,13.91,13.4,13.770000457763672,13.77,206.55,48517500,0.02608,0.0
TSLA,2015-01-27,20150127,13.63,13.87,13.55,13.732000350952148,13.73,205.95,41715000,-0.002905,0.0
TSLA,2015-01-28,20150128,13.74,13.76,13.23,13.291333198547363,13.29,199.35,47244000,-0.032047,0.0
TSLA,2015-01-29,20150129,13.4,13.73,13.1,13.680000305175781,13.68,205.2,53221500,0.029345,0.0
TSLA,2015-01-30,20150130,13.6,13.83,13.53,13.573332786560059,13.57,203.55,45105000,-0.008041,0.0
TSLA,2015-02-02,20150202,13.6,14.13,13.55,14.062666893005371,14.06,210.9,62238000,0.036109,0.0
TSLA,2015-02-03,20150203,14.21,14.69,14.08,14.557332992553711,14.56,218.4,72393000,0.035562,0.0
TSLA,2015-02-04,20150204,14.55,14.77,14.45,14.569999694824219,14.57,218.55,49581000,0.000687,0.0
TSLA,2015-02-05,20150205,14.66,15.03,14.64,14.732666969299316,14.73,220.95,52843500,0.010981,0.0
TSLA,2015-02-06,20150206,14.8,14.89,14.43,14.490667343139648,14.49,217.35,48658500,-0.016293,0.0
TSLA,2015-02-09,20150209,14.36,14.53,14.13,14.498666763305664,14.5,217.5,52086000,0.00069,0.0
TSLA,2015-02-10,20150210,14.5,14.7,14.33,14.419333457946777,14.42,216.3,80857500,-0.005517,0.0
TSLA,2015-02-11,20150211,14.15,14.32,13.82,14.186667442321777,14.19,212.85,146536500,-0.01595,0.0
TSLA,2015-02-12,20150212,12.9,13.54,12.89,13.525333404541016,13.53,202.95,234744000,-0.046512,0.0
TSLA,2015-02-13,20150213,13.53,13.73,13.39,13.584667205810547,13.58,203.7,92865000,0.003695,0.0
TSLA,2015-02-17,20150217,13.71,13.71,13.43,13.623332977294922,13.62,204.3,59694000,0.002946,0.0
TSLA,2015-02-18,20150218,13.61,13.74,13.51,13.630666732788086,13.63,204.45,40704000,0.000734,0.0
TSLA,2015-02-19,20150219,13.67,14.16,13.58,14.11400032043457,14.11,211.65,77311500,0.035216,0.0
TSLA,2015-02-20,20150220,14.05,14.51,13.99,14.473999977111816,14.47,217.05,89731500,0.025514,0.0
TSLA,2015-02-23,20150223,14.38,14.55,13.76,13.822667121887207,13.82,207.3,127497000,-0.044921,0.0
TSLA,2015-02-24,20150224,13.82,13.82,13.45,13.607333183288574,13.61,204.15,99054000,-0.015195,0.0
TSLA,2015-02-25,20150225,13.66,13.81,13.51,13.583999633789062,13.58,203.7,58642500,-0.002204,0.0
TSLA,2015-02-26,20150226,13.6,14.07,13.48,13.812666893005371,13.81,207.15,97093500,0.016937,0.0
TSLA,2015-02-27,20150227,13.79,13.9,13.52,13.555999755859375,13.56,203.4,58231500,-0.018103,0.0
TSLA,2015-03-02,20150302,13.51,13.56,13.06,13.155332565307617,13.16,197.4,118831500,-0.029499,0.0
TSLA,2015-03-03,20150303,13.12,13.35,13.02,13.303999900817871,13.3,199.5,66484500,0.010638,0.0
TSLA,2015-03-04,20150304,13.28,13.5,13.15,13.496000289916992,13.5,202.5,63330000,0.015038,0.0
TSLA,2015-03-05,20150305,13.52,13.75,13.34,13.375332832336426,13.38,200.7,73155000,-0.008889,0.0
TSLA,2015-03-06,20150306,13.28,13.38,12.81,12.925333023071289,12.93,193.95,100686000,-0.033632,0.0
TSLA,2015-03-09,20150309,12.96,12.97,12.55,12.725333213806152,12.73,190.95,101050500,-0.015468,0.0
TSLA,2015-03-10,20150310,12.56,12.9,12.51,12.687999725341797,12.69,190.35,83695500,-0.003142,0.0
TSLA,2015-03-11,20150311,12.74,13.08,12.73,12.916000366210938,12.92,193.8,74623500,0.018125,0.0
TSLA,2015-03-12,20150312,12.92,12.96,12.65,12.73799991607666,12.74,191.1,62239500,-0.013932,0.0
TSLA,2015-03-13,20150313,12.6,12.78,12.49,12.578666687011719,12.58,188.7,81514500,-0.012559,0.0
TSLA,2015-03-16,20150316,12.8,13.06,12.65,13.046667098999023,13.05,195.75,84432000,0.037361,0.0
TSLA,2015-03-17,20150317,13.03,13.25,12.93,12.982000350952148,12.98,194.7,73411500,-0.005364,0.0
TSLA,2015-03-18,20150318,13.0,13.39,12.87,13.380666732788086,13.38,200.7,72313500,0.030817,0.0
TSLA,2015-03-19,20150319,13.47,13.64,12.97,13.043333053588867,13.04,195.6,127128000,-0.025411,0.0
TSLA,2015-03-20,20150320,13.16,13.27,13.04,13.20533275604248,13.21,198.15,64042500,0.013037,0.0
TSLA,2015-03-23,20150323,13.23,13.37,13.16,13.308667182922363,13.31,199.65,39474000,0.00757,0.0
TSLA,2015-03-24,20150324,13.44,13.59,13.32,13.447999954223633,13.45,201.75,54748500,0.010518,0.0
TSLA,2015-03-25,20150325,13.22,13.24,12.85,12.953332901000977,12.95,194.25,85956000,-0.037175,0.0
TSLA,2015-03-26,20150326,12.93,12.99,12.65,12.694000244140625,12.69,190.35,61920000,-0.020077,0.0
TSLA,2015-03-27,20150327,12.6,12.62,12.09,12.333333015441895,12.33,184.95,129073500,-0.028369,0.0
TSLA,2015-03-30,20150330,12.39,12.82,12.12,12.704667091369629,12.7,190.5,151342500,0.030008,0.0
TSLA,2015-03-31,20150331,12.9,12.92,12.56,12.584667205810547,12.58,188.7,75399000,-0.009449,0.0
TSLA,2015-04-01,20150401,12.58,12.82,12.4,12.505999565124512,12.51,187.65,56919000,-0.005564,0.0
TSLA,2015-04-02,20150402,12.68,12.88,12.67,12.733332633972168,12.73,190.95,75156000,0.017586,0.0
TSLA,2015-04-06,20150406,13.2,13.85,13.17,13.539999961853027,13.54,203.1,186837000,0.063629,0.0
TSLA,2015-04-07,20150407,13.5,13.67,13.41,13.550000190734863,13.55,203.25,65218500,0.000739,0.0
TSLA,2015-04-08,20150408,13.88,14.06,13.72,13.844667434692383,13.84,207.6,94546500,0.021402,0.0
TSLA,2015-04-09,20150409,13.9,14.02,13.74,14.005999565124512,14.01,210.15,57003000,0.012283,0.0
TSLA,2015-04-10,20150410,13.99,14.11,13.93,14.0600004196167,14.06,210.9,61015500,0.003569,0.0
TSLA,2015-04-13,20150413,14.03,14.2,13.94,13.985333442687988,13.99,209.85,56373000,-0.004979,0.0
TSLA,2015-04-14,20150414,13.9,13.97,13.7,13.830666542053223,13.83,207.45,45390000,-0.011437,0.0
TSLA,2015-04-15,20150415,13.83,13.97,13.77,13.85533332824707,13.86,207.9,29286000,0.002169,0.0
TSLA,2015-04-16,20150416,13.85,13.94,13.75,13.779999732971191,13.78,206.7,24886500,-0.005772,0.0
TSLA,2015-04-17,20150417,13.67,13.79,13.57,13.78600025177002,13.79,206.85,37048500,0.000726,0.0
TSLA,2015-04-20,20150420,13.79,13.86,13.59,13.684666633605957,13.68,205.2,38389500,-0.007977,0.0
TSLA,2015-04-21,20150421,13.72,14.05,13.62,13.96066665649414,13.96,209.4,51487500,0.020468,0.0
TSLA,2015-04-22,20150422,14.17,14.79,14.11,14.629332542419434,14.63,219.45,117945000,0.047994,0.0
TSLA,2015-04-23,20150423,14.55,14.77,14.48,14.573332786560059,14.57,218.55,66168000,-0.004101,0.0
TSLA,2015-04-24,20150424,14.7,14.72,14.53,14.562000274658203,14.56,218.4,36417000,-0.000686,0.0
TSLA,2015-04-27,20150427,14.84,15.92,14.8,15.436667442321777,15.44,231.6,175089000,0.06044,0.0
TSLA,2015-04-28,20150428,15.65,15.7,15.2,15.36533260345459,15.37,230.55,91281000,-0.004534,0.0
TSLA,2015-04-29,20150429,15.34,15.66,15.18,15.49666690826416,15.5,232.5,59041500,0.008458,0.0
TSLA,2015-04-30,20150430,15.36,15.53,15.01,15.069999694824219,15.07,226.05,58678500,-0.027742,0.0
TSLA,2015-05-01,20150501,15.33,15.45,14.69,15.0686674118042,15.07,226.05,79225500,0.0,0.0
TSLA,2015-05-04,20150504,15.21,15.65,15.14,15.36733341217041,15.37,230.55,66519000,0.019907,0.0
TSLA,2015-05-05,20150505,15.85,15.97,15.28,15.529999732971191,15.53,232.95,86953500,0.01041,0.0
TSLA,2015-05-06,20150506,15.61,15.63,15.21,15.362000465393066,15.36,230.4,79063500,-0.010947,0.0
TSLA,2015-05-07,20150507,14.73,15.83,14.68,15.786666870117188,15.79,236.85,141838500,0.027995,0.0
TSLA,2015-05-08,20150508,15.73,15.89,15.58,15.77400016784668,15.77,236.55,70023000,-0.001267,0.0
TSLA,2015-05-11,20150511,15.75,16.19,15.69,15.965999603271484,15.97,239.55,85084500,0.012682,0.0
TSLA,2015-05-12,20150512,16.01,16.42,15.88,16.31599998474121,16.32,244.8,95451000,0.021916,0.0
TSLA,2015-05-13,20150513,16.51,16.55,16.15,16.211999893188477,16.21,243.15,81603000,-0.00674,0.0
TSLA,2015-05-14,20150514,16.32,16.33,16.08,16.273332595825195,16.27,244.05,43438500,0.003701,0.0
TSLA,2015-05-15,20150515,16.26,16.63,16.17,16.589332580566406,16.59,248.85,67914000,0.019668,0.0
TSLA,2015-05-18,20150518,16.47,16.66,16.4,16.583332061767578,16.58,248.7,50298000,-0.000603,0.0
TSLA,2015-05-19,20150519,16.56,16.73,16.41,16.47599983215332,16.48,247.2,55113000,-0.006031,0.0
TSLA,2015-05-20,20150520,16.48,16.52,16.09,16.290000915527344,16.29,244.35,56334000,-0.011529,0.0
TSLA,2015-05-21,20150521,16.2,16.44,16.16,16.374666213989258,16.37,245.55,29559000,0.004911,0.0
TSLA,2015-05-22,20150522,16.36,16.57,16.33,16.51533317565918,16.52,247.8,33346500,0.009163,0.0
TSLA,2015-05-26,20150526,16.51,16.8,16.43,16.497333526611328,16.5,247.5,52480500,-0.001211,0.0
TSLA,2015-05-27,20150527,16.57,16.63,16.37,16.495332717895508,16.5,247.5,51123000,0.0,0.0
TSLA,2015-05-28,20150528,16.47,16.79,16.34,16.76333236694336,16.76,251.4,54709500,0.015758,0.0
TSLA,2015-05-29,20150529,16.73,16.86,16.63,16.719999313354492,16.72,250.8,56839500,-0.002387,0.0
TSLA,2015-06-01,20150601,16.76,16.77,16.5,16.6299991607666,16.63,249.45,37576500,-0.005383,0.0
TSLA,2015-06-02,20150602,16.59,16.63,16.42,16.55666732788086,16.56,248.4,32022000,-0.004209,0.0
TSLA,2015-06-03,20150603,16.55,16.71,16.47,16.599332809448242,16.6,249.0,26722500,0.002415,0.0
TSLA,2015-06-04,20150604,16.5,16.62,16.38,16.39466667175293,16.39,245.85,36804000,-0.012651,0.0
TSLA,2015-06-05,20150605,16.4,16.65,16.38,16.609333038330078,16.61,249.15,45330000,0.013423,0.0
TSLA,2015-06-08,20150608,16.72,17.25,16.69,17.086000442504883,17.09,256.35,75255000,0.028898,0.0
TSLA,2015-06-09,20150609,17.03,17.18,16.94,17.066667556762695,17.07,256.05,39166500,-0.00117,0.0
TSLA,2015-06-10,20150610,16.79,16.93,16.57,16.713333129882812,16.71,250.65,51817500,-0.02109,0.0
TSLA,2015-06-11,20150611,16.88,16.96,16.7,16.76066780090332,16.76,251.4,30661500,0.002992,0.0
TSLA,2015-06-12,20150612,16.68,16.9,16.68,16.71266746520996,16.71,250.65,21334500,-0.002983,0.0
TSLA,2015-06-15,20150615,16.65,16.75,16.4,16.691999435424805,16.69,250.35,32793000,-0.001197,0.0
TSLA,2015-06-16,20150616,16.68,16.9,16.61,16.874666213989258,16.87,253.05,29770500,0.010785,0.0
TSLA,2015-06-17,20150617,16.81,17.62,16.8,17.360666275024414,17.36,260.4,82693500,0.029046,0.0
TSLA,2015-06-18,20150618,17.47,17.56,17.33,17.459333419799805,17.46,261.9,41740500,0.00576,0.0
TSLA,2015-06-19,20150619,17.49,17.59,17.34,17.500667572021484,17.5,262.5,36945000,0.002291,0.0
TSLA,2015-06-22,20150622,17.48,17.63,17.05,17.319332122802734,17.32,259.8,68416500,-0.010286,0.0
TSLA,2015-06-23,20150623,17.35,17.87,17.24,17.844667434692383,17.84,267.6,58062000,0.030023,0.0
TSLA,2015-06-24,20150624,17.8,17.82,17.58,17.67799949645996,17.68,265.2,36184500,-0.008969,0.0
TSLA,2015-06-25,20150625,17.76,18.09,17.68,17.91933250427246,17.92,268.8,42738000,0.013575,0.0
TSLA,2015-06-26,20150626,17.93,17.94,17.73,17.805999755859375,17.81,267.15,57576000,-0.006138,0.0
TSLA,2015-06-29,20150629,17.46,17.73,17.38,17.468000411987305,17.47,262.05,52183500,-0.01909,0.0
TSLA,2015-06-30,20150630,17.65,18.06,17.6,17.884000778198242,17.88,268.2,46303500,0.023469,0.0
TSLA,2015-07-01,20150701,18.07,18.17,17.86,17.94333267211914,17.94,269.1,31518000,0.003356,0.0
TSLA,2015-07-02,20150702,18.68,18.83,18.22,18.667999267578125,18.67,280.05,107458500,0.040691,0.0
TSLA,2015-07-06,20150706,18.59,18.78,18.42,18.648000717163086,18.65,279.75,61828500,-0.001071,0.0
TSLA,2015-07-07,20150707,18.33,18.35,17.38,17.858667373657227,17.86,267.9,91576500,-0.042359,0.0
TSLA,2015-07-08,20150708,17.29,17.39,16.95,16.997333526611328,17.0,255.0,93316500,-0.048152,0.0
TSLA,2015-07-09,20150709,17.27,17.53,17.12,17.19466781616211,17.19,257.85,50011500,0.011176,0.0
TSLA,2015-07-10,20150710,17.48,17.53,17.19,17.27666664123535,17.28,259.2,39163500,0.005236,0.0
TSLA,2015-07-13,20150713,17.48,17.5,17.07,17.477333068847656,17.48,262.2,44404500,0.011574,0.0
TSLA,2015-07-14,20150714,17.47,17.73,17.37,17.709999084472656,17.71,265.65,28614000,0.013158,0.0
TSLA,2015-07-15,20150715,17.78,17.83,17.47,17.542667388916016,17.54,263.1,30324000,-0.009599,0.0
TSLA,2015-07-16,20150716,17.61,17.81,17.54,17.778667449951172,17.78,266.7,24240000,0.013683,0.0
TSLA,2015-07-17,20150717,18.17,18.37,17.88,18.310667037963867,18.31,274.65,75061500,0.029809,0.0
TSLA,2015-07-20,20150720,18.33,19.11,18.17,18.817333221435547,18.82,282.3,74677500,0.027854,0.0
TSLA,2015-07-21,20150721,18.0,18.23,17.77,17.784666061401367,17.78,266.7,91630500,-0.05526,0.0
TSLA,2015-07-22,20150722,17.42,17.96,17.39,17.857999801635742,17.86,267.9,46575000,0.004499,0.0
TSLA,2015-07-23,20150723,17.98,17.99,17.68,17.81333351135254,17.81,267.15,33408000,-0.0028,0.0
TSLA,2015-07-24,20150724,17.83,18.07,17.59,17.694000244140625,17.69,265.35,42547500,-0.006738,0.0
TSLA,2015-07-27,20150727,17.5,17.63,16.72,16.867332458496094,16.87,253.05,70413000,-0.046354,0.0
TSLA,2015-07-28,20150728,17.05,17.69,16.79,17.654666900634766,17.65,264.75,58437000,0.046236,0.0
TSLA,2015-07-29,20150729,17.62,17.86,17.47,17.58799934387207,17.59,263.85,41851500,-0.003399,0.0
TSLA,2015-07-30,20150730,17.51,17.8,17.47,17.785999298095703,17.79,266.85,30519000,0.01137,0.0
TSLA,2015-07-31,20150731,17.84,17.96,17.67,17.74333381652832,17.74,266.1,33339000,-0.002811,0.0
TSLA,2015-08-03,20150803,17.75,17.78,17.14,17.332666397094727,17.33,259.95,38302500,-0.023112,0.0
TSLA,2015-08-04,20150804,17.33,17.78,17.22,17.75200080871582,17.75,266.25,35287500,0.024235,0.0
TSLA,2015-08-05,20150805,17.57,18.07,17.36,18.0086669921875,18.01,270.15,93214500,0.014648,0.0
TSLA,2015-08-06,20150806,16.64,17.0,15.74,16.408666610717773,16.41,246.15,219357000,-0.08884,0.0
TSLA,2015-08-07,20150807,16.24,16.25,15.89,16.167333602905273,16.17,242.55,76101000,-0.014625,0.0
TSLA,2015-08-10,20150810,15.88,16.2,15.74,16.076000213623047,16.08,241.2,62788500,-0.005566,0.0
TSLA,2015-08-11,20150811,15.81,15.95,15.63,15.824666976928711,15.82,237.3,63973500,-0.016169,0.0
TSLA,2015-08-12,20150812,15.67,15.98,15.52,15.878000259399414,15.88,238.2,55920000,0.003793,0.0
TSLA,2015-08-13,20150813,15.99,16.43,15.94,16.167333602905273,16.17,242.55,70338000,0.018262,0.0
TSLA,2015-08-14,20150814,16.48,16.53,16.12,16.209999084472656,16.21,243.15,65472000,0.002474,0.0
TSLA,2015-08-17,20150817,17.04,17.11,16.7,16.999332427978516,17.0,255.0,107650500,0.048735,0.0
TSLA,2015-08-18,20150818,17.03,17.4,16.9,17.381332397460938,17.38,260.7,62925000,0.022353,0.0
TSLA,2015-08-19,20150819,17.36,17.38,17.0,17.016666412353516,17.02,255.3,54064500,-0.020713,0.0
TSLA,2015-08-20,20150820,16.8,16.97,16.13,16.14533233642578,16.15,242.25,73587000,-0.051116,0.0
TSLA,2015-08-21,20150821,15.73,16.25,15.37,15.38466739654541,15.38,230.7,98853000,-0.047678,0.0
TSLA,2015-08-24,20150824,13.52,15.43,13.0,14.591333389282227,14.59,218.85,143724000,-0.051365,0.0
TSLA,2015-08-25,20150825,15.37,15.39,14.61,14.66866683959961,14.67,220.05,64909500,0.005483,0.0
TSLA,2015-08-26,20150826,15.2,15.2,14.37,14.989333152770996,14.99,224.85,74445000,0.021813,0.0
TSLA,2015-08-27,20150827,15.4,16.32,15.39,16.19933319091797,16.2,243.0,114840000,0.08072,0.0
TSLA,2015-08-28,20150828,16.12,16.76,16.1,16.565332412719727,16.57,248.55,82705500,0.02284,0.0
TSLA,2015-08-31,20150831,16.37,17.0,16.37,16.604000091552734,16.6,249.0,70503000,0.001811,0.0
TSLA,2015-09-01,20150901,16.02,16.4,15.8,15.908666610717773,15.91,238.65,81822000,-0.041566,0.0
TSLA,2015-09-02,20150902,16.35,16.53,15.99,16.512666702270508,16.51,247.65,69438000,0.037712,0.0
TSLA,2015-09-03,20150903,16.8,16.81,16.33,16.3713321685791,16.37,245.55,62922000,-0.00848,0.0
TSLA,2015-09-04,20150904,16.06,16.27,15.88,16.1286678314209,16.13,241.95,55338000,-0.014661,0.0
TSLA,2015-09-08,20150908,16.34,16.61,16.27,16.544666290283203,16.54,248.1,47073000,0.025418,0.0
TSLA,2015-09-09,20150909,16.8,16.95,16.55,16.5939998626709,16.59,248.85,50862000,0.003023,0.0
TSLA,2015-09-10,20150910,16.48,16.71,16.36,16.565332412719727,16.57,248.55,40635000,-0.001206,0.0
TSLA,2015-09-11,20150911,16.51,16.68,16.32,16.682666778564453,16.68,250.2,35262000,0.006639,0.0
TSLA,2015-09-14,20150914,16.74,16.95,16.64,16.87933349609375,16.88,253.2,43363500,0.01199,0.0
TSLA,2015-09-15,20150915,16.85,16.97,16.63,16.904666900634766,16.9,253.5,44002500,0.001185,0.0
TSLA,2015-09-16,20150916,16.87,17.53,16.86,17.483333587646484,17.48,262.2,66256500,0.03432,0.0
TSLA,2015-09-17,20150917,17.6,17.7,17.38,17.471332550048828,17.47,262.05,53787000,-0.000572,0.0
TSLA,2015-09-18,20150918,17.2,17.59,17.17,17.374666213989258,17.37,260.55,56446500,-0.005724,0.0
TSLA,2015-09-21,20150921,17.6,18.1,17.05,17.613332748413086,17.61,264.15,91803000,0.013817,0.0
TSLA,2015-09-22,20150922,17.27,17.51,17.06,17.395999908447266,17.4,261.0,54966000,-0.011925,0.0
TSLA,2015-09-23,20150923,17.46,17.47,17.17,17.40399932861328,17.4,261.0,39012000,0.0,0.0
TSLA,2015-09-24,20150924,17.3,17.56,17.08,17.541332244873047,17.54,263.1,51723000,0.008046,0.0
TSLA,2015-09-25,20150925,17.77,17.79,17.08,17.12733268737793,17.13,256.95,56601000,-0.023375,0.0
TSLA,2015-09-28,20150928,17.16,17.32,16.44,16.562000274658203,16.56,248.4,73516500,-0.033275,0.0
TSLA,2015-09-29,20150929,16.7,16.98,16.36,16.44333267211914,16.44,246.6,55548000,-0.007246,0.0
TSLA,2015-09-30,20150930,16.8,16.83,16.16,16.559999465942383,16.56,248.4,73944000,0.007299,0.0
TSLA,2015-10-01,20151001,16.5,16.57,15.81,15.991999626159668,15.99,239.85,68595000,-0.03442,0.0
TSLA,2015-10-02,20151002,15.71,16.51,15.66,16.504667282104492,16.5,247.5,66360000,0.031895,0.0
TSLA,2015-10-05,20151005,16.59,16.66,16.28,16.40999984741211,16.41,246.15,55348500,-0.005455,0.0
TSLA,2015-10-06,20151006,16.0,16.2,15.71,16.097333908081055,16.1,241.5,78378000,-0.018891,0.0
TSLA,2015-10-07,20151007,15.78,15.85,15.27,15.46399974822998,15.46,231.9,102210000,-0.039752,0.0
TSLA,2015-10-08,20151008,15.34,15.38,14.75,15.114666938781738,15.11,226.65,91998000,-0.022639,0.0
TSLA,2015-10-09,20151009,14.73,14.96,14.56,14.712667465209961,14.71,220.65,92376000,-0.026473,0.0
TSLA,2015-10-12,20151012,14.87,14.87,14.35,14.371999740600586,14.37,215.55,57544500,-0.023114,0.0
TSLA,2015-10-13,20151013,14.22,14.83,14.08,14.616666793823242,14.62,219.3,77572500,0.017397,0.0
TSLA,2015-10-14,20151014,14.71,14.73,14.36,14.458666801452637,14.46,216.9,46566000,-0.010944,0.0
TSLA,2015-10-15,20151015,14.43,14.78,14.25,14.753999710083008,14.75,221.25,42663000,0.020055,0.0
TSLA,2015-10-16,20151016,14.87,15.37,14.86,15.133999824523926,15.13,226.95,65017500,0.025763,0.0
TSLA,2015-10-19,20151019,15.1,15.41,15.0,15.206666946411133,15.21,228.15,37618500,0.005288,0.0
TSLA,2015-10-20,20151020,15.18,15.24,13.47,14.20199966430664,14.2,213.0,223500000,-0.066404,0.0
TSLA,2015-10-21,20151021,14.13,14.32,13.92,14.005999565124512,14.01,210.15,62272500,-0.01338,0.0
TSLA,2015-10-22,20151022,14.1,14.38,13.96,14.114666938781738,14.11,211.65,42378000,0.007138,0.0
TSLA,2015-10-23,20151023,14.33,14.36,13.85,13.939332962036133,13.94,209.1,63532500,-0.012048,0.0
TSLA,2015-10-26,20151026,14.09,14.39,14.0,14.350666999816895,14.35,215.25,50871000,0.029412,0.0
TSLA,2015-10-27,20151027,14.32,14.47,13.83,14.023332595825195,14.02,210.3,52791000,-0.022997,0.0
TSLA,2015-10-28,20151028,14.09,14.23,13.89,14.197333335876465,14.2,213.0,40929000,0.012839,0.0
TSLA,2015-10-29,20151029,14.12,14.25,14.04,14.108667373657227,14.11,211.65,27075000,-0.006338,0.0
TSLA,2015-10-30,20151030,14.03,14.11,13.59,13.795332908630371,13.8,207.0,66583500,-0.02197,0.0
TSLA,2015-11-02,20151102,13.93,14.39,13.81,14.252667427062988,14.25,213.75,58918500,0.032609,0.0
TSLA,2015-11-03,20151103,14.26,14.3,13.85,13.890000343322754,13.89,208.35,124987500,-0.025263,0.0
TSLA,2015-11-04,20151104,15.13,15.52,15.01,15.442000389099121,15.44,231.6,190896000,0.111591,0.0
TSLA,2015-11-05,20151105,15.37,15.64,15.28,15.451333045959473,15.45,231.75,67452000,0.000648,0.0
TSLA,2015-11-06,20151106,15.38,15.56,15.3,15.490667343139648,15.49,232.35,36679500,0.002589,0.0
TSLA,2015-11-09,20151109,15.53,15.53,14.95,15.022000312805176,15.02,225.3,57763500,-0.030342,0.0
TSLA,2015-11-10,20151110,14.9,14.91,14.41,14.433333396911621,14.43,216.45,69255000,-0.039281,0.0
TSLA,2015-11-11,20151111,14.52,14.63,14.24,14.60533332824707,14.61,219.15,50217000,0.012474,0.0
TSLA,2015-11-12,20151112,14.52,14.6,14.18,14.196000099182129,14.2,213.0,43738500,-0.028063,0.0
TSLA,2015-11-13,20151113,14.2,14.2,13.77,13.812666893005371,13.81,207.15,51454500,-0.027465,0.0
TSLA,2015-11-16,20151116,13.74,14.33,13.72,14.287332534790039,14.29,214.35,43881000,0.034757,0.0
TSLA,2015-11-17,20151117,14.35,14.4,14.09,14.266667366027832,14.27,214.05,32230500,-0.0014,0.0
TSLA,2015-11-18,20151118,14.3,14.76,14.17,14.73799991607666,14.74,221.1,42178500,0.032936,0.0
TSLA,2015-11-19,20151119,14.7,15.08,14.69,14.786666870117188,14.79,221.85,37566000,0.003392,0.0
TSLA,2015-11-20,20151120,14.9,15.0,14.24,14.667332649230957,14.67,220.05,66010500,-0.008114,0.0
TSLA,2015-11-23,20151123,14.49,14.61,14.31,14.516667366027832,14.52,217.8,37893000,-0.010225,0.0
TSLA,2015-11-24,20151124,14.36,14.73,14.33,14.550000190734863,14.55,218.25,37204500,0.002066,0.0
TSLA,2015-11-25,20151125,14.76,15.39,14.69,15.309332847595215,15.31,229.65,59862000,0.052234,0.0
TSLA,2015-11-27,20151127,15.4,15.48,15.13,15.440667152404785,15.44,231.6,29241000,0.008491,0.0
TSLA,2015-11-30,20151130,15.45,15.62,15.27,15.350666999816895,15.35,230.25,39897000,-0.005829,0.0
TSLA,2015-12-01,20151201,15.4,15.87,15.4,15.812666893005371,15.81,237.15,56010000,0.029967,0.0
TSLA,2015-12-02,20151202,15.8,15.91,15.42,15.465999603271484,15.47,232.05,44722500,-0.021505,0.0
TSLA,2015-12-03,20151203,15.7,15.83,15.33,15.513999938964844,15.51,232.65,44094000,0.002586,0.0
TSLA,2015-12-04,20151204,15.5,15.55,15.18,15.358667373657227,15.36,230.4,38604000,-0.009671,0.0
TSLA,2015-12-07,20151207,15.18,15.71,15.08,15.408666610717773,15.41,231.15,47163000,0.003255,0.0
TSLA,2015-12-08,20151208,15.17,15.25,14.95,15.114666938781738,15.11,226.65,40314000,-0.019468,0.0
TSLA,2015-12-09,20151209,15.11,15.17,14.71,14.968000411987305,14.97,224.55,45867000,-0.009265,0.0
TSLA,2015-12-10,20151210,14.98,15.23,14.91,15.137999534606934,15.14,227.1,31075500,0.011356,0.0
TSLA,2015-12-11,20151211,15.02,15.05,14.44,14.468000411987305,14.47,217.05,49030500,-0.044254,0.0
TSLA,2015-12-14,20151214,14.5,14.73,14.32,14.571999549865723,14.57,218.55,42406500,0.006911,0.0
TSLA,2015-12-15,20151215,14.79,14.81,14.53,14.739333152770996,14.74,221.1,33666000,0.011668,0.0
TSLA,2015-12-16,20151216,14.81,15.66,14.72,15.633999824523926,15.63,234.45,76564500,0.06038,0.0
TSLA,2015-12-17,20151217,15.6,15.85,15.32,15.559332847595215,15.56,233.4,49479000,-0.004479,0.0
TSLA,2015-12-18,20151218,15.53,15.73,15.29,15.36400032043457,15.36,230.4,45213000,-0.012853,0.0
TSLA,2015-12-21,20151221,15.45,15.72,15.41,15.503999710083008,15.5,232.5,29298000,0.009115,0.0
TSLA,2015-12-22,20151222,15.67,15.77,15.31,15.329999923706055,15.33,229.95,29422500,-0.010968,0.0
TSLA,2015-12-23,20151223,15.48,15.56,15.21,15.313332557678223,15.31,229.65,23325000,-0.001305,0.0
TSLA,2015-12-24,20151224,15.37,15.46,15.22,15.371333122253418,15.37,230.55,10620000,0.003919,0.0
TSLA,2015-12-28,20151228,15.43,15.47,15.04,15.263333320617676,15.26,228.9,28519500,-0.007157,0.0
TSLA,2015-12-29,20151229,15.34,15.85,15.3,15.812666893005371,15.81,237.15,36094500,0.036042,0.0
TSLA,2015-12-30,20151230,15.77,16.24,15.71,15.87266731262207,15.87,238.05,55468500,0.003795,0.0
TSLA,2015-12-31,20151231,15.9,16.23,15.89,16.000667572021484,16.0,240.0,40725000,0.008192,0.0
TSLA,2016-01-04,20160104,15.38,15.43,14.6,14.894000053405762,14.89,223.35,102406500,-0.069375,0.0
TSLA,2016-01-05,20160105,15.09,15.13,14.67,14.895333290100098,14.9,223.5,47802000,0.000672,0.0
TSLA,2016-01-06,20160106,14.67,14.67,14.4,14.602666854858398,14.6,219.0,56686500,-0.020134,0.0
TSLA,2016-01-07,20160107,14.28,14.56,14.24,14.376667022705078,14.38,215.7,53314500,-0.015068,0.0
TSLA,2016-01-08,20160108,14.52,14.7,14.05,14.066666603088379,14.07,211.05,54421500,-0.021558,0.0
TSLA,2016-01-11,20160111,14.27,14.3,13.53,13.856666564941406,13.86,207.9,61371000,-0.014925,0.0
TSLA,2016-01-12,20160112,14.11,14.25,13.69,13.998000144958496,14.0,210.0,46378500,0.010101,0.0
TSLA,2016-01-13,20160113,14.13,14.18,13.33,13.354000091552734,13.35,200.25,61896000,-0.046429,0.0
TSLA,2016-01-14,20160114,13.48,14.0,12.89,13.745332717895508,13.75,206.25,97360500,0.029963,0.0
TSLA,2016-01-15,20160115,13.26,13.67,13.15,13.666000366210938,13.67,205.05,83679000,-0.005818,0.0
TSLA,2016-01-19,20160119,13.91,14.03,13.39,13.64799976348877,13.65,204.75,60580500,-0.001463,0.0
TSLA,2016-01-20,20160120,13.29,13.42,12.75,13.24666690826416,13.25,198.75,87579000,-0.029304,0.0
TSLA,2016-01-21,20160121,13.44,13.55,13.0,13.33133316040039,13.33,199.95,47493000,0.006038,0.0
TSLA,2016-01-22,20160122,13.65,13.7,13.27,13.50333309173584,13.5,202.5,46861500,0.012753,0.0
TSLA,2016-01-25,20160125,13.34,13.57,13.06,13.092000007629395,13.09,196.35,40480500,-0.03037,0.0
TSLA,2016-01-26,20160126,13.11,13.19,12.59,12.904000282287598,12.9,193.5,74463000,-0.014515,0.0
TSLA,2016-01-27,20160127,12.83,12.88,12.38,12.538000106811523,12.54,188.1,54258000,-0.027907,0.0
TSLA,2016-01-28,20160128,12.72,12.75,12.16,12.646666526794434,12.65,189.75,68892000,0.008772,0.0
TSLA,2016-01-29,20160129,12.66,12.92,12.54,12.74666690826416,12.75,191.25,42784500,0.007905,0.0
TSLA,2016-02-01,20160201,12.58,13.3,12.18,13.129332542419434,13.13,196.95,79464000,0.029804,0.0
TSLA,2016-02-02,20160202,12.83,12.87,12.02,12.185333251953125,12.19,182.85,86604000,-0.071592,0.0
TSLA,2016-02-03,20160203,12.24,12.26,11.35,11.565333366394043,11.57,173.55,118971000,-0.050861,0.0
TSLA,2016-02-04,20160204,11.38,11.73,11.13,11.688667297363281,11.69,175.35,65781000,0.010372,0.0
TSLA,2016-02-05,20160205,11.42,11.53,10.52,10.84000015258789,10.84,162.6,141564000,-0.072712,0.0
TSLA,2016-02-08,20160208,10.47,10.48,9.73,9.866000175476074,9.87,148.05,139695000,-0.089483,0.0
TSLA,2016-02-09,20160209,9.49,10.65,9.4,9.883333206176758,9.88,148.2,129774000,0.001013,0.0
TSLA,2016-02-10,20160210,10.03,10.33,9.45,9.57800006866455,9.58,143.7,156097500,-0.030364,0.0
TSLA,2016-02-11,20160211,10.13,10.88,9.8,10.031332969665527,10.03,150.45,213786000,0.046973,0.0
TSLA,2016-02-12,20160212,10.33,10.47,9.58,10.06933307647705,10.07,151.05,108537000,0.003988,0.0
TSLA,2016-02-16,20160216,10.58,10.86,10.27,10.344667434692383,10.34,155.1,83907000,0.026812,0.0
TSLA,2016-02-17,20160217,10.6,11.29,10.45,11.245332717895508,11.25,168.75,87378000,0.088008,0.0
TSLA,2016-02-18,20160218,11.49,11.53,10.98,11.118000030517578,11.12,166.8,58314000,-0.011556,0.0
TSLA,2016-02-19,20160219,10.91,11.17,10.83,11.10533332824707,11.11,166.65,44391000,-0.000899,0.0
TSLA,2016-02-22,20160222,11.34,11.93,11.32,11.849332809448242,11.85,177.75,75901500,0.066607,0.0
TSLA,2016-02-23,20160223,11.74,12.12,11.58,11.814000129699707,11.81,177.15,89766000,-0.003376,0.0
TSLA,2016-02-24,20160224,11.52,11.97,11.19,11.933333396911621,11.93,178.95,80934000,0.010161,0.0
TSLA,2016-02-25,20160225,11.91,12.57,11.68,12.495332717895508,12.5,187.5,86260500,0.047779,0.0
TSLA,2016-02-26,20160226,12.58,12.8,12.33,12.689332962036133,12.69,190.35,90976500,0.0152,0.0
TSLA,2016-02-29,20160229,12.83,13.09,12.61,12.795332908630371,12.8,192.0,67485000,0.008668,0.0
TSLA,2016-03-01,20160301,12.95,13.06,12.18,12.423333168029785,12.42,186.3,100683000,-0.029688,0.0
TSLA,2016-03-02,20160302,12.25,12.57,12.1,12.555999755859375,12.56,188.4,72936000,0.011272,0.0
TSLA,2016-03-03,20160303,12.55,13.16,12.28,13.049332618713379,13.05,195.75,72435000,0.039013,0.0
TSLA,2016-03-04,20160304,13.2,13.6,13.17,13.402667045593262,13.4,201.0,97336500,0.02682,0.0
TSLA,2016-03-07,20160307,13.18,13.98,13.16,13.685999870300293,13.69,205.35,79941000,0.021642,0.0
TSLA,2016-03-08,20160308,13.57,13.83,13.48,13.506667137145996,13.51,202.65,62680500,-0.013148,0.0
TSLA,2016-03-09,20160309,13.63,13.96,13.52,13.914667129516602,13.91,208.65,48129000,0.029608,0.0
TSLA,2016-03-10,20160310,14.0,14.22,13.38,13.678667068481445,13.68,205.2,77887500,-0.016535,0.0
TSLA,2016-03-11,20160311,13.86,13.96,13.69,13.833333015441895,13.83,207.45,50146500,0.010965,0.0
TSLA,2016-03-14,20160314,14.18,14.45,14.04,14.34333324432373,14.34,215.1,60985500,0.036876,0.0
TSLA,2016-03-15,20160315,14.28,14.6,14.1,14.555999755859375,14.56,218.4,47707500,0.015342,0.0
TSLA,2016-03-16,20160316,14.53,14.84,14.47,14.795332908630371,14.8,222.0,52750500,0.016484,0.0
TSLA,2016-03-17,20160317,14.76,15.23,14.67,15.092000007629395,15.09,226.35,56743500,0.019595,0.0
TSLA,2016-03-18,20160318,15.27,15.63,15.2,15.515999794006348,15.52,232.8,70677000,0.028496,0.0
TSLA,2016-03-21,20160321,15.69,15.99,15.67,15.887999534606934,15.89,238.35,79617000,0.02384,0.0
TSLA,2016-03-22,20160322,15.81,15.93,15.5,15.616000175476074,15.62,234.3,64740000,-0.016992,0.0
TSLA,2016-03-23,20160323,15.49,15.65,14.8,14.838666915893555,14.84,222.6,74232000,-0.049936,0.0
TSLA,2016-03-24,20160324,14.39,15.26,14.33,15.183333396911621,15.18,227.7,74413500,0.022911,0.0
TSLA,2016-03-28,20160328,15.44,15.65,15.0,15.350666999816895,15.35,230.25,58885500,0.011199,0.0
TSLA,2016-03-29,20160329,15.33,15.49,15.02,15.342000007629395,15.34,230.1,60214500,-0.000651,0.0
TSLA,2016-03-30,20160330,15.67,15.7,15.1,15.12600040435791,15.13,226.95,60495000,-0.01369,0.0
TSLA,2016-03-31,20160331,15.29,15.83,15.0,15.317999839782715,15.32,229.8,120193500,0.012558,0.0
TSLA,2016-04-01,20160401,16.32,16.53,15.55,15.839332580566406,15.84,237.6,239962500,0.033943,0.0
TSLA,2016-04-04,20160404,16.61,16.81,16.24,16.465999603271484,16.47,247.05,202129500,0.039773,0.0
TSLA,2016-04-05,20160405,16.03,17.1,16.0,17.031333923339844,17.03,255.45,149230500,0.034001,0.0
TSLA,2016-04-06,20160406,16.93,17.85,16.9,17.69466781616211,17.69,265.35,175582500,0.038755,0.0
TSLA,2016-04-07,20160407,17.76,17.96,16.97,17.14666748046875,17.15,257.25,132843000,-0.030526,0.0
TSLA,2016-04-08,20160408,17.37,17.39,16.53,16.67133331298828,16.67,250.05,110458500,-0.027988,0.0
TSLA,2016-04-11,20160411,16.73,17.27,16.35,16.661333084106445,16.66,249.9,137425500,-0.0006,0.0
TSLA,2016-04-12,20160412,16.63,16.79,16.24,16.521333694458008,16.52,247.8,86448000,-0.008403,0.0
TSLA,2016-04-13,20160413,16.57,17.03,16.49,16.968666076660156,16.97,254.55,73884000,0.02724,0.0
TSLA,2016-04-14,20160414,16.87,17.12,16.74,16.790666580200195,16.79,251.85,61983000,-0.010607,0.0
TSLA,2016-04-15,20160415,16.75,16.97,16.61,16.96733283996582,16.97,254.55,56286000,0.010721,0.0
TSLA,2016-04-18,20160418,16.82,17.22,16.78,16.92533302307129,16.93,253.95,64071000,-0.002357,0.0
TSLA,2016-04-19,20160419,16.87,16.96,16.08,16.4913330078125,16.49,247.35,95362500,-0.025989,0.0
TSLA,2016-04-20,20160420,16.42,16.91,16.1,16.6646671295166,16.66,249.9,77911500,0.010309,0.0
TSLA,2016-04-21,20160421,16.6,16.73,16.46,16.55266761779785,16.55,248.25,41746500,-0.006603,0.0
TSLA,2016-04-22,20160422,16.59,16.93,16.38,16.916667938232422,16.92,253.8,56794500,0.022356,0.0
TSLA,2016-04-25,20160425,16.87,17.16,16.72,16.788000106811523,16.79,251.85,55054500,-0.007683,0.0
TSLA,2016-04-26,20160426,16.8,17.05,16.63,16.916000366210938,16.92,253.8,48357000,0.007743,0.0
TSLA,2016-04-27,20160427,16.85,17.0,16.63,16.764667510986328,16.76,251.4,48087000,-0.009456,0.0
TSLA,2016-04-28,20160428,16.66,16.9,16.5,16.513999938964844,16.51,247.65,37785000,-0.014916,0.0
TSLA,2016-04-29,20160429,16.54,16.56,15.85,16.05066680908203,16.05,240.75,81207000,-0.027862,0.0
TSLA,2016-05-02,20160502,16.1,16.21,15.65,16.1200008392334,16.12,241.8,57658500,0.004361,0.0
TSLA,2016-05-03,20160503,15.82,15.93,15.44,15.48799991607666,15.49,232.35,64533000,-0.039082,0.0
TSLA,2016-05-04,20160504,15.35,15.63,14.69,14.837332725524902,14.84,222.6,130507500,-0.041963,0.0
TSLA,2016-05-05,20160505,15.23,15.24,13.99,14.10200023651123,14.1,211.5,168822000,-0.049865,0.0
TSLA,2016-05-06,20160506,14.06,14.42,13.87,14.328666687011719,14.33,214.95,85278000,0.016312,0.0
TSLA,2016-05-09,20160509,14.38,14.41,13.79,13.928000450134277,13.93,208.95,71646000,-0.027913,0.0
TSLA,2016-05-10,20160510,13.84,13.96,13.67,13.912667274475098,13.91,208.65,61059000,-0.001436,0.0
TSLA,2016-05-11,20160511,13.84,14.37,13.74,13.93066692352295,13.93,208.95,77428500,0.001438,0.0
TSLA,2016-05-12,20160512,14.1,14.11,13.58,13.8186674118042,13.82,207.3,54757500,-0.007897,0.0
TSLA,2016-05-13,20160513,13.85,14.08,13.78,13.840666770935059,13.84,207.6,42342000,0.001447,0.0
TSLA,2016-05-16,20160516,13.88,14.21,13.86,13.88599967956543,13.89,208.35,44241000,0.003613,0.0
TSLA,2016-05-17,20160517,13.94,13.99,13.6,13.644000053405762,13.64,204.6,42654000,-0.017999,0.0
TSLA,2016-05-18,20160518,13.94,14.35,13.85,14.07800006866455,14.08,211.2,84262500,0.032258,0.0
TSLA,2016-05-19,20160519,14.24,14.45,13.82,14.347332954406738,14.35,215.25,102994500,0.019176,0.0
TSLA,2016-05-20,20160520,14.47,14.7,14.42,14.685333251953125,14.69,220.35,135106500,0.023693,0.0
TSLA,2016-05-23,20160523,14.66,14.84,14.39,14.414667129516602,14.41,216.15,76537500,-0.019061,0.0
TSLA,2016-05-24,20160524,14.44,14.58,14.35,14.52733325958252,14.53,217.95,45207000,0.008328,0.0
TSLA,2016-05-25,20160525,14.53,14.76,14.43,14.638667106628418,14.64,219.6,46902000,0.007571,0.0
TSLA,2016-05-26,20160526,14.7,15.02,14.6,15.008000373840332,15.01,225.15,61086000,0.025273,0.0
TSLA,2016-05-27,20160527,15.0,15.06,14.72,14.869333267211914,14.87,223.05,54754500,-0.009327,0.0
TSLA,2016-05-31,20160531,14.87,14.98,14.77,14.881999969482422,14.88,223.2,41835000,0.000672,0.0
TSLA,2016-06-01,20160601,14.77,14.83,14.46,14.637332916259766,14.64,219.6,44740500,-0.016129,0.0
TSLA,2016-06-02,20160602,14.64,14.66,14.47,14.597332954406738,14.6,219.0,30492000,-0.002732,0.0
TSLA,2016-06-03,20160603,14.67,14.8,14.53,14.599332809448242,14.6,219.0,33435000,0.0,0.0
TSLA,2016-06-06,20160606,14.53,14.73,14.36,14.711999893188477,14.71,220.65,33742500,0.007534,0.0
TSLA,2016-06-07,20160607,14.82,15.63,14.77,15.489333152770996,15.49,232.35,93204000,0.053025,0.0
TSLA,2016-06-08,20160608,15.59,16.06,15.51,15.701333045959473,15.7,235.5,89580000,0.013557,0.0
TSLA,2016-06-09,20160609,15.67,15.69,15.14,15.290666580200195,15.29,229.35,67381500,-0.026115,0.0
TSLA,2016-06-10,20160610,15.16,15.2,14.56,14.586000442504883,14.59,218.85,90399000,-0.045782,0.0
TSLA,2016-06-13,20160613,14.63,15.05,14.51,14.524666786193848,14.52,217.8,62895000,-0.004798,0.0
TSLA,2016-06-14,20160614,14.59,14.81,14.17,14.330666542053223,14.33,214.95,53703000,-0.013085,0.0
TSLA,2016-06-15,20160615,14.46,14.79,14.34,14.513333320617676,14.51,217.65,43627500,0.012561,0.0
TSLA,2016-06-16,20160616,14.49,14.54,14.23,14.528667449951172,14.53,217.95,36604500,0.001378,0.0
TSLA,2016-06-17,20160617,14.52,14.67,14.3,14.364666938781738,14.36,215.4,46689000,-0.0117,0.0
TSLA,2016-06-20,20160620,14.63,14.92,14.55,14.646666526794434,14.65,219.75,53332500,0.020195,0.0
TSLA,2016-06-21,20160621,14.71,14.84,14.59,14.640666961669922,14.64,219.6,67935000,-0.000683,0.0
TSLA,2016-06-22,20160622,13.3,13.73,13.05,13.11066722869873,13.11,196.65,356136000,-0.104508,0.0
TSLA,2016-06-23,20160623,13.05,13.17,12.81,13.09333324432373,13.09,196.35,151960500,-0.001526,0.0
TSLA,2016-06-24,20160624,12.67,13.01,12.65,12.876667022705078,12.88,193.2,105397500,-0.016043,0.0
TSLA,2016-06-27,20160627,12.72,13.25,12.52,13.236666679382324,13.24,198.6,108081000,0.02795,0.0
TSLA,2016-06-28,20160628,13.46,13.6,13.29,13.452667236328125,13.45,201.75,93186000,0.015861,0.0
TSLA,2016-06-29,20160629,13.68,14.12,13.53,14.012666702270508,14.01,210.15,89923500,0.041636,0.0
TSLA,2016-06-30,20160630,14.2,14.23,13.93,14.152000427246094,14.15,212.25,72646500,0.009993,0.0
TSLA,2016-07-01,20160701,13.74,14.55,13.73,14.433333396911621,14.43,216.45,81000000,0.019788,0.0
TSLA,2016-07-05,20160705,13.98,14.3,13.87,14.26533317565918,14.27,214.05,77629500,-0.011088,0.0
TSLA,2016-07-06,20160706,14.0,14.35,13.93,14.295999526977539,14.3,214.5,73798500,0.002102,0.0
TSLA,2016-07-07,20160707,14.21,14.54,14.2,14.395999908447266,14.4,216.0,54180000,0.006993,0.0
TSLA,2016-07-08,20160708,14.52,14.65,14.3,14.45199966430664,14.45,216.75,61122000,0.003472,0.0
TSLA,2016-07-11,20160711,14.66,15.12,14.63,14.985333442687988,14.99,224.85,81447000,0.03737,0.0
TSLA,2016-07-12,20160712,14.94,15.17,14.88,14.976667404174805,14.98,224.7,68569500,-0.000667,0.0
TSLA,2016-07-13,20160713,15.03,15.04,14.69,14.835332870483398,14.84,222.6,53506500,-0.009346,0.0
TSLA,2016-07-14,20160714,14.87,15.0,14.74,14.768667221069336,14.77,221.55,40137000,-0.004717,0.0
TSLA,2016-07-15,20160715,14.83,14.85,14.64,14.69333267211914,14.69,220.35,33513000,-0.005416,0.0
TSLA,2016-07-18,20160718,14.64,15.14,14.55,15.083333015441895,15.08,226.2,51181500,0.026549,0.0
TSLA,2016-07-19,20160719,15.0,15.27,14.98,15.017333030700684,15.02,225.3,46726500,-0.003979,0.0
TSLA,2016-07-20,20160720,15.1,15.32,15.0,15.223999977111816,15.22,228.3,38527500,0.013316,0.0
TSLA,2016-07-21,20160721,15.07,15.19,14.61,14.699999809265137,14.7,220.5,66430500,-0.034166,0.0
TSLA,2016-07-22,20160722,14.8,14.97,14.59,14.817999839782715,14.82,222.3,38695500,0.008163,0.0
TSLA,2016-07-25,20160725,14.82,15.43,14.76,15.333999633789062,15.33,229.95,67360500,0.034413,0.0
TSLA,2016-07-26,20160726,15.18,15.33,15.02,15.300666809082031,15.3,229.5,51450000,-0.001957,0.0
TSLA,2016-07-27,20160727,15.29,15.56,15.13,15.232666969299316,15.23,228.45,43335000,-0.004575,0.0
TSLA,2016-07-28,20160728,15.2,15.38,15.11,15.37399959564209,15.37,230.55,36286500,0.009192,0.0
TSLA,2016-07-29,20160729,15.38,15.69,15.35,15.652667045593262,15.65,234.75,46062000,0.018217,0.0
TSLA,2016-08-01,20160801,15.7,15.78,15.29,15.333999633789062,15.33,229.95,60244500,-0.020447,0.0
TSLA,2016-08-02,20160802,15.29,15.32,14.76,15.146666526794434,15.15,227.25,59016000,-0.011742,0.0
TSLA,2016-08-03,20160803,15.16,15.31,14.95,15.052666664123535,15.05,225.75,58317000,-0.006601,0.0
TSLA,2016-08-04,20160804,15.05,15.39,14.8,15.37399959564209,15.37,230.55,62205000,0.021262,0.0
TSLA,2016-08-05,20160805,15.33,15.47,15.16,15.335332870483398,15.34,230.1,48078000,-0.001952,0.0
TSLA,2016-08-08,20160808,15.2,15.31,15.07,15.077333450317383,15.08,226.2,33954000,-0.016949,0.0
TSLA,2016-08-09,20160809,15.12,15.44,15.11,15.272000312805176,15.27,229.05,33117000,0.012599,0.0
TSLA,2016-08-10,20160810,15.22,15.32,14.97,15.043333053588867,15.04,225.6,35074500,-0.015062,0.0
TSLA,2016-08-11,20160811,15.08,15.17,14.89,14.994000434875488,14.99,224.85,28213500,-0.003324,0.0
TSLA,2016-08-12,20160812,15.03,15.11,14.94,15.040666580200195,15.04,225.6,27202500,0.003336,0.0
TSLA,2016-08-15,20160815,15.07,15.3,15.0,15.03933334350586,15.04,225.6,30514500,0.0,0.0
TSLA,2016-08-16,20160816,15.03,15.15,14.89,14.907333374023438,14.91,223.65,34006500,-0.008644,0.0
TSLA,2016-08-17,20160817,14.96,14.99,14.85,14.88266658782959,14.88,223.2,26806500,-0.002012,0.0
TSLA,2016-08-18,20160818,14.92,15.04,14.82,14.900667190551758,14.9,223.5,25717500,0.001344,0.0
TSLA,2016-08-19,20160819,14.9,15.01,14.84,15.0,15.0,225.0,24892500,0.006711,0.0
TSLA,2016-08-22,20160822,14.94,15.01,14.85,14.862000465393066,14.86,222.9,30982500,-0.009333,0.0
TSLA,2016-08-23,20160823,14.95,15.23,14.85,14.989333152770996,14.99,224.85,71766000,0.008748,0.0
TSLA,2016-08-24,20160824,15.14,15.14,14.81,14.841333389282227,14.84,222.6,38560500,-0.010007,0.0
TSLA,2016-08-25,20160825,14.87,14.92,14.72,14.730667114257812,14.73,220.95,26437500,-0.007412,0.0
TSLA,2016-08-26,20160826,14.81,14.86,14.59,14.666000366210938,14.67,220.05,33585000,-0.004073,0.0
TSLA,2016-08-29,20160829,14.68,14.69,14.33,14.346667289733887,14.35,215.25,48994500,-0.021813,0.0
TSLA,2016-08-30,20160830,14.41,14.41,14.03,14.089332580566406,14.09,211.35,47533500,-0.018118,0.0
TSLA,2016-08-31,20160831,14.03,14.17,13.91,14.133999824523926,14.13,211.95,49147500,0.002839,0.0
TSLA,2016-09-01,20160901,13.93,14.07,13.37,13.38466739654541,13.38,200.7,119146500,-0.053079,0.0
TSLA,2016-09-02,20160902,13.49,13.55,13.08,13.185333251953125,13.19,197.85,89661000,-0.0142,0.0
TSLA,2016-09-06,20160906,13.27,13.55,13.27,13.522000312805176,13.52,202.8,65859000,0.025019,0.0
TSLA,2016-09-07,20160907,13.7,13.77,13.38,13.447333335876465,13.45,201.75,54613500,-0.005178,0.0
TSLA,2016-09-08,20160908,13.3,13.33,13.09,13.157333374023438,13.16,197.4,50668500,-0.021561,0.0
TSLA,2016-09-09,20160909,13.27,13.33,12.91,12.964667320251465,12.96,194.4,56355000,-0.015198,0.0
TSLA,2016-09-12,20160912,13.0,13.42,12.94,13.220000267028809,13.22,198.3,55728000,0.020062,0.0
TSLA,2016-09-13,20160913,13.14,13.23,12.9,13.069999694824219,13.07,196.05,53841000,-0.011346,0.0
TSLA,2016-09-14,20160914,13.05,13.19,12.99,13.093999862670898,13.09,196.35,33817500,0.00153,0.0
TSLA,2016-09-15,20160915,13.1,13.5,13.09,13.361332893371582,13.36,200.4,46158000,0.020626,0.0
TSLA,2016-09-16,20160916,13.36,13.71,13.27,13.69333267211914,13.69,205.35,46617000,0.024701,0.0
TSLA,2016-09-19,20160919,13.8,13.96,13.67,13.755999565124512,13.76,206.4,34492500,0.005113,0.0
TSLA,2016-09-20,20160920,13.79,13.85,13.59,13.642666816711426,13.64,204.6,36157500,-0.008721,0.0
TSLA,2016-09-21,20160921,13.76,13.8,13.44,13.6813325881958,13.68,205.2,39502500,0.002933,0.0
TSLA,2016-09-22,20160922,13.76,13.82,13.53,13.76200008392334,13.76,206.4,35743500,0.005848,0.0
TSLA,2016-09-23,20160923,13.73,14.01,13.71,13.829999923706055,13.83,207.45,43578000,0.005087,0.0
TSLA,2016-09-26,20160926,13.77,14.07,13.77,13.932666778564453,13.93,208.95,35916000,0.007231,0.0
TSLA,2016-09-27,20160927,13.98,14.0,13.64,13.720666885375977,13.72,205.8,50598000,-0.015075,0.0
TSLA,2016-09-28,20160928,13.83,13.88,13.68,13.751333236694336,13.75,206.25,31326000,0.002187,0.0
TSLA,2016-09-29,20160929,13.71,13.82,13.37,13.380000114440918,13.38,200.7,40905000,-0.026909,0.0
TSLA,2016-09-30,20160930,13.48,13.67,13.3,13.60200023651123,13.6,204.0,38794500,0.016442,0.0
TSLA,2016-10-03,20161003,14.15,14.38,13.88,14.24666690826416,14.25,213.75,89998500,0.047794,0.0
TSLA,2016-10-04,20161004,14.21,14.22,13.92,14.093999862670898,14.09,211.35,53122500,-0.011228,0.0
TSLA,2016-10-05,20161005,14.15,14.21,13.87,13.897333145141602,13.9,208.5,28162500,-0.013485,0.0
TSLA,2016-10-06,20161006,13.5,13.61,13.35,13.399999618530273,13.4,201.0,70551000,-0.035971,0.0
TSLA,2016-10-07,20161007,13.4,13.42,13.05,13.107333183288574,13.11,196.65,52395000,-0.021642,0.0
TSLA,2016-10-10,20161010,13.42,13.61,13.31,13.396666526794434,13.4,201.0,49744500,0.022121,0.0
TSLA,2016-10-11,20161011,13.46,13.48,13.22,13.34000015258789,13.34,200.1,34926000,-0.004478,0.0
TSLA,2016-10-12,20161012,13.4,13.59,13.36,13.434000015258789,13.43,201.45,29560500,0.006747,0.0
TSLA,2016-10-13,20161013,13.37,13.39,13.14,13.349332809448242,13.35,200.25,37419000,-0.005957,0.0
TSLA,2016-10-14,20161014,13.38,13.43,13.09,13.100666999816895,13.1,196.5,64048500,-0.018727,0.0
TSLA,2016-10-17,20161017,13.14,13.23,12.8,12.93066692352295,12.93,193.95,68311500,-0.012977,0.0
TSLA,2016-10-18,20161018,13.07,13.3,12.88,13.273332595825195,13.27,199.05,85207500,0.026295,0.0
TSLA,2016-10-19,20161019,13.32,13.78,13.2,13.570667266845703,13.57,203.55,104868000,0.022607,0.0
TSLA,2016-10-20,20161020,13.47,13.53,13.14,13.273332595825195,13.27,199.05,76093500,-0.022108,0.0
TSLA,2016-10-21,20161021,13.24,13.44,13.16,13.339332580566406,13.34,200.1,44151000,0.005275,0.0
TSLA,2016-10-24,20161024,13.4,13.6,13.35,13.517333030700684,13.52,202.8,41274000,0.013493,0.0
TSLA,2016-10-25,20161025,13.53,13.65,13.41,13.489333152770996,13.49,202.35,36675000,-0.002219,0.0
TSLA,2016-10-26,20161026,13.4,13.55,13.34,13.482666969299316,13.48,202.2,84492000,-0.000741,0.0
TSLA,2016-10-27,20161027,14.09,14.25,13.44,13.600666999816895,13.6,204.0,196405500,0.008902,0.0
TSLA,2016-10-28,20161028,13.6,13.69,13.32,13.33133316040039,13.33,199.95,64201500,-0.019853,0.0
TSLA,2016-10-31,20161031,13.5,13.5,13.05,13.182000160217285,13.18,197.7,70384500,-0.011253,0.0
TSLA,2016-11-01,20161101,13.2,13.23,12.54,12.719332695007324,12.72,190.8,105900000,-0.034901,0.0
TSLA,2016-11-02,20161102,12.67,12.85,12.5,12.534667015075684,12.53,187.95,63801000,-0.014937,0.0
TSLA,2016-11-03,20161103,12.6,12.76,12.47,12.494667053222656,12.49,187.35,39795000,-0.003192,0.0
TSLA,2016-11-04,20161104,12.6,12.9,12.4,12.704000473022461,12.7,190.5,77190000,0.016813,0.0
TSLA,2016-11-07,20161107,12.91,12.95,12.67,12.880666732788086,12.88,193.2,58051500,0.014173,0.0
TSLA,2016-11-08,20161108,12.92,13.17,12.75,12.996000289916992,13.0,195.0,49014000,0.009317,0.0
TSLA,2016-11-09,20161109,12.46,12.8,12.26,12.670666694641113,12.67,190.05,122596500,-0.025385,0.0
TSLA,2016-11-10,20161110,12.74,12.77,12.03,12.356666564941406,12.36,185.4,101254500,-0.024467,0.0
TSLA,2016-11-11,20161111,12.28,12.59,12.2,12.570667266845703,12.57,188.55,59827500,0.01699,0.0
TSLA,2016-11-14,20161114,12.53,12.55,11.88,12.096667289733887,12.1,181.5,98283000,-0.037391,0.0
TSLA,2016-11-15,20161115,12.19,12.43,12.14,12.251333236694336,12.25,183.75,58530000,0.012397,0.0
TSLA,2016-11-16,20161116,12.18,12.32,12.08,12.26200008392334,12.26,183.9,51516000,0.000816,0.0
TSLA,2016-11-17,20161117,12.23,12.63,12.14,12.577333450317383,12.58,188.7,73306500,0.026101,0.0
TSLA,2016-11-18,20161118,12.71,12.87,12.33,12.334667205810547,12.33,184.95,78154500,-0.019873,0.0
TSLA,2016-11-21,20161121,12.34,12.59,12.29,12.3013334274292,12.3,184.5,65415000,-0.002433,0.0
TSLA,2016-11-22,20161122,12.39,12.76,12.25,12.744667053222656,12.74,191.1,84051000,0.035772,0.0
TSLA,2016-11-23,20161123,12.71,13.04,12.6,12.87600040435791,12.88,193.2,73378500,0.010989,0.0
TSLA,2016-11-25,20161125,12.91,13.15,12.91,13.109999656677246,13.11,196.65,35491500,0.017857,0.0
TSLA,2016-11-28,20161128,13.03,13.29,12.97,13.074666976928711,13.07,196.05,67938000,-0.003051,0.0
TSLA,2016-11-29,20161129,13.04,13.12,12.63,12.637999534606934,12.64,189.6,66589500,-0.0329,0.0
TSLA,2016-11-30,20161130,12.73,12.79,12.5,12.626667022705078,12.63,189.45,53206500,-0.000791,0.0
TSLA,2016-12-01,20161201,12.55,12.57,12.07,12.125332832336426,12.13,181.95,76896000,-0.039588,0.0
TSLA,2016-12-02,20161202,12.19,12.33,12.0,12.097999572753906,12.1,181.5,60634500,-0.002473,0.0
TSLA,2016-12-05,20161205,12.17,12.59,12.17,12.453332901000977,12.45,186.75,61083000,0.028926,0.0
TSLA,2016-12-06,20161206,12.37,12.44,12.18,12.390000343322754,12.39,185.85,50874000,-0.004819,0.0
TSLA,2016-12-07,20161207,12.41,12.89,12.33,12.876667022705078,12.88,193.2,81928500,0.039548,0.0
TSLA,2016-12-08,20161208,12.8,12.83,12.64,12.81933307647705,12.82,192.3,47911500,-0.004658,0.0
TSLA,2016-12-09,20161209,12.72,12.92,12.72,12.812000274658203,12.81,192.15,40837500,-0.00078,0.0
TSLA,2016-12-12,20161212,12.85,12.96,12.75,12.828666687011719,12.83,192.45,36583500,0.001561,0.0
TSLA,2016-12-13,20161213,12.88,13.42,12.87,13.210000038146973,13.21,198.15,102358500,0.029618,0.0
TSLA,2016-12-14,20161214,13.25,13.53,13.12,13.246000289916992,13.25,198.75,62263500,0.003028,0.0
TSLA,2016-12-15,20161215,13.23,13.38,13.16,13.17199993133545,13.17,197.55,48294000,-0.006038,0.0
TSLA,2016-12-16,20161216,13.21,13.51,13.17,13.499333381652832,13.5,202.5,56953500,0.025057,0.0
TSLA,2016-12-19,20161219,13.5,13.63,13.32,13.51533317565918,13.52,202.8,52321500,0.001481,0.0
TSLA,2016-12-20,20161220,13.54,13.93,13.5,13.919333457946777,13.92,208.8,70336500,0.029586,0.0
TSLA,2016-12-21,20161221,13.9,14.15,13.83,13.846667289733887,13.85,207.75,78114000,-0.005029,0.0
TSLA,2016-12-22,20161222,13.88,14.0,13.77,13.896666526794434,13.9,208.5,46666500,0.00361,0.0
TSLA,2016-12-23,20161223,13.87,14.23,13.85,14.22266674041748,14.22,213.3,70057500,0.023022,0.0
TSLA,2016-12-27,20161227,14.33,14.82,14.29,14.635333061218262,14.64,219.6,88735500,0.029536,0.0
TSLA,2016-12-28,20161228,14.77,14.92,14.48,14.649333000183105,14.65,219.75,56737500,0.000683,0.0
TSLA,2016-12-29,20161229,14.57,14.61,14.27,14.312000274658203,14.31,214.65,60675000,-0.023208,0.0
TSLA,2016-12-30,20161230,14.42,14.5,14.11,14.246000289916992,14.25,213.75,69639000,-0.004193,0.0
TSLA,2017-01-03,20170103,14.32,14.69,14.06,14.465999603271484,14.47,217.05,88849500,0.015439,0.0
TSLA,2017-01-04,20170104,14.32,15.2,14.29,15.13266658782959,15.13,226.95,168202500,0.045612,0.0
TSLA,2017-01-05,20170105,15.09,15.17,14.8,15.116666793823242,15.12,226.8,88675500,-0.000661,0.0
TSLA,2017-01-06,20170106,15.13,15.35,15.03,15.267333030700684,15.27,229.05,82918500,0.009921,0.0
TSLA,2017-01-09,20170109,15.26,15.46,15.2,15.41866683959961,15.42,231.3,59692500,0.009823,0.0
TSLA,2017-01-10,20170110,15.47,15.47,15.13,15.324666976928711,15.32,229.8,54900000,-0.006485,0.0
TSLA,2017-01-11,20170111,15.27,15.33,15.11,15.315333366394043,15.32,229.8,54762000,0.0,0.0
TSLA,2017-01-12,20170112,15.27,15.38,15.04,15.305999755859375,15.31,229.65,56853000,-0.000653,0.0
TSLA,2017-01-13,20170113,15.33,15.86,15.31,15.850000381469727,15.85,237.75,91395000,0.035271,0.0
TSLA,2017-01-17,20170117,15.78,16.0,15.62,15.70533275604248,15.71,235.65,69262500,-0.008833,0.0
TSLA,2017-01-18,20170118,15.78,15.98,15.71,15.890666961669922,15.89,238.35,56535000,0.011458,0.0
TSLA,2017-01-19,20170119,16.48,16.58,16.05,16.250667572021484,16.25,243.75,115984500,0.022656,0.0
TSLA,2017-01-20,20170120,16.36,16.4,16.2,16.315332412719727,16.32,244.8,63064500,0.004308,0.0
TSLA,2017-01-23,20170123,16.39,16.73,16.37,16.594667434692383,16.59,248.85,93943500,0.016544,0.0
TSLA,2017-01-24,20170124,16.67,16.99,16.64,16.974000930786133,16.97,254.55,74482500,0.022905,0.0
TSLA,2017-01-25,20170125,17.15,17.23,16.79,16.96466636657715,16.96,254.4,77139000,-0.000589,0.0
TSLA,2017-01-26,20170126,16.95,17.05,16.72,16.833999633789062,16.83,252.45,47281500,-0.007665,0.0
TSLA,2017-01-27,20170127,16.76,16.87,16.57,16.863332748413086,16.86,252.9,47494500,0.001783,0.0
TSLA,2017-01-30,20170130,16.84,17.02,16.47,16.708667755126953,16.71,250.65,57016500,-0.008897,0.0
TSLA,2017-01-31,20170131,16.62,17.06,16.51,16.795333862304688,16.8,252.0,61741500,0.005386,0.0
TSLA,2017-02-01,20170201,16.87,16.88,16.6,16.615999221801758,16.62,249.3,59382000,-0.010714,0.0
TSLA,2017-02-02,20170202,16.56,16.83,16.51,16.770000457763672,16.77,251.55,37497000,0.009025,0.0
TSLA,2017-02-03,20170203,16.79,16.81,16.65,16.755332946777344,16.76,251.4,32800500,-0.000596,0.0
TSLA,2017-02-06,20170206,16.73,17.19,16.71,17.184667587280273,17.18,257.7,53437500,0.02506,0.0
TSLA,2017-02-07,20170207,17.21,17.33,17.09,17.165332794189453,17.17,257.55,63672000,-0.000582,0.0
TSLA,2017-02-08,20170208,17.16,17.56,17.08,17.472000122070312,17.47,262.05,58995000,0.017472,0.0
TSLA,2017-02-09,20170209,17.75,18.08,17.74,17.946666717529297,17.95,269.25,117303000,0.027476,0.0
TSLA,2017-02-10,20170210,17.99,18.06,17.74,17.948667526245117,17.95,269.25,54295500,0.0,0.0
TSLA,2017-02-13,20170213,18.05,18.72,18.03,18.706666946411133,18.71,280.65,105444000,0.04234,0.0
TSLA,2017-02-14,20170214,18.6,19.16,18.57,18.73200035095215,18.73,280.95,110178000,0.001069,0.0
TSLA,2017-02-15,20170215,18.67,18.82,18.43,18.650667190551758,18.65,279.75,74218500,-0.004271,0.0
TSLA,2017-02-16,20170216,18.51,18.67,17.9,17.93000030517578,17.93,268.95,106159500,-0.038606,0.0
TSLA,2017-02-17,20170217,17.72,18.19,17.61,18.148666381835938,18.15,272.25,93856500,0.01227,0.0
TSLA,2017-02-21,20170221,18.36,18.76,18.27,18.492666244506836,18.49,277.35,85150500,0.018733,0.0
TSLA,2017-02-22,20170222,18.69,18.9,18.17,18.233999252319336,18.23,273.45,131325000,-0.014062,0.0
TSLA,2017-02-23,20170223,17.6,17.64,17.04,17.06599998474121,17.07,256.05,223728000,-0.063631,0.0
TSLA,2017-02-24,20170224,16.84,17.22,16.68,17.133333206176758,17.13,256.95,122574000,0.003515,0.0
TSLA,2017-02-27,20170227,16.54,16.56,16.13,16.415332794189453,16.42,246.3,171912000,-0.041448,0.0
TSLA,2017-02-28,20170228,16.28,16.73,16.26,16.666000366210938,16.67,250.05,91171500,0.015225,0.0
TSLA,2017-03-01,20170301,16.95,16.99,16.61,16.667999267578125,16.67,250.05,72142500,0.0,0.0
TSLA,2017-03-02,20170302,16.65,16.89,16.55,16.698667526245117,16.7,250.5,50277000,0.0018,0.0
TSLA,2017-03-03,20170303,16.72,16.79,16.6,16.771333694458008,16.77,251.55,43791000,0.004192,0.0
TSLA,2017-03-06,20170306,16.53,16.78,16.5,16.747333526611328,16.75,251.25,50332500,-0.001193,0.0
TSLA,2017-03-07,20170307,16.79,16.93,16.55,16.57266616821289,16.57,248.55,51892500,-0.010746,0.0
TSLA,2017-03-08,20170308,16.47,16.67,16.35,16.45800018310547,16.46,246.9,55878000,-0.006639,0.0
TSLA,2017-03-09,20170309,16.51,16.58,16.2,16.32666778564453,16.33,244.95,58189500,-0.007898,0.0
TSLA,2017-03-10,20170310,16.41,16.43,16.2,16.246000289916992,16.25,243.75,45994500,-0.004899,0.0
TSLA,2017-03-13,20170313,16.32,16.46,16.19,16.411333084106445,16.41,246.15,45339000,0.009846,0.0
TSLA,2017-03-14,20170314,16.41,17.21,16.4,17.200000762939453,17.2,258.0,113976000,0.048141,0.0
TSLA,2017-03-15,20170315,17.13,17.4,16.95,17.048667907714844,17.05,255.75,79962000,-0.008721,0.0
TSLA,2017-03-16,20170316,17.49,17.72,17.27,17.469999313354492,17.47,262.05,106983000,0.024633,0.0
TSLA,2017-03-17,20170317,17.6,17.69,17.41,17.433332443237305,17.43,261.45,97462500,-0.00229,0.0
TSLA,2017-03-20,20170320,17.37,17.64,17.25,17.461332321166992,17.46,261.9,54214500,0.001721,0.0
TSLA,2017-03-21,20170321,17.52,17.65,16.68,16.711999893188477,16.71,250.65,103629000,-0.042955,0.0
TSLA,2017-03-22,20170322,16.77,17.0,16.7,17.000667572021484,17.0,255.0,60889500,0.017355,0.0
TSLA,2017-03-23,20170323,17.03,17.18,16.89,16.985332489013672,16.99,254.85,49803000,-0.000588,0.0
TSLA,2017-03-24,20170324,17.05,17.59,17.0,17.54400062561035,17.54,263.1,84709500,0.032372,0.0
TSLA,2017-03-27,20170327,17.37,18.04,17.32,18.014667510986328,18.01,270.15,93462000,0.026796,0.0
TSLA,2017-03-28,20170328,18.47,18.71,18.33,18.496667861938477,18.5,277.5,119814000,0.027207,0.0
TSLA,2017-03-29,20170329,18.56,18.64,18.37,18.492000579833984,18.49,277.35,55143000,-0.000541,0.0
TSLA,2017-03-30,20170330,18.54,18.8,18.48,18.527999877929688,18.53,277.95,62226000,0.002163,0.0
TSLA,2017-03-31,20170331,18.58,18.65,18.42,18.553333282470703,18.55,278.25,49419000,0.001079,0.0
TSLA,2017-04-03,20170403,19.13,19.93,18.97,19.90133285522461,19.9,298.5,208329000,0.072776,0.0
TSLA,2017-04-04,20170404,19.79,20.32,19.64,20.246667861938477,20.25,303.75,152019000,0.017588,0.0
TSLA,2017-04-05,20170405,20.14,20.33,19.61,19.666667938232422,19.67,295.05,118213500,-0.028642,0.0
TSLA,2017-04-06,20170406,19.79,20.13,19.61,19.913333892822266,19.91,298.65,82809000,0.012201,0.0
TSLA,2017-04-07,20170407,19.83,20.18,19.81,20.16933250427246,20.17,302.55,68694000,0.013059,0.0
TSLA,2017-04-10,20170410,20.61,20.92,20.58,20.826000213623047,20.83,312.45,114967500,0.032722,0.0
TSLA,2017-04-11,20170411,20.89,20.9,20.37,20.58066749572754,20.58,308.7,85869000,-0.012002,0.0
TSLA,2017-04-12,20170412,20.42,20.56,19.75,19.78933334350586,19.79,296.85,90760500,-0.038387,0.0
TSLA,2017-04-13,20170413,19.78,20.49,19.69,20.266666412353516,20.27,304.05,139269000,0.024255,0.0
TSLA,2017-04-17,20170417,20.18,20.27,19.91,20.09600067138672,20.1,301.5,62080500,-0.008387,0.0
TSLA,2017-04-18,20170418,19.98,20.06,19.86,20.016666412353516,20.02,300.3,45535500,-0.00398,0.0
TSLA,2017-04-19,20170419,20.16,20.44,20.14,20.368000030517578,20.37,305.55,58470000,0.017483,0.0
TSLA,2017-04-20,20170420,20.43,20.61,20.02,20.167333602905273,20.17,302.55,92241000,-0.009818,0.0
TSLA,2017-04-21,20170421,20.13,20.43,20.03,20.373332977294922,20.37,305.55,67647000,0.009916,0.0
TSLA,2017-04-24,20170424,20.61,20.7,20.4,20.53533363342285,20.54,308.1,76252500,0.008346,0.0
TSLA,2017-04-25,20170425,20.53,20.93,20.39,20.91933250427246,20.92,313.8,101065500,0.0185,0.0
TSLA,2017-04-26,20170426,20.82,20.97,20.6,20.67799949645996,20.68,310.2,70425000,-0.011472,0.0
TSLA,2017-04-27,20170427,20.78,20.87,20.5,20.575332641601562,20.58,308.7,52029000,-0.004836,0.0
TSLA,2017-04-28,20170428,20.66,20.99,20.53,20.937999725341797,20.94,314.1,67582500,0.017493,0.0
TSLA,2017-05-01,20170501,20.99,21.82,20.99,21.52199935913086,21.52,322.8,132444000,0.027698,0.0
TSLA,2017-05-02,20170502,21.6,21.84,21.1,21.25933265686035,21.26,318.9,80742000,-0.012082,0.0
TSLA,2017-05-03,20170503,21.18,21.44,20.7,20.73466682434082,20.73,310.95,107001000,-0.024929,0.0
TSLA,2017-05-04,20170504,20.5,20.52,19.38,19.69733238220215,19.7,295.5,212280000,-0.049686,0.0
TSLA,2017-05-05,20170505,19.87,20.57,19.79,20.55666732788086,20.56,308.4,122659500,0.043655,0.0
TSLA,2017-05-08,20170508,20.73,20.92,20.39,20.479333877563477,20.48,307.2,105097500,-0.003891,0.0
TSLA,2017-05-09,20170509,20.63,21.47,20.61,21.417333602905273,21.42,321.3,145147500,0.045898,0.0
TSLA,2017-05-10,20170510,21.44,21.7,21.21,21.681333541870117,21.68,325.2,86124000,0.012138,0.0
TSLA,2017-05-11,20170511,21.56,21.73,21.31,21.540000915527344,21.54,323.1,71307000,-0.006458,0.0
TSLA,2017-05-12,20170512,21.7,21.8,21.44,21.65399932861328,21.65,324.75,61824000,0.005107,0.0
TSLA,2017-05-15,20170515,21.23,21.35,20.84,21.058666229248047,21.06,315.9,114330000,-0.027252,0.0
TSLA,2017-05-16,20170516,21.17,21.34,21.01,21.134000778198242,21.13,316.95,62287500,0.003324,0.0
TSLA,2017-05-17,20170517,20.96,20.98,20.37,20.407333374023438,20.41,306.15,100678500,-0.034075,0.0
TSLA,2017-05-18,20170518,20.47,20.93,20.35,20.87066650390625,20.87,313.05,84807000,0.022538,0.0
TSLA,2017-05-19,20170519,21.03,21.1,20.68,20.722000122070312,20.72,310.8,70314000,-0.007187,0.0
TSLA,2017-05-22,20170522,20.85,20.96,20.45,20.690000534057617,20.69,310.35,64938000,-0.001448,0.0
TSLA,2017-05-23,20170523,20.7,20.72,20.23,20.257333755493164,20.26,303.9,64776000,-0.020783,0.0
TSLA,2017-05-24,20170524,20.43,20.73,20.36,20.681333541870117,20.68,310.2,75499500,0.020731,0.0
TSLA,2017-05-25,20170525,20.73,21.13,20.52,21.121999740600586,21.12,316.8,75210000,0.021277,0.0
TSLA,2017-05-26,20170526,21.15,21.7,21.09,21.676000595092773,21.68,325.2,117033000,0.026515,0.0
TSLA,2017-05-30,20170530,21.73,22.42,21.72,22.34000015258789,22.34,335.1,116743500,0.030443,0.0
TSLA,2017-05-31,20170531,22.51,22.86,22.34,22.733999252319336,22.73,340.95,149451000,0.017457,0.0
TSLA,2017-06-01,20170601,22.93,22.99,22.49,22.691333770751953,22.69,340.35,114120000,-0.00176,0.0
TSLA,2017-06-02,20170602,22.65,22.86,22.4,22.656667709350586,22.66,339.9,83853000,-0.001322,0.0
TSLA,2017-06-05,20170605,22.57,23.23,22.28,23.154666900634766,23.15,347.25,101766000,0.021624,0.0
TSLA,2017-06-06,20170606,22.98,23.97,22.66,23.523332595825195,23.52,352.8,166302000,0.015983,0.0
TSLA,2017-06-07,20170607,23.76,24.03,23.68,23.976667404174805,23.98,359.7,140970000,0.019558,0.0
TSLA,2017-06-08,20170608,24.25,24.79,24.01,24.666667938232422,24.67,370.05,135922500,0.028774,0.0
TSLA,2017-06-09,20170609,24.96,25.12,23.65,23.821332931518555,23.82,357.3,258921000,-0.034455,0.0
TSLA,2017-06-12,20170612,23.87,24.3,23.37,23.93400001525879,23.93,358.95,157765500,0.004618,0.0
TSLA,2017-06-13,20170613,24.51,25.07,24.44,25.06333351135254,25.06,375.9,177118500,0.047221,0.0
TSLA,2017-06-14,20170614,25.41,25.62,25.09,25.37733268737793,25.38,380.7,192276000,0.012769,0.0
TSLA,2017-06-15,20170615,24.83,25.03,24.43,25.022666931152344,25.02,375.3,156397500,-0.014184,0.0
TSLA,2017-06-16,20170616,25.2,25.2,24.67,24.760000228881836,24.76,371.4,100965000,-0.010392,0.0
TSLA,2017-06-19,20170619,25.0,25.11,24.52,24.65333366394043,24.65,369.75,98239500,-0.004443,0.0
TSLA,2017-06-20,20170620,25.11,25.26,24.65,24.81599998474121,24.82,372.3,111580500,0.006897,0.0
TSLA,2017-06-21,20170621,24.96,25.13,24.53,25.093332290649414,25.09,376.35,73848000,0.010878,0.0
TSLA,2017-06-22,20170622,25.2,25.67,24.9,25.507333755493164,25.51,382.65,112947000,0.01674,0.0
TSLA,2017-06-23,20170623,25.5,25.8,25.29,25.56333351135254,25.56,383.4,96687000,0.00196,0.0
TSLA,2017-06-26,20170626,25.78,25.8,24.87,25.166000366210938,25.17,377.55,99061500,-0.015258,0.0
TSLA,2017-06-27,20170627,25.09,25.09,24.13,24.158000946044922,24.16,362.4,104946000,-0.040127,0.0
TSLA,2017-06-28,20170628,24.45,24.78,24.17,24.749332427978516,24.75,371.25,94537500,0.024421,0.0
TSLA,2017-06-29,20170629,24.71,24.73,23.61,24.049999237060547,24.05,360.75,123315000,-0.028283,0.0
TSLA,2017-06-30,20170630,24.25,24.45,23.97,24.107332229614258,24.11,361.65,87727500,0.002495,0.0
TSLA,2017-07-03,20170703,24.68,24.76,23.43,23.507999420166016,23.51,352.65,94581000,-0.024886,0.0
TSLA,2017-07-05,20170705,23.15,23.15,21.76,21.805999755859375,21.81,327.15,255700500,-0.07231,0.0
TSLA,2017-07-06,20170706,21.15,21.39,20.42,20.588666915893555,20.59,308.85,289867500,-0.055938,0.0
TSLA,2017-07-07,20170707,20.9,21.13,20.49,20.881332397460938,20.88,313.2,212653500,0.014085,0.0
TSLA,2017-07-10,20170710,20.86,21.2,20.21,21.06999969482422,21.07,316.05,207313500,0.0091,0.0
TSLA,2017-07-11,20170711,21.07,21.82,20.95,21.814666748046875,21.81,327.15,173391000,0.035121,0.0
TSLA,2017-07-12,20170712,22.03,22.21,21.63,21.968000411987305,21.97,329.55,155191500,0.007336,0.0
TSLA,2017-07-13,20170713,22.01,22.11,21.33,21.560667037963867,21.56,323.4,128917500,-0.018662,0.0
TSLA,2017-07-14,20170714,21.55,21.89,21.41,21.851999282836914,21.85,327.75,84378000,0.013451,0.0
TSLA,2017-07-17,20170717,21.7,21.81,20.9,21.30466651916504,21.3,319.5,148153500,-0.025172,0.0
TSLA,2017-07-18,20170718,21.17,21.94,21.04,21.882667541503906,21.88,328.2,95605500,0.02723,0.0
TSLA,2017-07-19,20170719,21.88,22.11,21.55,21.68400001525879,21.68,325.2,95355000,-0.009141,0.0
TSLA,2017-07-20,20170720,21.79,22.01,21.61,21.994667053222656,21.99,329.85,77493000,0.014299,0.0
TSLA,2017-07-21,20170721,21.96,22.08,21.72,21.893333435058594,21.89,328.35,73524000,-0.004548,0.0
TSLA,2017-07-24,20170724,22.02,22.89,22.0,22.834667205810547,22.83,342.45,129556500,0.042942,0.0
TSLA,2017-07-25,20170725,23.0,23.04,22.28,22.639999389648438,22.64,339.6,104838000,-0.008322,0.0
TSLA,2017-07-26,20170726,22.69,23.03,22.54,22.92333221435547,22.92,343.8,72312000,0.012367,0.0
TSLA,2017-07-27,20170727,23.07,23.17,21.75,22.297332763671875,22.3,334.5,124536000,-0.027051,0.0
TSLA,2017-07-28,20170728,22.46,22.64,22.17,22.33799934387207,22.34,335.1,73206000,0.001794,0.0
TSLA,2017-07-31,20170731,22.37,22.77,21.4,21.564666748046875,21.56,323.4,128026500,-0.034915,0.0
TSLA,2017-08-01,20170801,21.53,21.63,21.08,21.30466651916504,21.3,319.5,124546500,-0.012059,0.0
TSLA,2017-08-02,20170802,21.26,21.81,20.75,21.72599983215332,21.73,325.95,196372500,0.020188,0.0
TSLA,2017-08-03,20170803,23.02,23.33,22.88,23.139333724975586,23.14,347.1,203025000,0.064887,0.0
TSLA,2017-08-04,20170804,23.13,23.82,22.89,23.79400062561035,23.79,356.85,139033500,0.02809,0.0
TSLA,2017-08-07,20170807,23.82,23.97,23.52,23.67799949645996,23.68,355.2,94867500,-0.004624,0.0
TSLA,2017-08-08,20170808,23.84,24.57,23.83,24.347999572753906,24.35,365.25,111747000,0.028294,0.0
TSLA,2017-08-09,20170809,24.07,24.67,23.93,24.235332489013672,24.24,363.6,103381500,-0.004517,0.0
TSLA,2017-08-10,20170810,24.11,24.44,23.64,23.69333267211914,23.69,355.35,106393500,-0.02269,0.0
TSLA,2017-08-11,20170811,23.8,24.08,23.57,23.857999801635742,23.86,357.9,65487000,0.007176,0.0
TSLA,2017-08-14,20170814,24.31,24.51,24.17,24.253332138061523,24.25,363.75,67788000,0.016345,0.0
TSLA,2017-08-15,20170815,24.35,24.37,23.96,24.155332565307617,24.16,362.4,46276500,-0.003711,0.0
TSLA,2017-08-16,20170816,24.2,24.43,24.17,24.194000244140625,24.19,362.85,51207000,0.001242,0.0
TSLA,2017-08-17,20170817,24.08,24.22,23.44,23.461332321166992,23.46,351.9,75415500,-0.030178,0.0
TSLA,2017-08-18,20170818,23.53,23.6,23.05,23.163999557495117,23.16,347.4,81123000,-0.012788,0.0
TSLA,2017-08-21,20170821,23.05,23.05,22.12,22.52400016784668,22.52,337.8,97431000,-0.027634,0.0
TSLA,2017-08-22,20170822,22.74,22.82,22.49,22.75666618347168,22.76,341.4,64830000,0.010657,0.0
TSLA,2017-08-23,20170823,22.6,23.57,22.55,23.51799964904785,23.52,352.8,74317500,0.033392,0.0
TSLA,2017-08-24,20170824,23.5,23.78,23.32,23.528667449951172,23.53,352.95,68770500,0.000425,0.0
TSLA,2017-08-25,20170825,23.62,23.71,23.15,23.203332901000977,23.2,348.0,52260000,-0.014025,0.0
TSLA,2017-08-28,20170828,23.15,23.16,22.65,23.04400062561035,23.04,345.6,56460000,-0.006897,0.0
TSLA,2017-08-29,20170829,22.63,23.27,22.58,23.157333374023438,23.16,347.4,61105500,0.005208,0.0
TSLA,2017-08-30,20170830,23.31,23.56,23.13,23.545333862304688,23.55,353.25,51193500,0.016839,0.0
TSLA,2017-08-31,20170831,23.57,23.9,23.52,23.726667404174805,23.73,355.95,61092000,0.007643,0.0
TSLA,2017-09-01,20170901,23.74,23.84,23.58,23.69333267211914,23.69,355.35,45742500,-0.001686,0.0
TSLA,2017-09-05,20170905,23.59,23.7,23.06,23.305999755859375,23.31,349.65,57526500,-0.016041,0.0
TSLA,2017-09-06,20170906,23.3,23.4,22.77,22.968666076660156,22.97,344.55,61371000,-0.014586,0.0
TSLA,2017-09-07,20170907,23.07,23.5,22.9,23.374000549316406,23.37,350.55,63588000,0.017414,0.0
TSLA,2017-09-08,20170908,23.27,23.32,22.82,22.893333435058594,22.89,343.35,48952500,-0.020539,0.0
TSLA,2017-09-11,20170911,23.42,24.25,23.33,24.246000289916992,24.25,363.75,115006500,0.059415,0.0
TSLA,2017-09-12,20170912,24.3,24.58,24.03,24.183332443237305,24.18,362.7,89593500,-0.002887,0.0
TSLA,2017-09-13,20170913,24.25,24.54,23.97,24.415332794189453,24.42,366.3,62778000,0.009926,0.0
TSLA,2017-09-14,20170914,24.29,25.2,24.18,25.176000595092773,25.18,377.7,108037500,0.031122,0.0
TSLA,2017-09-15,20170915,24.97,25.33,24.85,25.320667266845703,25.32,379.8,81307500,0.00556,0.0
TSLA,2017-09-18,20170918,25.35,25.97,25.18,25.666667938232422,25.67,385.05,107820000,0.013823,0.0
TSLA,2017-09-19,20170919,25.33,25.49,24.9,25.00666618347168,25.01,375.15,96778500,-0.025711,0.0
TSLA,2017-09-20,20170920,24.87,25.22,24.74,24.92733383178711,24.93,373.95,73786500,-0.003199,0.0
TSLA,2017-09-21,20170921,24.99,25.12,24.3,24.43199920654297,24.43,366.45,69273000,-0.020056,0.0
TSLA,2017-09-22,20170922,24.43,24.66,23.39,23.4060001373291,23.41,351.15,122391000,-0.041752,0.0
TSLA,2017-09-25,20170925,23.54,23.83,22.86,22.999332427978516,23.0,345.0,114088500,-0.017514,0.0
TSLA,2017-09-26,20170926,23.4,23.42,22.73,23.016666412353516,23.02,345.3,107344500,0.00087,0.0
TSLA,2017-09-27,20170927,23.33,23.43,22.7,22.731332778930664,22.73,340.95,90904500,-0.012598,0.0
TSLA,2017-09-28,20170928,22.66,22.85,22.36,22.639999389648438,22.64,339.6,79794000,-0.00396,0.0
TSLA,2017-09-29,20170929,22.79,22.98,22.57,22.739999771118164,22.74,341.1,76606500,0.004417,0.0
TSLA,2017-10-02,20171002,22.83,22.91,22.37,22.768667221069336,22.77,341.55,79302000,0.001319,0.0
TSLA,2017-10-03,20171003,22.39,23.24,22.09,23.209333419799805,23.21,348.15,152304000,0.019324,0.0
TSLA,2017-10-04,20171004,23.42,23.91,23.31,23.667333602905273,23.67,355.05,122452500,0.019819,0.0
TSLA,2017-10-05,20171005,23.73,23.83,23.42,23.68866729736328,23.69,355.35,62575500,0.000845,0.0
TSLA,2017-10-06,20171006,23.54,24.01,23.48,23.79199981689453,23.79,356.85,64462500,0.004221,0.0
TSLA,2017-10-09,20171009,23.31,23.45,22.84,22.862667083740234,22.86,342.9,112405500,-0.039092,0.0
TSLA,2017-10-10,20171010,23.12,23.71,23.04,23.70599937438965,23.71,355.65,104677500,0.037183,0.0
TSLA,2017-10-11,20171011,23.59,23.84,23.41,23.639999389648438,23.64,354.6,67512000,-0.002952,0.0
TSLA,2017-10-12,20171012,23.53,23.99,23.51,23.711999893188477,23.71,355.65,61305000,0.002961,0.0
TSLA,2017-10-13,20171013,23.8,23.9,23.58,23.704666137695312,23.7,355.5,53107500,-0.000422,0.0
TSLA,2017-10-16,20171016,23.58,23.63,23.14,23.373332977294922,23.37,350.55,80632500,-0.013924,0.0
TSLA,2017-10-17,20171017,23.39,23.75,23.34,23.71666717529297,23.72,355.8,49399500,0.014976,0.0
TSLA,2017-10-18,20171018,23.73,24.2,23.61,23.976667404174805,23.98,359.7,74086500,0.010961,0.0
TSLA,2017-10-19,20171019,23.7,23.81,23.21,23.45400047302246,23.45,351.75,75927000,-0.022102,0.0
TSLA,2017-10-20,20171020,23.51,23.64,22.96,23.00666618347168,23.01,345.15,73956000,-0.018763,0.0
TSLA,2017-10-23,20171023,23.33,23.33,22.42,22.468000411987305,22.47,337.05,86209500,-0.023468,0.0
TSLA,2017-10-24,20171024,22.59,22.85,22.41,22.48933219909668,22.49,337.35,67375500,0.00089,0.0
TSLA,2017-10-25,20171025,22.45,22.5,21.57,21.722667694091797,21.72,325.8,128911500,-0.034237,0.0
TSLA,2017-10-26,20171026,21.85,22.02,21.55,21.744667053222656,21.74,326.1,75352500,0.000921,0.0
TSLA,2017-10-27,20171027,21.32,21.64,21.11,21.391332626342773,21.39,320.85,104695500,-0.016099,0.0
TSLA,2017-10-30,20171030,21.28,21.59,21.15,21.338666915893555,21.34,320.1,63816000,-0.002338,0.0
TSLA,2017-10-31,20171031,21.35,22.13,21.35,22.101999282836914,22.1,331.5,85084500,0.035614,0.0
TSLA,2017-11-01,20171101,22.15,22.17,21.35,21.405332565307617,21.41,321.15,126859500,-0.031222,0.0
TSLA,2017-11-02,20171102,20.01,20.58,19.51,19.950666427612305,19.95,299.25,296871000,-0.068192,0.0
TSLA,2017-11-03,20171103,19.97,20.42,19.68,20.4060001373291,20.41,306.15,133410000,0.023058,0.0
TSLA,2017-11-06,20171106,20.47,20.5,19.93,20.185333251953125,20.19,302.85,97290000,-0.010779,0.0
TSLA,2017-11-07,20171107,20.07,20.43,20.0,20.40333366394043,20.4,306.0,79414500,0.010401,0.0
TSLA,2017-11-08,20171108,20.37,20.46,20.09,20.292667388916016,20.29,304.35,70879500,-0.005392,0.0
TSLA,2017-11-09,20171109,20.17,20.3,19.75,20.19933319091797,20.2,303.0,81706500,-0.004436,0.0
TSLA,2017-11-10,20171110,20.17,20.56,20.12,20.19933319091797,20.2,303.0,69381000,0.0,0.0
TSLA,2017-11-13,20171113,20.01,21.12,19.94,21.02666664123535,21.03,315.45,113773500,0.041089,0.0
TSLA,2017-11-14,20171114,21.0,21.09,20.46,20.579999923706055,20.58,308.7,85141500,-0.021398,0.0
TSLA,2017-11-15,20171115,20.4,20.83,20.1,20.753332138061523,20.75,311.25,89680500,0.00826,0.0
TSLA,2017-11-16,20171116,20.93,21.21,20.75,20.833332061767578,20.83,312.45,87331500,0.003855,0.0
TSLA,2017-11-17,20171117,21.71,21.78,20.88,21.003332138061523,21.0,315.0,206026500,0.008161,0.0
TSLA,2017-11-20,20171120,20.92,21.03,20.32,20.582666397094727,20.58,308.7,123715500,-0.02,0.0
TSLA,2017-11-21,20171121,20.72,21.22,20.58,21.187332153320312,21.19,317.85,108919500,0.02964,0.0
TSLA,2017-11-22,20171122,21.12,21.16,20.79,20.84000015258789,20.84,312.6,73764000,-0.016517,0.0
TSLA,2017-11-24,20171124,20.92,21.09,20.73,21.036666870117188,21.04,315.6,48661500,0.009597,0.0
TSLA,2017-11-27,20171127,20.88,21.16,20.63,21.12066650390625,21.12,316.8,68338500,0.003802,0.0
TSLA,2017-11-28,20171128,21.09,21.33,20.93,21.170000076293945,21.17,317.55,74242500,0.002367,0.0
TSLA,2017-11-29,20171129,21.15,21.2,20.08,20.502666473388672,20.5,307.5,131511000,-0.031649,0.0
TSLA,2017-11-30,20171130,20.57,20.71,20.3,20.59000015258789,20.59,308.85,65274000,0.00439,0.0
TSLA,2017-12-01,20171201,20.36,20.69,20.34,20.435333251953125,20.44,306.6,64393500,-0.007285,0.0
TSLA,2017-12-04,20171204,20.43,20.55,20.04,20.34666633605957,20.35,305.25,87526500,-0.004403,0.0
TSLA,2017-12-05,20171205,20.13,20.53,20.07,20.246667861938477,20.25,303.75,69697500,-0.004914,0.0
TSLA,2017-12-06,20171206,20.01,20.89,20.0,20.884000778198242,20.88,313.2,107929500,0.031111,0.0
TSLA,2017-12-07,20171207,20.8,21.24,20.74,20.749332427978516,20.75,311.25,71709000,-0.006226,0.0
TSLA,2017-12-08,20171208,20.97,21.13,20.75,21.0086669921875,21.01,315.15,52027500,0.01253,0.0
TSLA,2017-12-11,20171211,20.98,21.93,20.92,21.92733383178711,21.93,328.95,119070000,0.043789,0.0
TSLA,2017-12-12,20171212,22.03,22.76,22.0,22.735332489013672,22.74,341.1,130998000,0.036936,0.0
TSLA,2017-12-13,20171213,22.73,22.95,22.43,22.601999282836914,22.6,339.0,93322500,-0.006157,0.0
TSLA,2017-12-14,20171214,22.73,23.16,22.46,22.525999069213867,22.53,337.95,86998500,-0.003097,0.0
TSLA,2017-12-15,20171215,22.8,22.93,22.38,22.89666748046875,22.9,343.5,103998000,0.016423,0.0
TSLA,2017-12-18,20171218,22.99,23.12,22.51,22.591333389282227,22.59,338.85,82143000,-0.013537,0.0
TSLA,2017-12-19,20171219,22.68,22.77,22.02,22.073333740234375,22.07,331.05,102375000,-0.023019,0.0
TSLA,2017-12-20,20171220,22.18,22.21,21.67,21.93199920654297,21.93,328.95,89307000,-0.006343,0.0
TSLA,2017-12-21,20171221,21.97,22.25,21.81,22.110666275024414,22.11,331.65,65778000,0.008208,0.0
TSLA,2017-12-22,20171222,21.97,22.06,21.65,21.68000030517578,21.68,325.2,63237000,-0.019448,0.0
TSLA,2017-12-26,20171226,21.59,21.6,21.11,21.152666091918945,21.15,317.25,65676000,-0.024446,0.0
TSLA,2017-12-27,20171227,21.07,21.18,20.72,20.775999069213867,20.78,311.7,70681500,-0.017494,0.0
TSLA,2017-12-28,20171228,20.78,21.05,20.64,21.02400016784668,21.02,315.3,64744500,0.01155,0.0
TSLA,2017-12-29,20171229,21.08,21.09,20.67,20.75666618347168,20.76,311.4,56658000,-0.012369,0.0
TSLA,2018-01-02,20180102,20.8,21.47,20.73,21.368667602539062,21.37,320.55,65283000,0.029383,0.0
TSLA,2018-01-03,20180103,21.4,21.68,21.04,21.149999618530273,21.15,317.25,67822500,-0.010295,0.0
TSLA,2018-01-04,20180104,20.86,21.24,20.38,20.974666595458984,20.97,314.55,149194500,-0.008511,0.0
TSLA,2018-01-05,20180105,21.11,21.15,20.8,21.10533332824707,21.11,316.65,68868000,0.006676,0.0
TSLA,2018-01-08,20180108,21.07,22.47,21.03,22.42733383178711,22.43,336.45,147891000,0.06253,0.0
TSLA,2018-01-09,20180109,22.34,22.59,21.83,22.246000289916992,22.25,333.75,107199000,-0.008025,0.0
TSLA,2018-01-10,20180110,22.15,22.47,22.0,22.31999969482422,22.32,334.8,64648500,0.003146,0.0
TSLA,2018-01-11,20180111,22.35,22.99,22.22,22.530000686645508,22.53,337.95,99682500,0.009409,0.0
TSLA,2018-01-12,20180112,22.58,22.69,22.24,22.4146671295166,22.41,336.15,72376500,-0.005326,0.0
TSLA,2018-01-16,20180116,22.5,23.0,22.32,22.67066764831543,22.67,340.05,97114500,0.011602,0.0
TSLA,2018-01-17,20180117,22.7,23.27,22.65,23.143999099731445,23.14,347.1,106552500,0.020732,0.0
TSLA,2018-01-18,20180118,23.04,23.49,22.92,22.971332550048828,22.97,344.55,85287000,-0.007347,0.0
TSLA,2018-01-19,20180119,23.0,23.37,22.84,23.334667205810547,23.33,349.95,73324500,0.015673,0.0
TSLA,2018-01-22,20180122,23.29,23.86,23.28,23.437332153320312,23.44,351.6,93156000,0.004715,0.0
TSLA,2018-01-23,20180123,24.0,24.03,23.4,23.519332885742188,23.52,352.8,81981000,0.003413,0.0
TSLA,2018-01-24,20180124,23.64,23.65,22.9,23.05933380126953,23.06,345.9,79312500,-0.019558,0.0
TSLA,2018-01-25,20180125,23.22,23.28,22.43,22.50933265686035,22.51,337.65,101104500,-0.023851,0.0
TSLA,2018-01-26,20180126,22.77,22.93,22.38,22.856666564941406,22.86,342.9,68091000,0.015549,0.0
TSLA,2018-01-29,20180129,22.66,23.39,22.55,23.302000045776367,23.3,349.5,71206500,0.019248,0.0
TSLA,2018-01-30,20180130,23.01,23.22,22.81,23.05466651916504,23.05,345.75,70765500,-0.01073,0.0
TSLA,2018-01-31,20180131,23.17,23.75,23.01,23.62066650390625,23.62,354.3,93211500,0.024729,0.0
TSLA,2018-02-01,20180201,23.4,23.98,23.24,23.28333282470703,23.28,349.2,62965500,-0.014395,0.0
TSLA,2018-02-02,20180202,23.23,23.46,22.7,22.916667938232422,22.92,343.8,55572000,-0.015464,0.0
TSLA,2018-02-05,20180205,22.53,22.96,22.2,22.208667755126953,22.21,333.15,66961500,-0.030977,0.0
TSLA,2018-02-06,20180206,21.68,22.41,21.57,22.264667510986328,22.26,333.9,76326000,0.002251,0.0
TSLA,2018-02-07,20180207,22.6,23.07,22.38,23.0,23.0,345.0,104538000,0.033243,0.0
TSLA,2018-02-08,20180208,22.89,23.24,20.97,21.01533317565918,21.02,315.3,154719000,-0.086087,0.0
TSLA,2018-02-09,20180209,21.33,21.4,19.65,20.69466781616211,20.69,310.35,194005500,-0.015699,0.0
TSLA,2018-02-12,20180212,21.08,21.21,20.42,21.048667907714844,21.05,315.75,93417000,0.0174,0.0
TSLA,2018-02-13,20180213,21.0,21.61,20.83,21.577333450317383,21.58,323.7,68403000,0.025178,0.0
TSLA,2018-02-14,20180214,21.39,21.74,21.23,21.487333297729492,21.49,322.35,59260500,-0.004171,0.0
TSLA,2018-02-15,20180215,21.63,22.27,21.49,22.271333694458008,22.27,334.05,88693500,0.036296,0.0
TSLA,2018-02-16,20180216,22.17,22.87,22.11,22.365999221801758,22.37,335.55,84639000,0.00449,0.0
TSLA,2018-02-20,20180220,22.3,22.72,22.1,22.31800079345703,22.32,334.8,60141000,-0.002235,0.0
TSLA,2018-02-21,20180221,22.4,22.65,22.21,22.219999313354492,22.22,333.3,48294000,-0.00448,0.0
TSLA,2018-02-22,20180222,22.37,23.16,22.32,23.077999114990234,23.08,346.2,104547000,0.038704,0.0
TSLA,2018-02-23,20180223,23.19,23.67,23.14,23.469999313354492,23.47,352.05,87261000,0.016898,0.0
TSLA,2018-02-26,20180226,23.57,23.93,23.49,23.827999114990234,23.83,357.45,65100000,0.015339,0.0
TSLA,2018-02-27,20180227,23.75,24.0,23.33,23.39933204650879,23.4,351.0,71961000,-0.018044,0.0
TSLA,2018-02-28,20180228,23.5,23.68,22.81,22.87066650390625,22.87,343.05,91045500,-0.02265,0.0
TSLA,2018-03-01,20180301,23.0,23.24,22.0,22.062000274658203,22.06,330.9,103284000,-0.035418,0.0
TSLA,2018-03-02,20180302,21.8,22.35,21.53,22.341333389282227,22.34,335.1,76392000,0.012693,0.0
TSLA,2018-03-05,20180305,22.16,22.52,21.95,22.22333335876465,22.22,333.3,57357000,-0.005372,0.0
TSLA,2018-03-06,20180306,22.25,22.42,21.8,21.8799991607666,21.88,328.2,64285500,-0.015302,0.0
TSLA,2018-03-07,20180307,21.7,22.17,21.45,22.15333366394043,22.15,332.25,75109500,0.01234,0.0
TSLA,2018-03-08,20180308,22.19,22.22,21.75,21.940000534057617,21.94,329.1,53493000,-0.009481,0.0
TSLA,2018-03-09,20180309,21.61,21.9,21.49,21.81133270263672,21.81,327.15,82602000,-0.005925,0.0
TSLA,2018-03-12,20180312,21.91,23.15,21.77,23.034000396728516,23.03,345.45,123960000,0.055938,0.0
TSLA,2018-03-13,20180313,21.91,23.15,21.77,22.78933334350586,22.79,341.85,89487000,-0.010421,0.0
TSLA,2018-03-14,20180314,22.45,22.65,21.6,21.775333404541016,21.78,326.7,119511000,-0.044318,0.0
TSLA,2018-03-15,20180315,21.96,22.19,21.41,21.706666946411133,21.71,325.65,98472000,-0.003214,0.0
TSLA,2018-03-16,20180316,21.53,21.83,21.27,21.42333221435547,21.42,321.3,91759500,-0.013358,0.0
TSLA,2018-03-19,20180319,21.1,21.38,20.64,20.90399932861328,20.9,313.5,112264500,-0.024276,0.0
TSLA,2018-03-20,20180320,20.99,21.08,20.58,20.703332901000977,20.7,310.5,71464500,-0.009569,0.0
TSLA,2018-03-21,20180321,20.68,21.5,20.68,21.101999282836914,21.1,316.5,89376000,0.019324,0.0
TSLA,2018-03-22,20180322,20.93,21.25,20.55,20.606666564941406,20.61,309.15,74097000,-0.023223,0.0
TSLA,2018-03-23,20180323,20.75,20.75,20.03,20.1026668548584,20.1,301.5,99823500,-0.024745,0.0
TSLA,2018-03-26,20180326,20.49,20.51,19.42,20.278667449951172,20.28,304.2,125628000,0.008955,0.0
TSLA,2018-03-27,20180327,20.27,20.28,18.48,18.61199951171875,18.61,279.15,208080000,-0.082347,0.0
TSLA,2018-03-28,20180328,17.64,17.91,16.81,17.185333251953125,17.19,257.85,315021000,-0.076303,0.0
TSLA,2018-03-29,20180329,17.1,18.06,16.55,17.742000579833984,17.74,266.1,227560500,0.031995,0.0
TSLA,2018-04-02,20180402,17.08,17.36,16.31,16.832000732421875,16.83,252.45,241710000,-0.051297,0.0
TSLA,2018-04-03,20180403,17.99,18.22,16.97,17.8353328704834,17.84,267.6,282666000,0.060012,0.0
TSLA,2018-04-04,20180404,16.85,19.22,16.8,19.12933349609375,19.13,286.95,298450500,0.072309,0.0
TSLA,2018-04-05,20180405,19.29,20.42,19.21,20.381332397460938,20.38,305.7,286816500,0.065342,0.0
TSLA,2018-04-06,20180406,20.07,20.62,19.7,19.953332901000977,19.95,299.25,202804500,-0.021099,0.0
TSLA,2018-04-09,20180409,20.02,20.63,19.28,19.310667037963867,19.31,289.65,153747000,-0.03208,0.0
TSLA,2018-04-10,20180410,19.93,20.47,19.58,20.31333351135254,20.31,304.65,164847000,0.051787,0.0
TSLA,2018-04-11,20180411,20.05,20.6,19.98,20.062000274658203,20.06,300.9,112243500,-0.012309,0.0
TSLA,2018-04-12,20180412,20.15,20.26,19.58,19.60533332824707,19.61,294.15,114132000,-0.022433,0.0
TSLA,2018-04-13,20180413,20.24,20.26,19.73,20.022666931152344,20.02,300.3,109908000,0.020908,0.0
TSLA,2018-04-16,20180416,19.93,19.98,19.27,19.413999557495117,19.41,291.15,95077500,-0.03047,0.0
TSLA,2018-04-17,20180417,19.26,19.48,18.83,19.179332733154297,19.18,287.7,105000000,-0.01185,0.0
TSLA,2018-04-18,20180418,19.41,20.02,19.21,19.55666732788086,19.56,293.4,98365500,0.019812,0.0
TSLA,2018-04-19,20180419,19.41,20.07,19.24,20.005332946777344,20.01,300.15,91359000,0.023006,0.0
TSLA,2018-04-20,20180420,19.68,20.0,19.32,19.349332809448242,19.35,290.25,84418500,-0.032984,0.0
TSLA,2018-04-23,20180423,19.42,19.44,18.82,18.891332626342773,18.89,283.35,73401000,-0.023773,0.0
TSLA,2018-04-24,20180424,19.0,19.14,18.56,18.8973331451416,18.9,283.5,85279500,0.000529,0.0
TSLA,2018-04-25,20180425,18.9,19.01,18.48,18.71266746520996,18.71,280.65,60204000,-0.010053,0.0
TSLA,2018-04-26,20180426,18.58,19.05,18.43,19.031999588012695,19.03,285.45,65340000,0.017103,0.0
TSLA,2018-04-27,20180427,19.02,19.63,18.92,19.60533332824707,19.61,294.15,65469000,0.030478,0.0
TSLA,2018-04-30,20180430,19.57,19.92,19.5,19.593332290649414,19.59,293.85,63423000,-0.00102,0.0
TSLA,2018-05-01,20180501,19.57,20.05,19.55,19.994667053222656,19.99,299.85,69384000,0.020419,0.0
TSLA,2018-05-02,20180502,19.9,20.46,19.85,20.07666778564453,20.08,301.2,134556000,0.004502,0.0
TSLA,2018-05-03,20180503,18.59,19.2,18.35,18.963333129882812,18.96,284.4,260281500,-0.055777,0.0
TSLA,2018-05-04,20180504,18.87,19.79,18.63,19.606000900268555,19.61,294.15,128541000,0.034283,0.0
TSLA,2018-05-07,20180507,19.83,20.4,19.68,20.184667587280273,20.18,302.7,130173000,0.029067,0.0
TSLA,2018-05-08,20180508,20.05,20.52,19.93,20.131332397460938,20.13,301.95,88950000,-0.002478,0.0
TSLA,2018-05-09,20180509,20.03,20.47,20.0,20.456666946411133,20.46,306.9,85911000,0.016393,0.0
TSLA,2018-05-10,20180510,20.5,20.87,20.27,20.334667205810547,20.33,304.95,84774000,-0.006354,0.0
TSLA,2018-05-11,20180511,20.51,20.59,19.94,20.070667266845703,20.07,301.05,70194000,-0.012789,0.0
TSLA,2018-05-14,20180514,20.22,20.33,19.44,19.46466636657715,19.46,291.9,109302000,-0.030394,0.0
TSLA,2018-05-15,20180515,19.0,19.13,18.7,18.94533348083496,18.95,284.25,142788000,-0.026208,0.0
TSLA,2018-05-16,20180516,18.92,19.25,18.77,19.09866714477539,19.1,286.5,85110000,0.007916,0.0
TSLA,2018-05-17,20180517,19.06,19.28,18.93,18.96933364868164,18.97,284.55,66309000,-0.006806,0.0
TSLA,2018-05-18,20180518,18.98,18.98,18.27,18.454666137695312,18.45,276.75,108778500,-0.027412,0.0
TSLA,2018-05-21,20180521,18.76,19.43,18.75,18.965999603271484,18.97,284.55,137739000,0.028184,0.0
TSLA,2018-05-22,20180522,19.18,19.2,18.23,18.333999633789062,18.33,274.95,134187000,-0.033737,0.0
TSLA,2018-05-23,20180523,18.52,18.66,18.27,18.60466766357422,18.6,279.0,89776500,0.01473,0.0
TSLA,2018-05-24,20180524,18.56,18.74,18.33,18.523332595825195,18.52,277.8,62650500,-0.004301,0.0
TSLA,2018-05-25,20180525,18.51,18.64,18.37,18.59000015258789,18.59,278.85,58126500,0.00378,0.0
TSLA,2018-05-29,20180529,18.57,19.1,18.41,18.917333602905273,18.92,283.8,84999000,0.017751,0.0
TSLA,2018-05-30,20180530,18.89,19.67,18.77,19.447999954223633,19.45,291.75,112345500,0.028013,0.0
TSLA,2018-05-31,20180531,19.15,19.36,18.86,18.98200035095215,18.98,284.7,88795500,-0.024165,0.0
TSLA,2018-06-01,20180601,19.06,19.46,18.92,19.454666137695312,19.45,291.75,81366000,0.024763,0.0
TSLA,2018-06-04,20180604,19.62,19.93,19.57,19.78266716003418,19.78,296.7,71967000,0.016967,0.0
TSLA,2018-06-05,20180605,19.85,19.85,19.12,19.408666610717773,19.41,291.15,89928000,-0.018706,0.0
TSLA,2018-06-06,20180606,20.03,21.48,19.83,21.299999237060547,21.3,319.5,281509500,0.097372,0.0
TSLA,2018-06-07,20180607,21.08,22.0,20.91,21.07266616821289,21.07,316.05,215179500,-0.010798,0.0
TSLA,2018-06-08,20180608,21.27,21.63,21.14,21.17733383178711,21.18,317.7,123078000,0.005221,0.0
TSLA,2018-06-11,20180611,21.5,22.31,21.5,22.139999389648438,22.14,332.1,197752500,0.045326,0.0
TSLA,2018-06-12,20180612,22.98,23.66,22.53,22.851333618164062,22.85,342.75,335211000,0.032069,0.0
TSLA,2018-06-13,20180613,23.11,23.15,22.65,22.985332489013672,22.99,344.85,142047000,0.006127,0.0
TSLA,2018-06-14,20180614,23.18,23.92,23.11,23.847999572753906,23.85,357.75,164715000,0.037408,0.0
TSLA,2018-06-15,20180615,23.59,24.31,23.42,23.878000259399414,23.88,358.2,162724500,0.001258,0.0
TSLA,2018-06-18,20180618,23.69,24.92,23.63,24.722000122070312,24.72,370.8,181098000,0.035176,0.0
TSLA,2018-06-19,20180619,24.34,24.67,23.08,23.503332138061523,23.5,352.5,191428500,-0.049353,0.0
TSLA,2018-06-20,20180620,23.87,24.29,23.47,24.148000717163086,24.15,362.25,125755500,0.02766,0.0
TSLA,2018-06-21,20180621,24.13,24.41,23.08,23.167333602905273,23.17,347.55,119506500,-0.04058,0.0
TSLA,2018-06-22,20180622,23.44,23.48,22.13,22.242000579833984,22.24,333.6,153991500,-0.040138,0.0
TSLA,2018-06-25,20180625,22.01,22.56,21.83,22.200666427612305,22.2,333.0,103969500,-0.001799,0.0
TSLA,2018-06-26,20180626,22.4,22.9,21.72,22.799999237060547,22.8,342.0,111787500,0.027027,0.0
TSLA,2018-06-27,20180627,23.0,23.39,22.63,22.96666717529297,22.97,344.55,125005500,0.007456,0.0
TSLA,2018-06-28,20180628,23.24,23.8,23.07,23.32866668701172,23.33,349.95,125970000,0.015673,0.0
TSLA,2018-06-29,20180629,23.56,23.59,22.83,22.863332748413086,22.86,342.9,97386000,-0.020146,0.0
TSLA,2018-07-02,20180702,24.0,24.32,21.99,22.33799934387207,22.34,335.1,281397000,-0.022747,0.0
TSLA,2018-07-03,20180703,22.12,22.17,20.65,20.724000930786133,20.72,310.8,184239000,-0.072516,0.0
TSLA,2018-07-05,20180705,20.92,20.96,19.75,20.610666275024414,20.61,309.15,262146000,-0.005309,0.0
TSLA,2018-07-06,20180706,20.33,20.8,20.13,20.593332290649414,20.59,308.85,132982500,-0.00097,0.0
TSLA,2018-07-09,20180709,20.8,21.23,20.53,21.233999252319336,21.23,318.45,113952000,0.031083,0.0
TSLA,2018-07-10,20180710,21.64,21.85,21.28,21.49799919128418,21.5,322.5,142072500,0.012718,0.0
TSLA,2018-07-11,20180711,21.05,21.46,21.0,21.263999938964844,21.26,318.9,73261500,-0.011163,0.0
TSLA,2018-07-12,20180712,21.43,21.55,20.85,21.11400032043457,21.11,316.65,85818000,-0.007056,0.0
TSLA,2018-07-13,20180713,21.04,21.31,20.62,21.257999420166016,21.26,318.9,88047000,0.007106,0.0
TSLA,2018-07-16,20180716,20.78,21.01,20.42,20.67333221435547,20.67,310.05,117280500,-0.027752,0.0
TSLA,2018-07-17,20180717,20.59,21.65,20.57,21.512666702270508,21.51,322.65,104943000,0.040639,0.0
TSLA,2018-07-18,20180718,21.67,21.7,21.08,21.59000015258789,21.59,323.85,84363000,0.003719,0.0
TSLA,2018-07-19,20180719,21.09,21.57,20.93,21.34866714477539,21.35,320.25,88729500,-0.011116,0.0
TSLA,2018-07-20,20180720,21.42,21.55,20.78,20.905332565307617,20.91,313.65,77433000,-0.020609,0.0
TSLA,2018-07-23,20180723,20.12,20.37,19.52,20.213333129882812,20.21,303.15,164893500,-0.033477,0.0
TSLA,2018-07-24,20180724,20.29,20.51,19.5,19.82866668701172,19.83,297.45,143862000,-0.018803,0.0
TSLA,2018-07-25,20180725,19.78,20.64,19.63,20.582666397094727,20.58,308.7,106131000,0.037821,0.0
TSLA,2018-07-26,20180726,20.32,20.71,20.24,20.44333267211914,20.44,306.6,69457500,-0.006803,0.0
TSLA,2018-07-27,20180727,20.48,20.51,19.69,19.812000274658203,19.81,297.15,85549500,-0.030822,0.0
TSLA,2018-07-30,20180730,19.73,19.74,19.08,19.344667434692383,19.34,290.1,102211500,-0.023725,0.0
TSLA,2018-07-31,20180731,19.48,19.89,19.27,19.875999450683594,19.88,298.2,76153500,0.027921,0.0
TSLA,2018-08-01,20180801,19.87,20.2,19.53,20.055999755859375,20.06,300.9,151941000,0.009054,0.0
TSLA,2018-08-02,20180802,21.9,23.33,21.54,23.30266761779785,23.3,349.5,348225000,0.161515,0.0
TSLA,2018-08-03,20180803,23.19,23.67,22.84,23.211332321166992,23.21,348.15,204847500,-0.003863,0.0
TSLA,2018-08-06,20180806,23.03,23.67,22.79,22.799333572387695,22.8,342.0,128464500,-0.017665,0.0
TSLA,2018-08-07,20180807,22.92,25.83,22.61,25.30466651916504,25.3,379.5,463137000,0.109649,0.0
TSLA,2018-08-08,20180808,24.61,25.51,24.47,24.689332962036133,24.69,370.35,368568000,-0.024111,0.0
TSLA,2018-08-09,20180809,24.37,24.47,23.05,23.496667861938477,23.5,352.5,257757000,-0.048198,0.0
TSLA,2018-08-10,20180810,23.6,24.0,23.07,23.69933319091797,23.7,355.5,173280000,0.008511,0.0
TSLA,2018-08-13,20180813,24.08,24.21,23.27,23.76066780090332,23.76,356.4,156958500,0.002532,0.0
TSLA,2018-08-14,20180814,23.9,23.95,23.14,23.176000595092773,23.18,347.7,104796000,-0.024411,0.0
TSLA,2018-08-15,20180815,22.79,22.97,22.14,22.57933235168457,22.58,338.7,136519500,-0.025884,0.0
TSLA,2018-08-16,20180816,22.66,22.82,22.25,22.363332748413086,22.36,335.4,90960000,-0.009743,0.0
TSLA,2018-08-17,20180817,21.57,21.78,20.24,20.366666793823242,20.37,305.55,284379000,-0.088998,0.0
TSLA,2018-08-20,20180820,19.45,20.57,19.21,20.562667846679688,20.56,308.4,261034500,0.009327,0.0
TSLA,2018-08-21,20180821,20.71,21.65,20.6,21.459999084472656,21.46,321.9,197583000,0.043774,0.0
TSLA,2018-08-22,20180822,21.39,21.59,20.98,21.44266700744629,21.44,321.6,89190000,-0.000932,0.0
TSLA,2018-08-23,20180823,21.28,21.82,21.21,21.34000015258789,21.34,320.1,77209500,-0.004664,0.0
TSLA,2018-08-24,20180824,21.38,21.59,21.29,21.521333694458008,21.52,322.8,54039000,0.008435,0.0
TSLA,2018-08-27,20180827,21.2,21.5,20.59,21.284666061401367,21.28,319.2,196189500,-0.011152,0.0
TSLA,2018-08-28,20180828,21.23,21.26,20.75,20.790666580200195,20.79,311.85,114736500,-0.023026,0.0
TSLA,2018-08-29,20180829,20.68,20.79,20.25,20.333999633789062,20.33,304.95,111711000,-0.022126,0.0
TSLA,2018-08-30,20180830,20.15,20.31,19.85,20.209999084472656,20.21,303.15,108250500,-0.005903,0.0
TSLA,2018-08-31,20180831,20.13,20.35,19.91,20.110666275024414,20.11,301.65,80626500,-0.004948,0.0
TSLA,2018-09-04,20180904,19.8,19.88,19.2,19.26333236694336,19.26,288.9,125257500,-0.042268,0.0
TSLA,2018-09-05,20180905,19.0,19.12,18.48,18.715999603271484,18.72,280.8,115812000,-0.028037,0.0
TSLA,2018-09-06,20180906,18.99,19.41,18.59,18.729999542236328,18.73,280.95,112212000,0.000534,0.0
TSLA,2018-09-07,20180907,17.34,17.89,16.82,17.549333572387695,17.55,263.25,337378500,-0.063001,0.0
TSLA,2018-09-10,20180910,18.22,19.07,18.07,19.03333282470703,19.03,285.45,214252500,0.08433,0.0
TSLA,2018-09-11,20180911,18.63,18.8,18.24,18.62933349609375,18.63,279.45,137550000,-0.021019,0.0
TSLA,2018-09-12,20180912,18.76,19.5,18.58,19.369333267211914,19.37,290.55,150231000,0.039721,0.0
TSLA,2018-09-13,20180913,19.2,19.67,19.01,19.297332763671875,19.3,289.5,95104500,-0.003614,0.0
TSLA,2018-09-14,20180914,19.25,19.82,19.1,19.68000030517578,19.68,295.2,101484000,0.019689,0.0
TSLA,2018-09-17,20180917,19.34,20.06,19.21,19.6560001373291,19.66,294.9,103314000,-0.001016,0.0
TSLA,2018-09-18,20180918,19.78,20.18,18.37,18.997333526611328,19.0,285.0,248212500,-0.033571,0.0
TSLA,2018-09-19,20180919,18.7,20.0,18.7,19.934667587280273,19.93,298.95,124423500,0.048947,0.0
TSLA,2018-09-20,20180920,20.24,20.4,19.56,19.8886661529541,19.89,298.35,110241000,-0.002007,0.0
TSLA,2018-09-21,20180921,19.85,20.04,19.69,19.940000534057617,19.94,299.1,75757500,0.002514,0.0
TSLA,2018-09-24,20180924,19.9,20.2,19.57,19.978666305541992,19.98,299.7,72645000,0.002006,0.0
TSLA,2018-09-25,20180925,20.0,20.31,19.77,20.06599998474121,20.07,301.05,67225500,0.004505,0.0
TSLA,2018-09-26,20180926,20.13,20.93,20.07,20.6386661529541,20.64,309.6,117648000,0.028401,0.0
TSLA,2018-09-27,20180927,20.86,21.0,20.46,20.501333236694336,20.5,307.5,127636500,-0.006783,0.0
TSLA,2018-09-28,20180928,18.02,18.53,17.37,17.65133285522461,17.65,264.75,504745500,-0.139024,0.0
TSLA,2018-10-01,20181001,20.38,20.76,20.07,20.713333129882812,20.71,310.65,326664000,0.173371,0.0
TSLA,2018-10-02,20181002,20.93,21.12,19.94,20.06800079345703,20.07,301.05,176152500,-0.030903,0.0
TSLA,2018-10-03,20181003,20.22,20.31,19.44,19.65333366394043,19.65,294.75,119925000,-0.020927,0.0
TSLA,2018-10-04,20181004,19.6,19.6,18.51,18.788667678833008,18.79,281.85,147213000,-0.043766,0.0
TSLA,2018-10-05,20181005,18.31,18.33,17.33,17.463333129882812,17.46,261.9,269167500,-0.070782,0.0
TSLA,2018-10-08,20181008,17.63,17.85,16.6,16.70400047302246,16.7,250.5,202090500,-0.043528,0.0
TSLA,2018-10-09,20181009,17.02,17.78,16.89,17.520000457763672,17.52,262.8,180909000,0.049102,0.0
TSLA,2018-10-10,20181010,17.64,17.7,16.52,17.125333786010742,17.13,256.95,192229500,-0.02226,0.0
TSLA,2018-10-11,20181011,17.17,17.48,16.6,16.815332412719727,16.82,252.3,122515500,-0.018097,0.0
TSLA,2018-10-12,20181012,17.4,17.47,16.8,17.25200080871582,17.25,258.75,108021000,0.025565,0.0
TSLA,2018-10-15,20181015,17.27,17.55,16.97,17.305999755859375,17.31,259.65,93000000,0.003478,0.0
TSLA,2018-10-16,20181016,17.71,18.49,17.48,18.439332962036133,18.44,276.6,142896000,0.06528,0.0
TSLA,2018-10-17,20181017,18.83,18.85,17.72,18.118667602539062,18.12,271.8,129832500,-0.017354,0.0
TSLA,2018-10-18,20181018,17.95,18.07,17.53,17.5939998626709,17.59,263.85,81318000,-0.029249,0.0
TSLA,2018-10-19,20181019,17.83,17.98,16.9,17.333332061767578,17.33,259.95,140632500,-0.014781,0.0
TSLA,2018-10-22,20181022,17.38,17.46,16.84,17.39666748046875,17.4,261.0,84004500,0.004039,0.0
TSLA,2018-10-23,20181023,17.59,19.86,17.47,19.609333038330078,19.61,294.15,285417000,0.127011,0.0
TSLA,2018-10-24,20181024,20.07,20.3,19.05,19.233333587646484,19.23,288.45,300874500,-0.019378,0.0
TSLA,2018-10-25,20181025,21.15,21.4,20.07,20.99066734313965,20.99,314.85,312610500,0.091524,0.0
TSLA,2018-10-26,20181026,20.55,22.66,20.44,22.059999465942383,22.06,330.9,411382500,0.050977,0.0
TSLA,2018-10-29,20181029,22.5,23.14,21.77,22.323333740234375,22.32,334.8,217290000,0.011786,0.0
TSLA,2018-10-30,20181030,21.89,22.53,21.48,21.99333381652832,21.99,329.85,136900500,-0.014785,0.0
TSLA,2018-10-31,20181031,22.17,22.8,21.94,22.488000869750977,22.49,337.35,114364500,0.022738,0.0
TSLA,2018-11-01,20181101,22.55,23.19,22.32,22.95199966430664,22.95,344.25,120001500,0.020454,0.0
TSLA,2018-11-02,20181102,22.92,23.28,22.73,23.0939998626709,23.09,346.35,117120000,0.0061,0.0
TSLA,2018-11-05,20181105,22.7,22.93,22.01,22.760000228881836,22.76,341.4,117465000,-0.014292,0.0
TSLA,2018-11-06,20181106,22.6,23.25,22.41,22.737333297729492,22.74,341.1,101443500,-0.000879,0.0
TSLA,2018-11-07,20181107,22.89,23.41,22.72,23.21066665649414,23.21,348.15,110617500,0.020668,0.0
TSLA,2018-11-08,20181108,23.23,23.84,23.23,23.426666259765625,23.43,351.45,106360500,0.009479,0.0
TSLA,2018-11-09,20181109,23.27,23.6,23.02,23.367332458496094,23.37,350.55,76482000,-0.002561,0.0
TSLA,2018-11-12,20181112,23.22,23.32,22.02,22.0853328704834,22.09,331.35,104122500,-0.054771,0.0
TSLA,2018-11-13,20181113,22.21,22.98,22.15,22.582000732421875,22.58,338.7,81729000,0.022182,0.0
TSLA,2018-11-14,20181114,22.85,23.14,22.48,22.933332443237305,22.93,343.95,75604500,0.0155,0.0
TSLA,2018-11-15,20181115,22.82,23.24,22.6,23.229333877563477,23.23,348.45,69385500,0.013083,0.0
TSLA,2018-11-16,20181116,23.01,23.71,23.01,23.62066650390625,23.62,354.3,108093000,0.016789,0.0
TSLA,2018-11-19,20181119,23.76,24.45,23.53,23.564666748046875,23.56,353.4,145633500,-0.00254,0.0
TSLA,2018-11-20,20181120,22.78,23.32,22.24,23.166000366210938,23.17,347.55,120070500,-0.016553,0.0
TSLA,2018-11-21,20181121,23.47,23.54,22.49,22.54599952697754,22.55,338.25,70302000,-0.026759,0.0
TSLA,2018-11-23,20181123,22.29,22.5,21.7,21.722000122070312,21.72,325.8,63039000,-0.036807,0.0
TSLA,2018-11-26,20181126,21.67,23.08,21.67,23.066667556762695,23.07,346.05,119881500,0.062155,0.0
TSLA,2018-11-27,20181127,22.67,23.13,22.37,22.92799949645996,22.93,343.95,95374500,-0.006068,0.0
TSLA,2018-11-28,20181128,23.07,23.22,22.81,23.191333770751953,23.19,347.85,61914000,0.011339,0.0
TSLA,2018-11-29,20181129,23.13,23.17,22.64,22.744667053222656,22.74,341.1,46210500,-0.019405,0.0
TSLA,2018-11-30,20181130,22.79,23.44,22.55,23.365333557128906,23.37,350.55,84436500,0.027704,0.0
TSLA,2018-12-03,20181203,24.0,24.4,23.47,23.89933204650879,23.9,358.5,124597500,0.022679,0.0
TSLA,2018-12-04,20181204,23.74,24.58,23.47,23.979999542236328,23.98,359.7,126928500,0.003347,0.0
TSLA,2018-12-06,20181206,23.73,24.49,23.38,24.20400047302246,24.2,363.0,117637500,0.009174,0.0
TSLA,2018-12-07,20181207,24.6,25.3,23.84,23.864667892456055,23.86,357.9,172668000,-0.01405,0.0
TSLA,2018-12-10,20181210,24.0,24.4,23.54,24.343332290649414,24.34,365.1,99202500,0.020117,0.0
TSLA,2018-12-11,20181211,24.66,24.81,24.02,24.450666427612305,24.45,366.75,94632000,0.004519,0.0
TSLA,2018-12-12,20181212,24.63,24.79,24.34,24.440000534057617,24.44,366.6,75405000,-0.000409,0.0
TSLA,2018-12-13,20181213,24.68,25.16,24.45,25.119333267211914,25.12,376.8,110488500,0.027823,0.0
TSLA,2018-12-14,20181214,25.0,25.19,24.29,24.380666732788086,24.38,365.7,95064000,-0.029459,0.0
TSLA,2018-12-17,20181217,24.13,24.38,22.93,23.22800064086914,23.23,348.45,115110000,-0.04717,0.0
TSLA,2018-12-18,20181218,23.37,23.44,22.25,22.468666076660156,22.47,337.05,106500000,-0.032716,0.0
TSLA,2018-12-19,20181219,22.51,23.13,21.98,22.197999954223633,22.2,333.0,124113000,-0.012016,0.0
TSLA,2018-12-20,20181220,21.8,22.02,20.79,21.025333404541016,21.03,315.45,136078500,-0.052703,0.0
TSLA,2018-12-21,20181221,21.16,21.56,20.83,21.31800079345703,21.32,319.8,120252000,0.01379,0.0
TSLA,2018-12-24,20181224,20.9,20.97,19.68,19.69266700744629,19.69,295.35,83398500,-0.076454,0.0
TSLA,2018-12-26,20181226,20.0,21.8,19.61,21.73933219909668,21.74,326.1,122446500,0.104114,0.0
TSLA,2018-12-27,20181227,21.32,21.48,20.1,21.075332641601562,21.08,316.2,128626500,-0.030359,0.0
TSLA,2018-12-28,20181228,21.54,22.42,21.23,22.257999420166016,22.26,333.9,149085000,0.055977,0.0
TSLA,2018-12-31,20181231,22.52,22.61,21.68,22.18666648864746,22.19,332.85,94534500,-0.003145,0.0
TSLA,2019-01-02,20190102,20.41,21.01,19.92,20.674667358398438,20.67,310.05,174879000,-0.068499,0.0
TSLA,2019-01-03,20190103,20.47,20.63,19.83,20.02400016784668,20.02,300.3,104478000,-0.031447,0.0
TSLA,2019-01-04,20190104,20.4,21.2,20.18,21.179332733154297,21.18,317.7,110911500,0.057942,0.0
TSLA,2019-01-07,20190107,21.45,22.45,21.18,22.33066749572754,22.33,334.95,113268000,0.054297,0.0
TSLA,2019-01-08,20190108,22.8,22.93,21.8,22.356666564941406,22.36,335.4,105127500,0.001343,0.0
TSLA,2019-01-09,20190109,22.37,22.9,22.1,22.568666458129883,22.57,338.55,81493500,0.009392,0.0
TSLA,2019-01-10,20190110,22.29,23.03,22.12,22.99799919128418,23.0,345.0,90846000,0.019052,0.0
TSLA,2019-01-11,20190111,22.81,23.23,22.58,23.150667190551758,23.15,347.25,75586500,0.006522,0.0
TSLA,2019-01-14,20190114,22.83,22.83,22.27,22.293333053588867,22.29,334.35,78709500,-0.037149,0.0
TSLA,2019-01-15,20190115,22.33,23.25,22.3,22.961999893188477,22.96,344.4,90849000,0.030058,0.0
TSLA,2019-01-16,20190116,22.99,23.47,22.9,23.06999969482422,23.07,346.05,70375500,0.004791,0.0
TSLA,2019-01-17,20190117,23.08,23.43,22.94,23.15399932861328,23.15,347.25,55150500,0.003468,0.0
TSLA,2019-01-18,20190118,21.53,21.81,19.98,20.150667190551758,20.15,302.25,362262000,-0.12959,0.0
TSLA,2019-01-22,20190122,20.32,20.53,19.7,19.92799949645996,19.93,298.95,181000500,-0.010918,0.0
TSLA,2019-01-23,20190123,19.5,19.63,18.78,19.172666549682617,19.17,287.55,187950000,-0.038133,0.0
TSLA,2019-01-24,20190124,18.87,19.58,18.62,19.43400001525879,19.43,291.45,120183000,0.013563,0.0
TSLA,2019-01-25,20190125,19.63,19.9,19.3,19.80266761779785,19.8,297.0,108744000,0.019043,0.0
TSLA,2019-01-28,20190128,19.53,19.83,19.18,19.7586669921875,19.76,296.4,96349500,-0.00202,0.0
TSLA,2019-01-29,20190129,19.68,19.9,19.45,19.83066749572754,19.83,297.45,69325500,0.003543,0.0
TSLA,2019-01-30,20190130,20.03,20.6,19.9,20.584667205810547,20.58,308.7,168754500,0.037821,0.0
TSLA,2019-01-31,20190131,20.07,20.77,19.6,20.468000411987305,20.47,307.05,188538000,-0.005345,0.0
TSLA,2019-02-01,20190201,20.36,21.07,20.23,20.81399917602539,20.81,312.15,109251000,0.01661,0.0
TSLA,2019-02-04,20190204,20.87,21.02,20.13,20.859333038330078,20.86,312.9,110281500,0.002403,0.0
TSLA,2019-02-05,20190205,20.83,21.5,20.82,21.42333221435547,21.42,321.3,101142000,0.026846,0.0
TSLA,2019-02-06,20190206,21.31,21.62,21.04,21.148000717163086,21.15,317.25,75577500,-0.012605,0.0
TSLA,2019-02-07,20190207,20.89,20.98,20.2,20.500667572021484,20.5,307.5,97809000,-0.030733,0.0
TSLA,2019-02-08,20190208,20.46,20.5,19.9,20.386667251586914,20.39,305.85,87663000,-0.005366,0.0
TSLA,2019-02-11,20190211,20.77,21.24,20.7,20.856000900268555,20.86,312.9,106945500,0.023051,0.0
TSLA,2019-02-12,20190212,21.08,21.21,20.64,20.78733253479004,20.79,311.85,82764000,-0.003356,0.0
TSLA,2019-02-13,20190213,20.82,20.85,20.37,20.544666290283203,20.54,308.1,77124000,-0.012025,0.0
TSLA,2019-02-14,20190214,20.23,20.45,20.07,20.251333236694336,20.25,303.75,78012000,-0.014119,0.0
TSLA,2019-02-15,20190215,20.3,20.53,20.26,20.525333404541016,20.53,307.95,58573500,0.013827,0.0
TSLA,2019-02-19,20190219,20.44,20.77,20.36,20.375999450683594,20.38,305.7,62526000,-0.007306,0.0
TSLA,2019-02-20,20190220,20.29,20.42,19.93,20.17066764831543,20.17,302.55,107131500,-0.010304,0.0
TSLA,2019-02-21,20190221,20.12,20.22,19.37,19.415332794189453,19.42,291.3,133638000,-0.037184,0.0
TSLA,2019-02-22,20190222,19.63,19.77,19.47,19.6473331451416,19.65,294.75,86109000,0.011843,0.0
TSLA,2019-02-25,20190225,19.86,20.19,19.8,19.917999267578125,19.92,298.8,99397500,0.01374,0.0
TSLA,2019-02-26,20190226,19.48,20.13,19.25,19.857332229614258,19.86,297.9,128737500,-0.003012,0.0
TSLA,2019-02-27,20190227,20.12,21.09,20.04,20.982667922973633,20.98,314.7,167758500,0.056395,0.0
TSLA,2019-02-28,20190228,21.26,21.33,20.72,21.325332641601562,21.33,319.95,157810500,0.016683,0.0
TSLA,2019-03-01,20190301,20.46,20.48,19.46,19.652666091918945,19.65,294.75,343671000,-0.078762,0.0
TSLA,2019-03-04,20190304,19.87,19.93,18.85,19.02400016784668,19.02,285.3,256452000,-0.032061,0.0
TSLA,2019-03-05,20190305,18.8,18.93,18.01,18.43600082397461,18.44,276.6,281470500,-0.030494,0.0
TSLA,2019-03-06,20190306,18.43,18.77,18.29,18.416000366210938,18.42,276.3,155032500,-0.001085,0.0
TSLA,2019-03-07,20190307,18.59,18.98,18.28,18.439332962036133,18.44,276.6,141637500,0.001086,0.0
TSLA,2019-03-08,20190308,18.46,19.04,18.39,18.94266700744629,18.94,284.1,132294000,0.027115,0.0
TSLA,2019-03-11,20190311,18.9,19.42,18.7,19.39466667175293,19.39,290.85,110884500,0.023759,0.0
TSLA,2019-03-12,20190312,19.1,19.2,18.74,18.890666961669922,18.89,283.35,112561500,-0.025786,0.0
TSLA,2019-03-13,20190313,18.93,19.47,18.85,19.263999938964844,19.26,288.9,102670500,0.019587,0.0
TSLA,2019-03-14,20190314,19.5,19.69,19.22,19.33066749572754,19.33,289.95,106551000,0.003634,0.0
TSLA,2019-03-15,20190315,18.9,18.91,18.29,18.36199951171875,18.36,275.4,221782500,-0.050181,0.0
TSLA,2019-03-18,20190318,18.4,18.54,17.82,17.965999603271484,17.97,269.55,154215000,-0.021242,0.0
TSLA,2019-03-19,20190319,17.83,18.22,17.56,17.83133316040039,17.83,267.45,177009000,-0.007791,0.0
TSLA,2019-03-20,20190320,17.98,18.33,17.75,18.239999771118164,18.24,273.6,103623000,0.022995,0.0
TSLA,2019-03-21,20190321,18.17,18.43,17.9,18.26799964904785,18.27,274.05,89206500,0.001645,0.0
TSLA,2019-03-22,20190322,18.17,18.19,17.6,17.635332107543945,17.64,264.6,131184000,-0.034483,0.0
TSLA,2019-03-25,20190325,17.31,17.55,16.96,17.3613338470459,17.36,260.4,153225000,-0.015873,0.0
TSLA,2019-03-26,20190326,17.63,18.02,17.63,17.851333618164062,17.85,267.75,110263500,0.028226,0.0
TSLA,2019-03-27,20190327,17.92,18.36,17.88,18.32200050354004,18.32,274.8,131688000,0.026331,0.0
TSLA,2019-03-28,20190328,18.48,18.69,18.34,18.57466697692871,18.57,278.55,101611500,0.013646,0.0
TSLA,2019-03-29,20190329,18.58,18.68,18.3,18.657333374023438,18.66,279.9,89869500,0.004847,0.0
TSLA,2019-04-01,20190401,18.84,19.28,18.75,19.278667449951172,19.28,289.2,121656000,0.033226,0.0
TSLA,2019-04-02,20190402,19.22,19.3,18.93,19.058666229248047,19.06,285.9,82183500,-0.011411,0.0
TSLA,2019-04-03,20190403,19.15,19.74,19.14,19.45400047302246,19.45,291.75,118791000,0.020462,0.0
TSLA,2019-04-04,20190404,17.46,18.08,17.37,17.851999282836914,17.85,267.75,355810500,-0.082262,0.0
TSLA,2019-04-05,20190405,17.99,18.41,17.74,18.33066749572754,18.33,274.95,195574500,0.026891,0.0
TSLA,2019-04-08,20190408,18.51,18.74,18.03,18.213333129882812,18.21,273.15,156156000,-0.006547,0.0
TSLA,2019-04-09,20190409,18.11,18.33,17.97,18.15399932861328,18.15,272.25,88560000,-0.003295,0.0
TSLA,2019-04-10,20190410,18.45,18.56,18.19,18.40399932861328,18.4,276.0,105919500,0.013774,0.0
TSLA,2019-04-11,20190411,17.89,18.03,17.71,17.89466667175293,17.89,268.35,147538500,-0.027717,0.0
TSLA,2019-04-12,20190412,18.01,18.13,17.79,17.84666633605957,17.85,267.75,101190000,-0.002236,0.0
TSLA,2019-04-15,20190415,17.91,17.93,17.24,17.7586669921875,17.76,266.4,150579000,-0.005042,0.0
TSLA,2019-04-16,20190416,17.72,18.33,17.65,18.224000930786133,18.22,273.3,109093500,0.025901,0.0
TSLA,2019-04-17,20190417,18.32,18.32,17.9,18.082000732421875,18.08,271.2,76897500,-0.007684,0.0
TSLA,2019-04-18,20190418,18.08,18.32,17.98,18.21733283996582,18.22,273.3,88144500,0.007743,0.0
TSLA,2019-04-22,20190422,17.93,17.98,17.5,17.516666412353516,17.52,262.8,182206500,-0.038419,0.0
TSLA,2019-04-23,20190423,17.34,17.71,17.05,17.593332290649414,17.59,263.85,164158500,0.003995,0.0
TSLA,2019-04-24,20190424,17.59,17.69,17.2,17.243999481201172,17.24,258.6,160912500,-0.019898,0.0
TSLA,2019-04-25,20190425,17.0,17.27,16.4,16.5086669921875,16.51,247.65,327741000,-0.042343,0.0
TSLA,2019-04-26,20190426,16.43,16.45,15.41,15.675999641418457,15.68,235.2,335410500,-0.050273,0.0
TSLA,2019-04-29,20190429,15.72,16.27,15.48,16.097999572753906,16.1,241.5,250717500,0.026786,0.0
TSLA,2019-04-30,20190430,16.14,16.28,15.8,15.912667274475098,15.91,238.65,141969000,-0.011801,0.0
TSLA,2019-05-01,20190501,15.92,16.0,15.43,15.600666999816895,15.6,234.0,160566000,-0.019485,0.0
TSLA,2019-05-02,20190502,16.37,16.48,15.85,16.273332595825195,16.27,244.05,272389500,0.042949,0.0
TSLA,2019-05-03,20190503,16.26,17.11,16.23,17.00200080871582,17.0,255.0,355602000,0.044868,0.0
TSLA,2019-05-06,20190506,16.67,17.22,16.57,17.022666931152344,17.02,255.3,162508500,0.001176,0.0
TSLA,2019-05-07,20190507,17.12,17.15,16.34,16.470666885375977,16.47,247.05,151971000,-0.032315,0.0
TSLA,2019-05-08,20190508,16.46,16.71,16.28,16.32266616821289,16.32,244.8,92646000,-0.009107,0.0
TSLA,2019-05-09,20190509,16.13,16.25,15.8,16.131999969482422,16.13,241.95,100671000,-0.011642,0.0
TSLA,2019-05-10,20190510,15.98,16.13,15.73,15.968000411987305,15.97,239.55,105124500,-0.009919,0.0
TSLA,2019-05-13,20190513,15.47,15.5,14.97,15.133999824523926,15.13,226.95,162522000,-0.052599,0.0
TSLA,2019-05-14,20190514,15.29,15.63,15.2,15.487333297729492,15.49,232.35,108786000,0.023794,0.0
TSLA,2019-05-15,20190515,15.29,15.5,15.02,15.463333129882812,15.46,231.9,109440000,-0.001937,0.0
TSLA,2019-05-16,20190516,15.3,15.4,15.1,15.222000122070312,15.22,228.3,112249500,-0.015524,0.0
TSLA,2019-05-17,20190517,14.8,14.82,13.93,14.0686674118042,14.07,211.05,266800500,-0.075558,0.0
TSLA,2019-05-20,20190520,13.52,13.73,13.02,13.690667152404785,13.69,205.35,307893000,-0.027008,0.0
TSLA,2019-05-21,20190521,13.18,13.83,13.07,13.67199993133545,13.67,205.05,270058500,-0.001461,0.0
TSLA,2019-05-22,20190522,13.27,13.6,12.79,12.84866714477539,12.85,192.75,280278000,-0.059985,0.0
TSLA,2019-05-23,20190523,12.96,13.3,12.41,13.03266716003418,13.03,195.45,398206500,0.014008,0.0
TSLA,2019-05-24,20190524,13.32,13.33,12.58,12.708666801452637,12.71,190.65,212049000,-0.024559,0.0
TSLA,2019-05-28,20190528,12.75,13.0,12.52,12.579999923706055,12.58,188.7,154693500,-0.010228,0.0
TSLA,2019-05-29,20190529,12.47,12.83,12.34,12.657333374023438,12.66,189.9,179529000,0.006359,0.0
TSLA,2019-05-30,20190530,12.58,12.82,12.47,12.54800033569336,12.55,188.25,118897500,-0.008689,0.0
TSLA,2019-05-31,20190531,12.34,12.66,12.27,12.343999862670898,12.34,185.1,156100500,-0.016733,0.0
TSLA,2019-06-03,20190603,12.37,12.45,11.8,11.9313325881958,11.93,178.95,195966000,-0.033225,0.0
TSLA,2019-06-04,20190604,12.07,12.93,11.97,12.90666675567627,12.91,193.65,207112500,0.082146,0.0
TSLA,2019-06-05,20190605,13.25,13.42,12.79,13.105999946594238,13.11,196.65,202662000,0.015492,0.0
TSLA,2019-06-06,20190606,13.63,14.07,13.45,13.729999542236328,13.73,205.95,303633000,0.047292,0.0
TSLA,2019-06-07,20190607,13.67,14.06,13.57,13.633333206176758,13.63,204.45,240052500,-0.007283,0.0
TSLA,2019-06-10,20190610,14.02,14.46,13.93,14.192000389099121,14.19,212.85,158775000,0.041086,0.0
TSLA,2019-06-11,20190611,14.61,14.73,14.23,14.473333358764648,14.47,217.05,174802500,0.019732,0.0
TSLA,2019-06-12,20190612,14.86,14.89,13.93,13.950667381286621,13.95,209.25,227962500,-0.035936,0.0
TSLA,2019-06-13,20190613,14.03,14.33,13.83,14.260666847229004,14.26,213.9,122524500,0.022222,0.0
TSLA,2019-06-14,20190614,14.08,14.44,14.03,14.32800006866455,14.33,214.95,111501000,0.004909,0.0
TSLA,2019-06-17,20190617,14.37,15.13,14.28,15.001999855041504,15.0,225.0,184752000,0.046755,0.0
TSLA,2019-06-18,20190618,15.25,15.65,14.84,14.982666969299316,14.98,224.7,190737000,-0.001333,0.0
TSLA,2019-06-19,20190619,15.01,15.18,14.74,15.095333099365234,15.1,226.5,98626500,0.008011,0.0
TSLA,2019-06-20,20190620,14.87,15.13,14.42,14.641332626342773,14.64,219.6,177952500,-0.030464,0.0
TSLA,2019-06-21,20190621,14.41,14.81,14.37,14.790666580200195,14.79,221.85,123031500,0.010246,0.0
TSLA,2019-06-24,20190624,14.88,15.06,14.73,14.909333229064941,14.91,223.65,86262000,0.008114,0.0
TSLA,2019-06-25,20190625,14.96,15.02,14.63,14.650667190551758,14.65,219.75,92731500,-0.017438,0.0
TSLA,2019-06-26,20190626,14.69,15.15,14.54,14.618000030517578,14.62,219.3,127608000,-0.002048,0.0
TSLA,2019-06-27,20190627,14.63,14.86,14.49,14.855999946594238,14.86,222.9,95095500,0.016416,0.0
TSLA,2019-06-28,20190628,14.73,15.01,14.72,14.897333145141602,14.9,223.5,102771000,0.002692,0.0
TSLA,2019-07-01,20190701,15.35,15.54,15.09,15.14466667175293,15.14,227.1,123201000,0.016107,0.0
TSLA,2019-07-02,20190702,15.26,15.28,14.81,14.970000267028809,14.97,224.55,138885000,-0.011229,0.0
TSLA,2019-07-03,20190703,15.96,16.1,15.63,15.65999984741211,15.66,234.9,213016500,0.046092,0.0
TSLA,2019-07-05,20190705,15.64,15.7,15.39,15.539999961853027,15.54,233.1,105985500,-0.007663,0.0
TSLA,2019-07-08,20190708,15.42,15.48,15.24,15.355999946594238,15.36,230.4,88207500,-0.011583,0.0
TSLA,2019-07-09,20190709,15.26,15.4,15.15,15.337332725524902,15.34,230.1,92862000,-0.001302,0.0
TSLA,2019-07-10,20190710,15.61,15.93,15.54,15.928000450134277,15.93,238.95,137185500,0.038462,0.0
TSLA,2019-07-11,20190711,15.88,16.1,15.72,15.90666675567627,15.91,238.65,112716000,-0.001255,0.0
TSLA,2019-07-12,20190712,15.98,16.36,15.98,16.338666915893555,16.34,245.1,138007500,0.027027,0.0
TSLA,2019-07-15,20190715,16.53,16.96,16.32,16.899999618530273,16.9,253.5,165001500,0.034272,0.0
TSLA,2019-07-16,20190716,16.62,16.9,16.53,16.825332641601562,16.83,252.45,122235000,-0.004142,0.0
TSLA,2019-07-17,20190717,17.04,17.22,16.89,16.99066734313965,16.99,254.85,146470500,0.009507,0.0
TSLA,2019-07-18,20190718,17.0,17.05,16.79,16.902666091918945,16.9,253.5,71379000,-0.005297,0.0
TSLA,2019-07-19,20190719,17.05,17.33,16.97,17.211999893188477,17.21,258.15,105726000,0.018343,0.0
TSLA,2019-07-22,20190722,17.25,17.48,16.95,17.045333862304688,17.05,255.75,102636000,-0.009297,0.0
TSLA,2019-07-23,20190723,17.11,17.37,16.97,17.344667434692383,17.34,260.1,75346500,0.017009,0.0
TSLA,2019-07-24,20190724,17.28,17.74,17.21,17.658666610717773,17.66,264.9,166092000,0.018454,0.0
TSLA,2019-07-25,20190725,15.57,15.63,15.04,15.254667282104492,15.25,228.75,336274500,-0.136467,0.0
TSLA,2019-07-26,20190726,15.13,15.35,14.82,15.202667236328125,15.2,228.0,150415500,-0.003279,0.0
TSLA,2019-07-29,20190729,15.14,15.73,15.07,15.718000411987305,15.72,235.8,139099500,0.034211,0.0
TSLA,2019-07-30,20190730,15.53,16.22,15.48,16.150667190551758,16.15,242.25,121635000,0.027354,0.0
TSLA,2019-07-31,20190731,16.2,16.45,15.78,16.107332229614258,16.11,241.65,137673000,-0.002477,0.0
TSLA,2019-08-01,20190801,16.18,16.3,15.45,15.59000015258789,15.59,233.85,123892500,-0.032278,0.0
TSLA,2019-08-02,20190802,15.42,15.75,15.28,15.62266731262207,15.62,234.3,92047500,0.001924,0.0
TSLA,2019-08-05,20190805,15.31,15.42,15.05,15.221332550048828,15.22,228.3,105424500,-0.025608,0.0
TSLA,2019-08-06,20190806,15.46,15.5,15.05,15.383333206176758,15.38,230.7,83463000,0.010512,0.0
TSLA,2019-08-07,20190807,15.1,15.57,15.05,15.561332702636719,15.56,233.4,71647500,0.011704,0.0
TSLA,2019-08-08,20190808,15.63,15.99,15.51,15.886667251586914,15.89,238.35,79114500,0.021208,0.0
TSLA,2019-08-09,20190809,15.74,15.93,15.59,15.667332649230957,15.67,235.05,58473000,-0.013845,0.0
TSLA,2019-08-12,20190812,15.53,15.72,15.25,15.267333030700684,15.27,229.05,69958500,-0.025526,0.0
TSLA,2019-08-13,20190813,15.25,15.73,15.17,15.666666984558105,15.67,235.05,72721500,0.026195,0.0
TSLA,2019-08-14,20190814,15.41,15.43,14.45,14.641332626342773,14.64,219.6,143439000,-0.065731,0.0
TSLA,2019-08-15,20190815,14.72,14.77,14.1,14.37600040435791,14.38,215.7,122394000,-0.01776,0.0
TSLA,2019-08-16,20190816,14.44,14.82,14.4,14.662667274475098,14.66,219.9,76477500,0.019471,0.0
TSLA,2019-08-19,20190819,14.95,15.19,14.78,15.121999740600586,15.12,226.8,79644000,0.031378,0.0
TSLA,2019-08-20,20190820,15.17,15.27,14.97,15.057332992553711,15.06,225.9,61878000,-0.003968,0.0
TSLA,2019-08-21,20190821,14.8,14.88,14.51,14.722000122070312,14.72,220.8,116914500,-0.022576,0.0
TSLA,2019-08-22,20190822,14.85,15.03,14.55,14.8100004196167,14.81,222.15,98385000,0.006114,0.0
TSLA,2019-08-23,20190823,14.66,14.74,14.07,14.09333324432373,14.09,211.35,128079000,-0.048616,0.0
TSLA,2019-08-26,20190826,14.24,14.33,14.1,14.333333015441895,14.33,214.95,75778500,0.017033,0.0
TSLA,2019-08-27,20190827,14.38,14.59,14.14,14.272000312805176,14.27,214.05,81243000,-0.004187,0.0
TSLA,2019-08-28,20190828,14.25,14.48,14.15,14.37266731262207,14.37,215.55,48382500,0.007008,0.0
TSLA,2019-08-29,20190829,14.6,14.89,14.53,14.780667304992676,14.78,221.7,77692500,0.028532,0.0
TSLA,2019-08-30,20190830,15.28,15.5,14.95,15.040666580200195,15.04,225.6,139809000,0.017591,0.0
TSLA,2019-09-03,20190903,14.94,15.26,14.88,15.000666618347168,15.0,225.0,80311500,-0.00266,0.0
TSLA,2019-09-04,20190904,15.13,15.23,14.61,14.711999893188477,14.71,220.65,86415000,-0.019333,0.0
TSLA,2019-09-05,20190905,14.83,15.32,14.72,15.305333137512207,15.31,229.65,110929500,0.040789,0.0
TSLA,2019-09-06,20190906,15.15,15.31,15.01,15.16333293914795,15.16,227.4,62841000,-0.009798,0.0
TSLA,2019-09-09,20190909,15.33,15.58,15.28,15.452667236328125,15.45,231.75,72040500,0.019129,0.0
TSLA,2019-09-10,20190910,15.39,15.7,15.26,15.702667236328125,15.7,235.5,73255500,0.016181,0.0
TSLA,2019-09-11,20190911,15.83,16.54,15.73,16.47333335876465,16.47,247.05,150642000,0.049045,0.0
TSLA,2019-09-12,20190912,16.51,16.9,16.29,16.391332626342773,16.39,245.85,128718000,-0.004857,0.0
TSLA,2019-09-13,20190913,16.46,16.56,16.32,16.34666633605957,16.35,245.25,79696500,-0.002441,0.0
TSLA,2019-09-16,20190916,16.4,16.5,16.08,16.187332153320312,16.19,242.85,70921500,-0.009786,0.0
TSLA,2019-09-17,20190917,16.16,16.37,16.02,16.319332122802734,16.32,244.8,57981000,0.00803,0.0
TSLA,2019-09-18,20190918,16.33,16.54,16.16,16.232667922973633,16.23,243.45,62553000,-0.005515,0.0
TSLA,2019-09-19,20190919,16.4,16.53,16.32,16.440000534057617,16.44,246.6,71937000,0.012939,0.0
TSLA,2019-09-20,20190920,16.43,16.46,15.88,16.041332244873047,16.04,240.6,95295000,-0.024331,0.0
TSLA,2019-09-23,20190923,16.0,16.35,15.95,16.082000732421875,16.08,241.2,65103000,0.002494,0.0
TSLA,2019-09-24,20190924,16.1,16.13,14.84,14.880666732788086,14.88,223.2,193372500,-0.074627,0.0
TSLA,2019-09-25,20190925,14.97,15.27,14.56,15.24666690826416,15.25,228.75,141406500,0.024866,0.0
TSLA,2019-09-26,20190926,15.38,16.22,15.16,16.17066764831543,16.17,242.55,178267500,0.060328,0.0
TSLA,2019-09-27,20190927,16.15,16.58,15.92,16.142000198364258,16.14,242.1,166746000,-0.001855,0.0
TSLA,2019-09-30,20190930,16.2,16.27,15.74,16.058000564575195,16.06,240.9,88197000,-0.004957,0.0
TSLA,2019-10-01,20191001,16.1,16.4,15.94,16.312667846679688,16.31,244.65,92439000,0.015567,0.0
TSLA,2019-10-02,20191002,16.22,16.31,15.96,16.208667755126953,16.21,243.15,84471000,-0.006131,0.0
TSLA,2019-10-03,20191003,15.46,15.63,14.95,15.535332679748535,15.54,233.1,226267500,-0.041333,0.0
TSLA,2019-10-04,20191004,15.44,15.65,15.2,15.428667068481445,15.43,231.45,119925000,-0.007079,0.0
TSLA,2019-10-07,20191007,15.32,15.9,15.24,15.847999572753906,15.85,237.75,120963000,0.02722,0.0
TSLA,2019-10-08,20191008,15.72,16.26,15.63,16.003332138061523,16.0,240.0,130173000,0.009464,0.0
TSLA,2019-10-09,20191009,16.09,16.49,16.04,16.302000045776367,16.3,244.5,103416000,0.01875,0.0
TSLA,2019-10-10,20191010,16.35,16.62,16.11,16.31599998474121,16.32,244.8,94249500,0.001227,0.0
TSLA,2019-10-11,20191011,16.48,16.74,16.45,16.525999069213867,16.53,247.95,127131000,0.012868,0.0
TSLA,2019-10-14,20191014,16.53,17.24,16.48,17.130666732788086,17.13,256.95,153075000,0.036298,0.0
TSLA,2019-10-15,20191015,17.18,17.33,16.94,17.19266700744629,17.19,257.85,96492000,0.003503,0.0
TSLA,2019-10-16,20191016,17.16,17.47,17.13,17.316667556762695,17.32,259.8,100261500,0.007563,0.0
TSLA,2019-10-17,20191017,17.5,17.65,17.34,17.46466636657715,17.46,261.9,71539500,0.008083,0.0
TSLA,2019-10-18,20191018,17.38,17.52,17.01,17.1299991607666,17.13,256.95,86247000,-0.0189,0.0
TSLA,2019-10-21,20191021,17.22,17.3,16.68,16.899999618530273,16.9,253.5,75304500,-0.013427,0.0
TSLA,2019-10-22,20191022,16.95,17.22,16.72,17.038667678833008,17.04,255.6,69012000,0.008284,0.0
TSLA,2019-10-23,20191023,16.97,17.08,16.76,16.978666305541992,16.98,254.7,78916500,-0.003521,0.0
TSLA,2019-10-24,20191024,19.89,20.33,19.28,19.978666305541992,19.98,299.7,445813500,0.176678,0.0
TSLA,2019-10-25,20191025,19.85,22.0,19.74,21.875333786010742,21.88,328.2,450091500,0.095095,0.0
TSLA,2019-10-28,20191028,21.84,22.72,21.51,21.847333908081055,21.85,327.75,283054500,-0.001371,0.0
TSLA,2019-10-29,20191029,21.33,21.62,20.98,21.08133316040039,21.08,316.2,190264500,-0.03524,0.0
TSLA,2019-10-30,20191030,20.87,21.25,20.66,21.000667572021484,21.0,315.0,144627000,-0.003795,0.0
TSLA,2019-10-31,20191031,20.87,21.27,20.87,20.994667053222656,20.99,314.85,76005000,-0.000476,0.0
TSLA,2019-11-01,20191101,21.09,21.1,20.65,20.887332916259766,20.89,313.35,95758500,-0.004764,0.0
TSLA,2019-11-04,20191104,20.99,21.46,20.62,21.1646671295166,21.16,317.4,131805000,0.012925,0.0
TSLA,2019-11-05,20191105,21.31,21.57,21.07,21.148000717163086,21.15,317.25,104151000,-0.000473,0.0
TSLA,2019-11-06,20191106,21.2,21.78,20.97,21.77199935913086,21.77,326.55,119113500,0.029314,0.0
TSLA,2019-11-07,20191107,21.94,22.77,21.87,22.369333267211914,22.37,335.55,217009500,0.027561,0.0
TSLA,2019-11-08,20191108,22.3,22.5,22.17,22.47599983215332,22.48,337.2,91038000,0.004917,0.0
TSLA,2019-11-11,20191111,22.93,23.28,22.8,23.006000518798828,23.01,345.15,149800500,0.023577,0.0
TSLA,2019-11-12,20191112,23.13,23.36,22.94,23.32866668701172,23.33,349.95,110391000,0.013907,0.0
TSLA,2019-11-13,20191113,23.67,23.76,23.01,23.073999404907227,23.07,346.05,126301500,-0.011144,0.0
TSLA,2019-11-14,20191114,23.07,23.59,22.86,23.290000915527344,23.29,349.35,96973500,0.009536,0.0
TSLA,2019-11-15,20191115,23.38,23.52,23.22,23.47800064086914,23.48,352.2,72135000,0.008158,0.0
TSLA,2019-11-18,20191118,23.53,23.54,23.07,23.332666397094727,23.33,349.95,66006000,-0.006388,0.0
TSLA,2019-11-19,20191119,23.45,24.0,23.19,23.968000411987305,23.97,359.55,115872000,0.027432,0.0
TSLA,2019-11-20,20191120,24.0,24.08,23.3,23.481332778930664,23.48,352.2,100876500,-0.020442,0.0
TSLA,2019-11-21,20191121,23.63,24.06,23.6,23.655332565307617,23.66,354.9,91650000,0.007666,0.0
TSLA,2019-11-22,20191122,22.68,22.73,22.0,22.202667236328125,22.2,333.0,253059000,-0.061708,0.0
TSLA,2019-11-25,20191125,22.95,22.97,22.3,22.422666549682617,22.42,336.3,185092500,0.00991,0.0
TSLA,2019-11-26,20191126,22.35,22.37,21.81,21.92799949645996,21.93,328.95,119211000,-0.021855,0.0
TSLA,2019-11-27,20191127,22.07,22.26,21.9,22.086000442504883,22.09,331.35,83334000,0.007296,0.0
TSLA,2019-11-29,20191129,22.07,22.08,21.83,21.996000289916992,22.0,330.0,36984000,-0.004074,0.0
TSLA,2019-12-02,20191202,21.96,22.43,21.91,22.32466697692871,22.32,334.8,91117500,0.014545,0.0
TSLA,2019-12-03,20191203,22.17,22.53,22.15,22.413333892822266,22.41,336.15,98605500,0.004032,0.0
TSLA,2019-12-04,20191204,22.52,22.52,22.19,22.20199966430664,22.2,333.0,82995000,-0.009371,0.0
TSLA,2019-12-05,20191205,22.19,22.29,21.82,22.024667739868164,22.02,330.3,55869000,-0.008108,0.0
TSLA,2019-12-06,20191206,22.33,22.59,22.32,22.392667770385742,22.39,335.85,114186000,0.016803,0.0
TSLA,2019-12-09,20191209,22.44,22.96,22.34,22.635332107543945,22.64,339.6,135346500,0.011166,0.0
TSLA,2019-12-10,20191210,22.66,23.38,22.62,23.256000518798828,23.26,348.9,132424500,0.027385,0.0
TSLA,2019-12-11,20191211,23.46,23.81,23.41,23.51333236694336,23.51,352.65,103467000,0.010748,0.0
TSLA,2019-12-12,20191212,23.66,24.18,23.55,23.978666305541992,23.98,359.7,116458500,0.019991,0.0
TSLA,2019-12-13,20191213,24.07,24.35,23.64,23.892667770385742,23.89,358.35,98563500,-0.003753,0.0
TSLA,2019-12-16,20191216,24.17,25.57,24.17,25.433332443237305,25.43,381.45,272613000,0.064462,0.0
TSLA,2019-12-17,20191217,25.27,25.7,25.06,25.266000747680664,25.27,379.05,127452000,-0.006292,0.0
TSLA,2019-12-18,20191218,25.38,26.35,25.37,26.209999084472656,26.21,393.15,211815000,0.037198,0.0
TSLA,2019-12-19,20191219,26.49,27.12,26.43,26.93600082397461,26.94,404.1,271606500,0.027852,0.0
TSLA,2019-12-20,20191220,27.35,27.53,26.68,27.03933334350586,27.04,405.6,221290500,0.003712,0.0
TSLA,2019-12-23,20191223,27.45,28.13,27.33,27.947999954223633,27.95,419.25,199794000,0.033654,0.0
TSLA,2019-12-24,20191224,27.89,28.36,27.51,28.350000381469727,28.35,425.25,120820500,0.014311,0.0
TSLA,2019-12-26,20191226,28.53,28.9,28.42,28.729333877563477,28.73,430.95,159508500,0.013404,0.0
TSLA,2019-12-27,20191227,29.0,29.02,28.41,28.691999435424805,28.69,430.35,149185500,-0.001392,0.0
TSLA,2019-12-30,20191230,28.59,28.6,27.28,27.64666748046875,27.65,414.75,188796000,-0.03625,0.0
TSLA,2019-12-31,20191231,27.0,28.09,26.81,27.8886661529541,27.89,418.35,154285500,0.00868,0.0
TSLA,2020-01-02,20200102,28.3,28.71,28.11,28.68400001525879,28.68,430.2,142981500,0.028326,0.0
TSLA,2020-01-03,20200103,29.37,30.27,29.13,29.534000396728516,29.53,442.95,266677500,0.029637,0.0
TSLA,2020-01-06,20200106,29.36,30.1,29.33,30.1026668548584,30.1,451.5,151995000,0.019302,0.0
TSLA,2020-01-07,20200107,30.76,31.44,30.22,31.270666122436523,31.27,469.05,268231500,0.03887,0.0
TSLA,2020-01-08,20200108,31.58,33.23,31.22,32.80933380126953,32.81,492.15,467164500,0.049248,0.0
TSLA,2020-01-09,20200109,33.14,33.25,31.52,32.089332580566406,32.09,481.35,426606000,-0.021945,0.0
TSLA,2020-01-10,20200110,32.12,32.33,31.58,31.876667022705078,31.88,478.2,194392500,-0.006544,0.0
TSLA,2020-01-13,20200113,32.9,35.04,32.8,34.990665435791016,34.99,524.85,397764000,0.097553,0.0
TSLA,2020-01-14,20200114,36.28,36.49,34.99,35.861331939697266,35.86,537.9,434943000,0.024864,0.0
TSLA,2020-01-15,20200115,35.32,35.86,34.45,34.56666564941406,34.57,518.55,260532000,-0.035973,0.0
TSLA,2020-01-16,20200116,32.92,34.3,32.81,34.232666015625,34.23,513.45,326050500,-0.009835,0.0
TSLA,2020-01-17,20200117,33.84,34.38,33.54,34.03333282470703,34.03,510.45,204436500,-0.005843,0.0
TSLA,2020-01-21,20200121,35.35,36.57,35.23,36.47999954223633,36.48,547.2,267052500,0.071995,0.0
TSLA,2020-01-22,20200122,38.13,39.63,37.27,37.97066879272461,37.97,569.55,470535000,0.040844,0.0
TSLA,2020-01-23,20200123,37.62,38.8,37.04,38.14666748046875,38.15,572.25,294765000,0.004741,0.0
TSLA,2020-01-24,20200124,38.04,38.26,36.95,37.654666900634766,37.65,564.75,215304000,-0.013106,0.0
TSLA,2020-01-27,20200127,36.13,37.63,35.95,37.201332092285156,37.2,558.0,204121500,-0.011952,0.0
TSLA,2020-01-28,20200128,37.9,38.45,37.21,37.793331146240234,37.79,566.85,176827500,0.01586,0.0
TSLA,2020-01-29,20200129,38.38,39.32,37.83,38.732666015625,38.73,580.95,267022500,0.024874,0.0
TSLA,2020-01-30,20200130,42.16,43.39,41.2,42.72066879272461,42.72,640.8,435085500,0.103021,0.0
TSLA,2020-01-31,20200131,42.67,43.53,42.17,43.371334075927734,43.37,650.55,235789500,0.015215,0.0
TSLA,2020-02-03,20200203,44.91,52.41,44.9,52.0,52.0,780.0,705975000,0.198985,0.0
TSLA,2020-02-04,20200204,58.86,64.6,55.59,59.137332916259766,59.14,887.1,914082000,0.137308,0.0
TSLA,2020-02-05,20200205,54.88,56.4,46.94,48.97999954223633,48.98,734.7,726357000,-0.171796,0.0
TSLA,2020-02-06,20200206,46.66,53.06,45.8,49.930667877197266,49.93,748.95,598212000,0.019396,0.0
TSLA,2020-02-07,20200207,48.7,51.32,48.67,49.871334075927734,49.87,748.05,255952500,-0.001202,0.0
TSLA,2020-02-10,20200210,53.33,54.67,50.16,51.41866683959961,51.42,771.3,370338000,0.031081,0.0
TSLA,2020-02-11,20200211,51.25,52.23,50.53,51.62533187866211,51.63,774.45,175462500,0.004084,0.0
TSLA,2020-02-12,20200212,51.86,52.65,50.89,51.15266799926758,51.15,767.25,180337500,-0.009297,0.0
TSLA,2020-02-13,20200213,49.46,54.53,49.0,53.599998474121094,53.6,804.0,394339500,0.047898,0.0
TSLA,2020-02-14,20200214,52.48,54.2,52.37,53.33533477783203,53.34,800.1,235405500,-0.004851,0.0
TSLA,2020-02-18,20200218,56.11,57.33,55.49,57.22666549682617,57.23,858.45,245725500,0.072928,0.0
TSLA,2020-02-19,20200219,61.57,62.99,60.07,61.16133117675781,61.16,917.4,381345000,0.06867,0.0
TSLA,2020-02-20,20200220,60.8,60.8,57.33,59.96066665649414,59.96,899.4,264523500,-0.019621,0.0
TSLA,2020-02-21,20200221,60.47,60.87,58.7,60.06666564941406,60.07,901.05,214722000,0.001835,0.0
TSLA,2020-02-24,20200224,55.93,57.57,54.81,55.58599853515625,55.59,833.85,227883000,-0.07458,0.0
TSLA,2020-02-25,20200225,56.6,57.11,52.47,53.32733154296875,53.33,799.95,259357500,-0.040655,0.0
TSLA,2020-02-26,20200226,52.17,54.22,51.74,51.91999816894531,51.92,778.8,211282500,-0.026439,0.0
TSLA,2020-02-27,20200227,48.67,49.32,44.6,45.266666412353516,45.27,679.05,364158000,-0.128082,0.0
TSLA,2020-02-28,20200228,41.98,46.03,40.77,44.53266525268555,44.53,667.95,363343500,-0.016346,0.0
TSLA,2020-03-02,20200302,47.42,49.58,45.78,49.574668884277344,49.57,743.55,302925000,0.113182,0.0
TSLA,2020-03-03,20200303,53.67,53.8,47.74,49.70066833496094,49.7,745.5,386760000,0.002623,0.0
TSLA,2020-03-04,20200304,50.93,51.1,48.32,49.96666717529297,49.97,749.55,225735000,0.005433,0.0
TSLA,2020-03-05,20200305,48.25,49.72,47.87,48.30266571044922,48.3,724.5,162790500,-0.03342,0.0
TSLA,2020-03-06,20200306,46.0,47.13,45.62,46.89866638183594,46.9,703.5,189943500,-0.028986,0.0
TSLA,2020-03-09,20200309,40.36,44.2,40.33,40.53333282470703,40.53,607.95,256105500,-0.135821,0.0
TSLA,2020-03-10,20200310,43.96,44.53,40.53,43.02199935913086,43.02,645.3,233916000,0.061436,0.0
TSLA,2020-03-11,20200311,42.68,43.57,40.87,42.28200149536133,42.28,634.2,199837500,-0.017201,0.0
TSLA,2020-03-12,20200312,38.73,39.63,36.42,37.369998931884766,37.37,560.55,283636500,-0.116131,0.0
TSLA,2020-03-13,20200313,39.67,40.5,33.47,36.44133377075195,36.44,546.6,339604500,-0.024886,0.0
TSLA,2020-03-16,20200316,31.3,32.99,29.48,29.67133331298828,29.67,445.05,307342500,-0.185785,0.0
TSLA,2020-03-17,20200317,29.33,31.46,26.4,28.68000030517578,28.68,430.2,359919000,-0.033367,0.0
TSLA,2020-03-18,20200318,25.93,26.99,23.37,24.08133316040039,24.08,361.2,356793000,-0.160391,0.0
TSLA,2020-03-19,20200319,24.98,30.13,23.9,28.50933265686035,28.51,427.65,452932500,0.18397,0.0
TSLA,2020-03-20,20200320,29.21,31.8,28.39,28.50200080871582,28.5,427.5,424282500,-0.000351,0.0
TSLA,2020-03-23,20200323,28.91,29.47,27.37,28.952667236328125,28.95,434.25,246817500,0.015789,0.0
TSLA,2020-03-24,20200324,31.82,34.25,31.6,33.66666793823242,33.67,505.05,343428000,0.16304,0.0
TSLA,2020-03-25,20200325,36.35,37.13,34.07,35.95000076293945,35.95,539.25,318340500,0.067716,0.0
TSLA,2020-03-26,20200326,36.49,37.33,34.15,35.21066665649414,35.21,528.15,260710500,-0.020584,0.0
TSLA,2020-03-27,20200327,33.67,35.05,32.94,34.29066848754883,34.29,514.35,215661000,-0.026129,0.0
TSLA,2020-03-30,20200330,34.02,34.44,32.75,33.47533416748047,33.48,502.2,179971500,-0.023622,0.0
TSLA,2020-03-31,20200331,33.42,36.2,33.13,34.93333435058594,34.93,523.95,266572500,0.043309,0.0
TSLA,2020-04-01,20200401,33.6,34.26,31.67,32.104000091552734,32.1,481.5,200298000,-0.081019,0.0
TSLA,2020-04-02,20200402,32.07,32.95,29.76,30.29800033569336,30.3,454.5,297876000,-0.056075,0.0
TSLA,2020-04-03,20200403,33.97,34.37,31.23,32.000667572021484,32.0,480.0,338431500,0.056106,0.0
TSLA,2020-04-06,20200406,34.08,34.73,33.2,34.41600036621094,34.42,516.3,223527000,0.075625,0.0
TSLA,2020-04-07,20200407,36.33,37.67,35.49,36.36333465576172,36.36,545.4,268797000,0.056363,0.0
TSLA,2020-04-08,20200408,36.95,37.15,35.56,36.589332580566406,36.59,548.85,189840000,0.006326,0.0
TSLA,2020-04-09,20200409,37.47,38.35,37.14,38.20000076293945,38.2,573.0,204750000,0.044001,0.0
TSLA,2020-04-13,20200413,39.34,43.47,38.7,43.39666748046875,43.4,651.0,337131000,0.136126,0.0
TSLA,2020-04-14,20200414,46.6,49.46,46.16,47.32600021362305,47.33,709.95,458647500,0.090553,0.0
TSLA,2020-04-15,20200415,49.47,50.21,47.33,48.65533447265625,48.66,729.9,353655000,0.028101,0.0
TSLA,2020-04-16,20200416,47.8,50.63,47.11,49.680667877197266,49.68,745.2,309868500,0.020962,0.0
TSLA,2020-04-17,20200417,51.49,51.66,49.84,50.259334564208984,50.26,753.9,196923000,0.011675,0.0
TSLA,2020-04-20,20200420,48.85,51.04,47.48,49.75733184814453,49.76,746.4,221199000,-0.009948,0.0
TSLA,2020-04-21,20200421,48.67,50.22,44.92,45.781333923339844,45.78,686.7,303136500,-0.079984,0.0
TSLA,2020-04-22,20200422,46.93,48.93,45.91,48.807334899902344,48.81,732.15,212482500,0.066186,0.0
TSLA,2020-04-23,20200423,48.51,48.93,46.88,47.04199981689453,47.04,705.6,198550500,-0.036263,0.0
TSLA,2020-04-24,20200424,47.39,48.72,46.55,48.34333419799805,48.34,725.1,198180000,0.027636,0.0
TSLA,2020-04-27,20200427,49.17,53.3,49.0,53.25,53.25,798.75,310221000,0.101572,0.0
TSLA,2020-04-28,20200428,53.04,53.67,50.45,51.27466583251953,51.27,769.05,228330000,-0.037183,0.0
TSLA,2020-04-29,20200429,52.68,53.55,52.21,53.367332458496094,53.37,800.55,243240000,0.04096,0.0
TSLA,2020-04-30,20200430,57.01,57.99,50.9,52.12533187866211,52.13,781.95,427078500,-0.023234,0.0
TSLA,2020-05-01,20200501,50.33,51.52,45.54,46.75466537475586,46.75,701.25,487977000,-0.103204,0.0
TSLA,2020-05-04,20200504,46.73,50.8,46.53,50.74599838256836,50.75,761.25,288556500,0.085561,0.0
TSLA,2020-05-05,20200505,52.65,53.26,50.81,51.2140007019043,51.21,768.15,254875500,0.009064,0.0
TSLA,2020-05-06,20200506,51.77,52.65,50.74,52.172000885009766,52.17,782.55,166848000,0.018746,0.0
TSLA,2020-05-07,20200507,51.81,53.09,51.49,52.00266647338867,52.0,780.0,172915500,-0.003259,0.0
TSLA,2020-05-08,20200508,52.92,54.93,52.47,54.62799835205078,54.63,819.45,241297500,0.050577,0.0
TSLA,2020-05-11,20200511,52.7,54.93,52.33,54.08599853515625,54.09,811.35,247794000,-0.009885,0.0
TSLA,2020-05-12,20200512,55.13,56.22,53.87,53.96066665649414,53.96,809.4,238603500,-0.002403,0.0
TSLA,2020-05-13,20200513,54.72,55.07,50.89,52.73066711425781,52.73,790.95,285982500,-0.022795,0.0
TSLA,2020-05-14,20200514,52.0,53.56,50.93,53.55533218383789,53.56,803.4,205233000,0.015741,0.0
TSLA,2020-05-15,20200515,52.69,53.67,52.44,53.27799987792969,53.28,799.2,157776000,-0.005228,0.0
TSLA,2020-05-18,20200518,55.19,55.65,53.59,54.242000579833984,54.24,813.6,174987000,0.018018,0.0
TSLA,2020-05-19,20200519,54.34,54.8,53.74,53.867332458496094,53.87,808.05,144547500,-0.006822,0.0
TSLA,2020-05-20,20200520,54.7,55.07,54.12,54.37066650390625,54.37,815.55,109639500,0.009282,0.0
TSLA,2020-05-21,20200521,54.4,55.5,53.07,55.17333221435547,55.17,827.55,183819000,0.014714,0.0
TSLA,2020-05-22,20200522,54.81,55.45,54.13,54.45866775512695,54.46,816.9,149812500,-0.012869,0.0
TSLA,2020-05-26,20200526,55.63,55.64,54.38,54.591331481933594,54.59,818.85,121345500,0.002387,0.0
TSLA,2020-05-27,20200527,54.72,55.18,52.33,54.68199920654297,54.68,820.2,173242500,0.001649,0.0
TSLA,2020-05-28,20200528,54.23,54.98,53.45,53.72066879272461,53.72,805.8,108834000,-0.017557,0.0
TSLA,2020-05-29,20200529,53.92,55.67,53.61,55.66666793823242,55.67,835.05,176467500,0.036299,0.0
TSLA,2020-06-01,20200601,57.2,59.93,56.94,59.87333297729492,59.87,898.05,224092500,0.075445,0.0
TSLA,2020-06-02,20200602,59.65,60.58,58.07,58.770668029785156,58.77,881.55,203484000,-0.018373,0.0
TSLA,2020-06-03,20200603,59.21,59.86,58.67,58.86399841308594,58.86,882.9,119242500,0.001531,0.0
TSLA,2020-06-04,20200604,59.33,59.72,57.23,57.62533187866211,57.63,864.45,133315500,-0.020897,0.0
TSLA,2020-06-05,20200605,58.52,59.1,57.75,59.04399871826172,59.04,885.6,117178500,0.024466,0.0
TSLA,2020-06-08,20200608,61.27,63.33,60.61,63.327999114990234,63.33,949.95,212620500,0.072663,0.0
TSLA,2020-06-09,20200609,62.67,63.63,61.6,62.711334228515625,62.71,940.65,170823000,-0.00979,0.0
TSLA,2020-06-10,20200610,66.13,68.5,65.5,68.336669921875,68.34,1025.1,278451000,0.089778,0.0
TSLA,2020-06-11,20200611,66.01,67.93,64.8,64.85600280761719,64.86,972.9,238747500,-0.050922,0.0
TSLA,2020-06-12,20200612,65.33,65.87,60.84,62.35200119018555,62.35,935.25,251451000,-0.038699,0.0
TSLA,2020-06-15,20200615,61.19,66.59,60.57,66.05999755859375,66.06,990.9,235458000,0.059503,0.0
TSLA,2020-06-16,20200616,67.46,67.53,64.16,65.47533416748047,65.48,982.2,210766500,-0.00878,0.0
TSLA,2020-06-17,20200617,65.85,67.0,65.5,66.11933135986328,66.12,991.8,148362000,0.009774,0.0
TSLA,2020-06-18,20200618,66.87,67.95,66.3,66.9306640625,66.93,1003.95,146278500,0.01225,0.0
TSLA,2020-06-19,20200619,67.52,67.73,66.09,66.72666931152344,66.73,1000.95,130195500,-0.002988,0.0
TSLA,2020-06-22,20200622,66.66,67.26,66.0,66.28800201416016,66.29,994.35,95436000,-0.006594,0.0
TSLA,2020-06-23,20200623,66.59,67.47,66.27,66.78533172607422,66.79,1001.85,95479500,0.007543,0.0
TSLA,2020-06-24,20200624,66.27,66.73,63.54,64.0566635131836,64.06,960.9,164394000,-0.040874,0.0
TSLA,2020-06-25,20200625,63.62,65.73,62.48,65.73200225830078,65.73,985.95,138817500,0.026069,0.0
TSLA,2020-06-26,20200626,66.32,66.33,63.66,63.982666015625,63.98,959.7,132823500,-0.026624,0.0
TSLA,2020-06-29,20200629,64.6,67.33,63.23,67.29000091552734,67.29,1009.35,135396000,0.051735,0.0
TSLA,2020-06-30,20200630,67.1,72.51,66.92,71.98733520507812,71.99,1079.85,253777500,0.069847,0.0
TSLA,2020-07-01,20200701,72.2,75.69,72.03,74.64199829101562,74.64,1119.6,199903500,0.036811,0.0
TSLA,2020-07-02,20200702,81.43,81.87,79.04,80.57733154296875,80.58,1208.7,258751500,0.079582,0.0
TSLA,2020-07-06,20200706,85.11,91.85,84.4,91.43866729736328,91.44,1371.6,308548500,0.134773,0.0
TSLA,2020-07-07,20200707,93.67,95.3,89.11,92.65733337402344,92.66,1389.9,322345500,0.013342,0.0
TSLA,2020-07-08,20200708,93.67,94.48,87.42,91.05867004394531,91.06,1365.9,244669500,-0.017267,0.0
TSLA,2020-07-09,20200709,93.13,93.9,90.09,92.9520034790039,92.95,1394.25,175764000,0.020756,0.0
TSLA,2020-07-10,20200710,93.07,103.26,91.73,102.97666931152344,102.98,1544.7,350064000,0.107907,0.0
TSLA,2020-07-13,20200713,110.6,119.67,98.07,99.80400085449219,99.8,1497.0,584781000,-0.03088,0.0
TSLA,2020-07-14,20200714,103.73,106.0,95.4,101.12000274658203,101.12,1516.8,351271500,0.013226,0.0
TSLA,2020-07-15,20200715,102.87,103.33,97.13,103.06732940673828,103.07,1546.05,245517000,0.019284,0.0
TSLA,2020-07-16,20200716,98.48,102.11,97.73,100.04266357421875,100.04,1500.6,214512000,-0.029397,0.0
TSLA,2020-07-17,20200717,100.9,102.5,99.33,100.05599975585938,100.06,1500.9,139950000,0.0002,0.0
TSLA,2020-07-20,20200720,101.27,110.0,99.2,109.53333282470703,109.53,1642.95,256821000,0.094643,0.0
TSLA,2020-07-21,20200721,109.33,111.67,103.87,104.55733489990234,104.56,1568.4,241608000,-0.045376,0.0
TSLA,2020-07-22,20200722,106.6,108.43,104.13,106.15533447265625,106.16,1592.4,212416500,0.015302,0.0
TSLA,2020-07-23,20200723,111.93,112.6,98.72,100.87133026123047,100.87,1513.05,364927500,-0.04983,0.0
TSLA,2020-07-24,20200724,94.4,97.67,91.1,94.46666717529297,94.47,1417.05,290949000,-0.063448,0.0
TSLA,2020-07-27,20200727,95.67,103.2,94.2,102.63999938964844,102.64,1539.6,240730500,0.086482,0.0
TSLA,2020-07-28,20200728,100.27,104.31,98.29,98.43267059326172,98.43,1476.45,237130500,-0.041017,0.0
TSLA,2020-07-29,20200729,100.07,102.32,99.13,99.94066619873047,99.94,1499.1,141403500,0.015341,0.0
TSLA,2020-07-30,20200730,99.2,100.88,98.07,99.16600036621094,99.17,1487.55,114315000,-0.007705,0.0
TSLA,2020-07-31,20200731,101.0,101.14,94.73,95.38400268554688,95.38,1430.7,183123000,-0.038217,0.0
TSLA,2020-08-03,20200803,96.61,100.65,96.29,99.0,99.0,1485.0,132139500,0.037953,0.0
TSLA,2020-08-04,20200804,99.67,101.83,97.47,99.13333129882812,99.13,1486.95,126225000,0.001313,0.0
TSLA,2020-08-05,20200805,99.53,99.99,97.89,99.00133514404297,99.0,1485.0,74217000,-0.001311,0.0
TSLA,2020-08-06,20200806,99.39,101.15,98.48,99.30533599853516,99.31,1489.65,89884500,0.003131,0.0
TSLA,2020-08-07,20200807,99.97,99.98,94.33,96.84733581542969,96.85,1452.75,133446000,-0.024771,0.0
TSLA,2020-08-10,20200810,96.53,97.17,92.39,94.57133483886719,94.57,1418.55,112834500,-0.023542,0.0
TSLA,2020-08-11,20200811,93.07,94.67,91.0,91.6259994506836,91.63,1374.45,129387000,-0.031088,0.0
TSLA,2020-08-12,20200812,98.0,105.67,95.67,103.65066528320312,103.65,1554.75,327441000,0.13118,0.0
TSLA,2020-08-13,20200813,107.4,110.08,104.48,108.06666564941406,108.07,1621.05,306379500,0.042644,0.0
TSLA,2020-08-14,20200814,111.0,111.25,108.44,110.04733276367188,110.05,1650.75,188664000,0.018321,0.0
TSLA,2020-08-17,20200817,111.8,123.06,111.52,122.3759994506836,122.38,1835.7,303634500,0.11204,0.0
TSLA,2020-08-18,20200818,126.6,128.26,123.01,125.80599975585938,125.81,1887.15,247117500,0.028027,0.0
TSLA,2020-08-19,20200819,124.33,127.4,122.75,125.23533630371094,125.24,1878.6,183079500,-0.004531,0.0
TSLA,2020-08-20,20200820,124.05,134.8,123.8,133.45533752441406,133.46,2001.9,309177000,0.065634,0.0
TSLA,2020-08-21,20200821,136.32,139.7,135.0,136.6653289794922,136.67,2050.05,322344000,0.024052,0.0
TSLA,2020-08-24,20200824,141.75,141.93,128.5,134.27999877929688,134.28,2014.2,300954000,-0.017487,0.0
TSLA,2020-08-25,20200825,131.66,135.2,131.2,134.8893280029297,134.89,2023.35,159883500,0.004543,0.0
TSLA,2020-08-26,20200826,137.33,144.4,136.91,143.54466247558594,143.54,2153.1,213591000,0.064126,0.0
TSLA,2020-08-27,20200827,145.36,153.04,142.83,149.25,149.25,2238.75,355395000,0.03978,0.0
TSLA,2020-08-28,20200828,153.01,154.57,145.77,147.55999755859375,147.56,2213.4,301218000,-0.011323,0.0
TSLA,2020-08-31,20200831,148.2,166.71,146.7,166.10667419433594,166.11,498.33,355123200,0.125712,5.0
TSLA,2020-09-01,20200901,167.38,167.5,156.84,158.35000610351562,158.35,475.05,269523300,-0.046716,0.0
TSLA,2020-09-02,20200902,159.66,159.68,135.04,149.1233367919922,149.12,447.36,288528300,-0.058289,0.0
TSLA,2020-09-03,20200903,135.74,143.93,134.0,135.6666717529297,135.67,407.01,262788300,-0.090196,0.0
TSLA,2020-09-04,20200904,134.27,142.67,124.01,139.44000244140625,139.44,418.32,330965700,0.027788,0.0
TSLA,2020-09-08,20200908,118.67,122.91,109.96,110.06999969482422,110.07,330.21,346397100,-0.210628,0.0
TSLA,2020-09-09,20200909,118.87,123.0,113.84,122.09333038330078,122.09,366.27,238397400,0.109203,0.0
TSLA,2020-09-10,20200910,128.74,133.0,120.19,123.77999877929688,123.78,371.34,254791800,0.013842,0.0
TSLA,2020-09-11,20200911,127.31,127.5,120.17,124.23999786376953,124.24,372.72,182152500,0.003716,0.0
TSLA,2020-09-14,20200914,126.98,140.0,124.43,139.8733367919922,139.87,419.61,249061800,0.125805,0.0
TSLA,2020-09-15,20200915,145.52,153.98,143.57,149.9199981689453,149.92,449.76,291894600,0.071852,0.0
TSLA,2020-09-16,20200916,146.62,152.6,145.1,147.25332641601562,147.25,441.75,216837900,-0.017809,0.0
TSLA,2020-09-17,20200917,138.53,145.93,136.0,141.14332580566406,141.14,423.42,230337600,-0.041494,0.0
TSLA,2020-09-18,20200918,149.31,150.33,142.93,147.38333129882812,147.38,442.14,259220400,0.044211,0.0
TSLA,2020-09-21,20200921,151.04,151.89,135.69,149.79666137695312,149.8,449.4,328430400,0.01642,0.0
TSLA,2020-09-22,20200922,143.2,145.92,139.2,141.41000366210938,141.41,424.23,238742400,-0.056008,0.0
TSLA,2020-09-23,20200923,135.05,137.38,125.29,126.78666687011719,126.79,380.37,285222600,-0.103387,0.0
TSLA,2020-09-24,20200924,121.27,133.17,117.1,129.26333618164062,129.26,387.78,289683300,0.019481,0.0
TSLA,2020-09-25,20200925,131.16,136.24,130.43,135.77999877929688,135.78,407.34,201625500,0.050441,0.0
TSLA,2020-09-28,20200928,141.54,142.69,138.52,140.39999389648438,140.4,421.2,149158800,0.034026,0.0
TSLA,2020-09-29,20200929,138.67,142.83,137.2,139.69000244140625,139.69,419.07,150657900,-0.005057,0.0
TSLA,2020-09-30,20200930,140.44,144.64,140.16,143.00332641601562,143.0,429.0,144436800,0.023695,0.0
TSLA,2020-10-01,20201001,146.92,149.63,144.81,149.3866729736328,149.39,448.17,152224500,0.044685,0.0
TSLA,2020-10-02,20201002,140.46,146.38,138.33,138.3633270263672,138.36,415.08,214290000,-0.073834,0.0
TSLA,2020-10-05,20201005,141.12,144.55,139.78,141.89332580566406,141.89,425.67,134168400,0.025513,0.0
TSLA,2020-10-06,20201006,141.26,142.93,135.35,137.9933319091797,137.99,413.97,147438900,-0.027486,0.0
TSLA,2020-10-07,20201007,139.96,143.3,137.95,141.76666259765625,141.77,425.31,129383100,0.027393,0.0
TSLA,2020-10-08,20201008,146.15,146.33,141.77,141.97332763671875,141.97,425.91,121263300,0.001411,0.0
TSLA,2020-10-09,20201009,143.38,144.86,142.15,144.6666717529297,144.67,434.01,86777100,0.019018,0.0
TSLA,2020-10-12,20201012,147.33,149.58,146.19,147.43333435058594,147.43,442.29,116373300,0.019078,0.0
TSLA,2020-10-13,20201013,147.78,149.63,145.53,148.88333129882812,148.88,446.64,103391100,0.009835,0.0
TSLA,2020-10-14,20201014,149.93,155.3,149.12,153.76666259765625,153.77,461.31,143639100,0.032845,0.0
TSLA,2020-10-15,20201015,150.1,152.19,147.5,149.6266632080078,149.63,448.89,107017200,-0.026923,0.0
TSLA,2020-10-16,20201016,151.48,151.98,146.28,146.55667114257812,146.56,439.68,98327700,-0.020517,0.0
TSLA,2020-10-19,20201019,148.75,149.0,142.96,143.61000061035156,143.61,430.83,108863400,-0.020128,0.0
TSLA,2020-10-20,20201020,143.92,143.92,139.68,140.64666748046875,140.65,421.95,94968900,-0.020611,0.0
TSLA,2020-10-21,20201021,140.9,144.32,140.42,140.8800048828125,140.88,422.64,97111500,0.001635,0.0
TSLA,2020-10-22,20201022,147.31,148.41,141.5,141.92999267578125,141.93,425.79,119979600,0.007453,0.0
TSLA,2020-10-23,20201023,140.61,140.96,135.79,140.2100067138672,140.21,420.63,101151000,-0.012119,0.0
TSLA,2020-10-26,20201026,137.21,141.92,136.67,140.0933380126953,140.09,420.27,84717600,-0.000856,0.0
TSLA,2020-10-27,20201027,141.25,143.5,140.03,141.55999755859375,141.56,424.68,68059500,0.010493,0.0
TSLA,2020-10-28,20201028,138.83,139.53,135.33,135.33999633789062,135.34,406.02,76354200,-0.043939,0.0
TSLA,2020-10-29,20201029,136.65,139.35,135.49,136.94332885742188,136.94,410.82,67965900,0.011822,0.0
TSLA,2020-10-30,20201030,135.63,135.86,126.37,129.34666442871094,129.35,388.05,127533900,-0.055426,0.0
TSLA,2020-11-02,20201102,131.33,135.66,130.77,133.50332641601562,133.5,400.5,87063300,0.032083,0.0
TSLA,2020-11-03,20201103,136.58,142.59,135.56,141.3000030517578,141.3,423.9,103055100,0.058427,0.0
TSLA,2020-11-04,20201104,143.54,145.13,139.03,140.32666015625,140.33,420.99,96429300,-0.006865,0.0
TSLA,2020-11-05,20201105,142.77,146.67,141.33,146.02999877929688,146.03,438.09,85243500,0.040619,0.0
TSLA,2020-11-06,20201106,145.37,145.52,141.43,143.31666564941406,143.32,429.96,65118000,-0.018558,0.0
TSLA,2020-11-09,20201109,146.5,150.83,140.33,140.4199981689453,140.42,421.26,104499000,-0.020234,0.0
TSLA,2020-11-10,20201110,140.03,140.03,132.01,136.7866668701172,136.79,410.37,90852600,-0.025851,0.0
TSLA,2020-11-11,20201111,138.82,139.57,136.86,139.0433349609375,139.04,417.12,52073100,0.016449,0.0
TSLA,2020-11-12,20201112,138.35,141.0,136.51,137.25332641601562,137.25,411.75,59565300,-0.012874,0.0
TSLA,2020-11-13,20201113,136.95,137.51,133.89,136.1666717529297,136.17,408.51,59313300,-0.007869,0.0
TSLA,2020-11-16,20201116,136.31,137.48,134.7,136.02999877929688,136.03,408.09,80515800,-0.001028,0.0
TSLA,2020-11-17,20201117,153.39,154.0,144.34,147.20333862304688,147.2,441.6,183564900,0.082114,0.0
TSLA,2020-11-18,20201118,149.45,165.33,147.83,162.2133331298828,162.21,486.63,234132000,0.10197,0.0
TSLA,2020-11-19,20201119,164.0,169.54,162.52,166.42333984375,166.42,499.26,187425900,0.025954,0.0
TSLA,2020-11-20,20201120,166.0,167.5,163.02,163.20333862304688,163.2,489.6,98735700,-0.019349,0.0
TSLA,2020-11-23,20201123,167.83,175.33,167.26,173.9499969482422,173.95,521.85,150780900,0.06587,0.0
TSLA,2020-11-24,20201124,180.13,186.66,175.4,185.1266632080078,185.13,555.39,160945500,0.064271,0.0
TSLA,2020-11-25,20201125,183.35,191.33,181.79,191.3333282470703,191.33,573.99,146790600,0.03349,0.0
TSLA,2020-11-27,20201127,193.72,199.59,192.82,195.25332641601562,195.25,585.75,112683300,0.020488,0.0
TSLA,2020-11-30,20201130,200.74,202.6,184.84,189.1999969482422,189.2,567.6,189009300,-0.030986,0.0
TSLA,2020-12-01,20201201,199.2,199.28,190.68,194.9199981689453,194.92,584.76,120310500,0.030233,0.0
TSLA,2020-12-02,20201202,185.48,190.51,180.4,189.60667419433594,189.61,568.83,143327100,-0.027242,0.0
TSLA,2020-12-03,20201203,196.67,199.66,194.14,197.7933349609375,197.79,593.37,127656000,0.043141,0.0
TSLA,2020-12-04,20201204,197.0,199.68,195.17,199.67999267578125,199.68,599.04,88203900,0.009556,0.0
TSLA,2020-12-07,20201207,201.64,216.26,201.02,213.9199981689453,213.92,641.76,168929100,0.071314,0.0
TSLA,2020-12-08,20201208,208.5,217.09,206.17,216.6266632080078,216.63,649.89,192795000,0.012668,0.0
TSLA,2020-12-09,20201209,217.9,218.11,196.0,201.4933319091797,201.49,604.47,213873600,-0.069889,0.0
TSLA,2020-12-10,20201210,191.46,209.25,188.78,209.02333068847656,209.02,627.06,201249600,0.037372,0.0
TSLA,2020-12-11,20201211,205.0,208.0,198.93,203.3300018310547,203.33,609.99,139425000,-0.027222,0.0
TSLA,2020-12-14,20201214,206.33,214.25,203.4,213.27667236328125,213.28,639.84,156121800,0.048935,0.0
TSLA,2020-12-15,20201215,214.43,215.63,207.93,211.0833282470703,211.08,633.24,135214500,-0.010315,0.0
TSLA,2020-12-16,20201216,209.41,210.83,201.67,207.58999633789062,207.59,622.77,126287400,-0.016534,0.0
TSLA,2020-12-17,20201217,209.4,219.61,206.5,218.63333129882812,218.63,655.89,168810300,0.053182,0.0
TSLA,2020-12-18,20201218,222.97,231.67,209.51,231.6666717529297,231.67,695.01,666378600,0.059644,0.0
TSLA,2020-12-21,20201221,222.08,222.83,215.36,216.6199951171875,216.62,649.86,174135900,-0.064963,0.0
TSLA,2020-12-22,20201222,216.0,216.63,204.74,213.44667053222656,213.45,640.35,155148000,-0.014634,0.0
TSLA,2020-12-23,20201223,210.73,217.17,207.52,215.32666015625,215.33,645.99,99519000,0.008808,0.0
TSLA,2020-12-24,20201224,214.33,222.03,213.67,220.58999633789062,220.59,661.77,68596800,0.024428,0.0
TSLA,2020-12-28,20201228,224.84,227.13,220.27,221.22999572753906,221.23,663.69,96835800,0.002901,0.0
TSLA,2020-12-29,20201229,220.33,223.3,218.33,221.99667358398438,222.0,666.0,68732400,0.003481,0.0
TSLA,2020-12-30,20201230,224.0,232.2,222.79,231.5933380126953,231.59,694.77,128538000,0.043198,0.0
TSLA,2020-12-31,20201231,233.33,239.57,230.37,235.22332763671875,235.22,705.66,148949700,0.015674,0.0
TSLA,2021-01-04,20210104,239.82,248.16,239.06,243.2566680908203,243.26,729.78,145914600,0.034181,0.0
TSLA,2021-01-05,20210105,241.22,246.95,239.73,245.0366668701172,245.04,735.12,96735600,0.007317,0.0
TSLA,2021-01-06,20210106,252.83,258.0,249.7,251.9933319091797,251.99,755.97,134100000,0.028363,0.0
TSLA,2021-01-07,20210107,259.21,272.33,258.4,272.0133361816406,272.01,816.03,154496700,0.079448,0.0
TSLA,2021-01-08,20210108,285.33,294.83,279.46,293.3399963378906,293.34,880.02,225166500,0.078416,0.0
TSLA,2021-01-11,20210111,283.13,284.81,267.87,270.39666748046875,270.4,811.2,177904800,-0.078203,0.0
TSLA,2021-01-12,20210112,277.0,289.33,275.78,283.14666748046875,283.15,849.45,138812100,0.047152,0.0
TSLA,2021-01-13,20210113,284.25,286.82,277.33,284.8033447265625,284.8,854.4,99937500,0.005827,0.0
TSLA,2021-01-14,20210114,281.13,287.67,279.58,281.6666564941406,281.67,845.01,93798900,-0.01099,0.0
TSLA,2021-01-15,20210115,284.0,286.63,273.03,275.38665771484375,275.39,826.17,116332800,-0.022296,0.0
TSLA,2021-01-19,20210119,279.27,283.33,277.67,281.51666259765625,281.52,844.56,76101000,0.022259,0.0
TSLA,2021-01-20,20210120,286.25,286.5,279.09,283.48333740234375,283.48,850.44,76997700,0.006962,0.0
TSLA,2021-01-21,20210121,285.0,285.24,280.47,281.663330078125,281.66,844.98,61563300,-0.00642,0.0
TSLA,2021-01-22,20210122,278.1,282.67,276.21,282.21331787109375,282.21,846.63,60199500,0.001953,0.0
TSLA,2021-01-25,20210125,285.0,300.13,279.61,293.6000061035156,293.6,880.8,123520200,0.04036,0.0
TSLA,2021-01-26,20210126,297.13,298.63,290.53,294.36334228515625,294.36,883.08,69394800,0.002589,0.0
TSLA,2021-01-27,20210127,290.12,297.17,286.22,288.0533447265625,288.05,864.15,82002000,-0.021436,0.0
TSLA,2021-01-28,20210128,273.33,282.67,267.0,278.4766540527344,278.48,835.44,79134000,-0.033223,0.0
TSLA,2021-01-29,20210129,276.67,280.8,260.03,264.510009765625,264.51,793.53,104972400,-0.050165,0.0
TSLA,2021-02-01,20210201,271.43,280.67,265.19,279.9366760253906,279.94,839.82,76174200,0.058334,0.0
TSLA,2021-02-02,20210202,281.56,293.5,280.73,290.92999267578125,290.93,872.79,73038600,0.039258,0.0
TSLA,2021-02-03,20210203,292.34,292.69,284.35,284.89666748046875,284.9,854.7,55030500,-0.020727,0.0
TSLA,2021-02-04,20210204,285.0,285.5,277.81,283.3299865722656,283.33,849.99,47438100,-0.005511,0.0
TSLA,2021-02-05,20210205,281.67,288.26,279.66,284.07666015625,284.08,852.24,55699800,0.002647,0.0
TSLA,2021-02-08,20210208,289.89,292.59,284.92,287.8066711425781,287.81,863.43,60485100,0.01313,0.0
TSLA,2021-02-09,20210209,285.04,286.6,280.58,283.1533203125,283.15,849.45,45473100,-0.016191,0.0
TSLA,2021-02-10,20210210,281.21,281.61,266.67,268.2733459472656,268.27,804.81,108648300,-0.052552,0.0
TSLA,2021-02-11,20210211,270.81,276.63,267.24,270.5533447265625,270.55,811.65,64868400,0.008499,0.0
TSLA,2021-02-12,20210212,267.09,272.44,261.78,272.0400085449219,272.04,816.12,71304900,0.005507,0.0
TSLA,2021-02-16,20210216,272.67,273.67,264.15,265.40667724609375,265.41,796.23,59406900,-0.024371,0.0
TSLA,2021-02-17,20210217,259.7,266.61,254.0,266.04998779296875,266.05,798.15,77989500,0.002411,0.0
TSLA,2021-02-18,20210218,260.3,264.9,258.76,262.4599914550781,262.46,787.38,53871300,-0.013494,0.0
TSLA,2021-02-19,20210219,265.0,265.6,259.12,260.4333190917969,260.43,781.29,56874900,-0.007735,0.0
TSLA,2021-02-22,20210222,254.21,256.17,236.73,238.1666717529297,238.17,714.51,111809100,-0.085474,0.0
TSLA,2021-02-23,20210223,220.71,237.87,206.33,232.94667053222656,232.95,698.85,199820700,-0.021917,0.0
TSLA,2021-02-24,20210224,237.28,248.33,231.39,247.33999633789062,247.34,742.02,110301000,0.061773,0.0
TSLA,2021-02-25,20210225,242.05,245.74,223.53,227.4066619873047,227.41,682.23,117071700,-0.080577,0.0
TSLA,2021-02-26,20210226,233.33,235.57,219.84,225.1666717529297,225.17,675.51,123267600,-0.00985,0.0
TSLA,2021-03-01,20210301,230.04,239.67,228.35,239.47666931152344,239.48,718.44,81408600,0.063552,0.0
TSLA,2021-03-02,20210302,239.43,240.37,228.33,228.81333923339844,228.81,686.43,71196600,-0.044555,0.0
TSLA,2021-03-03,20210303,229.33,233.57,217.24,217.73333740234375,217.73,653.19,90624000,-0.048424,0.0
TSLA,2021-03-04,20210304,218.6,222.82,200.0,207.14666748046875,207.15,621.45,197758500,-0.048592,0.0
TSLA,2021-03-05,20210305,208.69,209.28,179.83,199.31666564941406,199.32,597.96,268189500,-0.037799,0.0
TSLA,2021-03-08,20210308,200.18,206.71,186.26,187.6666717529297,187.67,563.01,155361000,-0.058449,0.0
TSLA,2021-03-09,20210309,202.73,226.03,198.4,224.52667236328125,224.53,673.59,202569900,0.196409,0.0
TSLA,2021-03-10,20210310,233.43,239.28,218.35,222.68666076660156,222.69,668.07,181817100,-0.008195,0.0
TSLA,2021-03-11,20210311,233.13,234.17,225.73,233.1999969482422,233.2,699.6,108761700,0.047196,0.0
TSLA,2021-03-12,20210312,223.33,231.63,222.05,231.2433319091797,231.24,693.72,100751400,-0.008405,0.0
TSLA,2021-03-15,20210315,231.36,237.73,228.01,235.97999572753906,235.98,707.94,88006800,0.020498,0.0
TSLA,2021-03-16,20210316,234.45,235.97,223.67,225.6266632080078,225.63,676.89,96587100,-0.04386,0.0
TSLA,2021-03-17,20210317,218.96,234.58,217.0,233.93666076660156,233.94,701.82,121117500,0.03683,0.0
TSLA,2021-03-18,20210318,228.1,229.74,217.33,217.72000122070312,217.72,653.16,99674400,-0.069334,0.0
TSLA,2021-03-19,20210319,215.53,219.08,208.21,218.2899932861328,218.29,654.87,128682000,0.002618,0.0
TSLA,2021-03-22,20210322,228.2,233.21,222.92,223.3333282470703,223.33,669.99,118536600,0.023089,0.0
TSLA,2021-03-23,20210323,225.26,225.93,219.17,220.72000122070312,220.72,662.16,91475700,-0.011687,0.0
TSLA,2021-03-24,20210324,222.64,222.67,210.04,210.08999633789062,210.09,630.27,101385600,-0.048161,0.0
TSLA,2021-03-25,20210325,204.33,215.17,203.17,213.4633331298828,213.46,640.38,117674700,0.016041,0.0
TSLA,2021-03-26,20210326,213.96,214.61,199.96,206.23666381835938,206.24,618.72,101558400,-0.033824,0.0
TSLA,2021-03-29,20210329,205.21,205.49,198.67,203.76333618164062,203.76,611.28,85911000,-0.012025,0.0
TSLA,2021-03-30,20210330,200.58,212.55,197.0,211.8733367919922,211.87,635.61,118297200,0.039802,0.0
TSLA,2021-03-31,20210331,215.54,224.0,213.7,222.64332580566406,222.64,667.92,100011900,0.050833,0.0
TSLA,2021-04-01,20210401,229.46,230.81,219.81,220.5833282470703,220.58,661.74,105895200,-0.009253,0.0
TSLA,2021-04-05,20210405,235.9,236.05,228.23,230.35000610351562,230.35,691.05,125528400,0.044292,0.0
TSLA,2021-04-06,20210406,230.1,232.18,227.12,230.5399932861328,230.54,691.62,84815400,0.000825,0.0
TSLA,2021-04-07,20210407,229.0,230.46,222.61,223.6566619873047,223.66,670.98,78928200,-0.029843,0.0
TSLA,2021-04-08,20210408,225.79,229.85,223.88,227.93333435058594,227.93,683.79,71772900,0.019091,0.0
TSLA,2021-04-09,20210409,225.92,226.99,223.14,225.67333984375,225.67,677.01,64311300,-0.009915,0.0
TSLA,2021-04-12,20210412,228.57,234.93,227.36,233.9933319091797,233.99,701.97,87407100,0.036868,0.0
TSLA,2021-04-13,20210413,237.57,254.33,236.89,254.10667419433594,254.11,762.33,133958400,0.085987,0.0
TSLA,2021-04-14,20210414,256.9,260.26,242.68,244.07666015625,244.08,732.24,147052200,-0.039471,0.0
TSLA,2021-04-15,20210415,247.7,247.9,240.44,246.28334045410156,246.28,738.84,83546700,0.009013,0.0
TSLA,2021-04-16,20210416,242.88,249.8,241.53,246.5933380126953,246.59,739.77,83938500,0.001259,0.0
TSLA,2021-04-19,20210419,239.87,241.8,230.6,238.2100067138672,238.21,714.63,119058600,-0.033984,0.0
TSLA,2021-04-20,20210420,239.14,245.75,236.9,239.663330078125,239.66,718.98,106827000,0.006087,0.0
TSLA,2021-04-21,20210421,234.92,248.28,232.67,248.0399932861328,248.04,744.12,93646500,0.034966,0.0
TSLA,2021-04-22,20210422,247.17,251.26,239.35,239.89666748046875,239.9,719.7,106770900,-0.032817,0.0
TSLA,2021-04-23,20210423,239.93,245.79,238.49,243.13333129882812,243.13,729.39,85110000,0.013464,0.0
TSLA,2021-04-26,20210426,247.0,249.77,244.2,246.06666564941406,246.07,738.21,93115500,0.012092,0.0
TSLA,2021-04-27,20210427,239.32,241.33,234.45,234.913330078125,234.91,704.73,88311000,-0.045353,0.0
TSLA,2021-04-28,20210428,232.14,236.17,231.2,231.46665954589844,231.47,694.41,66813000,-0.014644,0.0
TSLA,2021-04-29,20210429,233.17,234.08,222.83,225.6666717529297,225.67,677.01,86536200,-0.025057,0.0
TSLA,2021-04-30,20210430,222.53,238.49,222.05,236.47999572753906,236.48,709.44,122276100,0.047902,0.0
TSLA,2021-05-03,20210503,234.6,235.33,226.83,228.3000030517578,228.3,684.9,81129300,-0.034591,0.0
TSLA,2021-05-04,20210504,226.31,227.82,219.23,224.53334045410156,224.53,673.59,89217900,-0.016513,0.0
TSLA,2021-05-05,20210505,227.02,228.43,222.45,223.64666748046875,223.65,670.95,65705700,-0.003919,0.0
TSLA,2021-05-06,20210506,226.92,227.01,216.67,221.17999267578125,221.18,663.54,83353800,-0.011044,0.0
TSLA,2021-05-07,20210507,221.93,230.0,220.07,224.1233367919922,224.12,672.36,70407600,0.013292,0.0
TSLA,2021-05-10,20210510,221.63,221.68,209.2,209.67999267578125,209.68,629.04,94177200,-0.06443,0.0
TSLA,2021-05-11,20210511,199.75,209.03,198.53,205.73333740234375,205.73,617.19,139511700,-0.018838,0.0
TSLA,2021-05-12,20210512,200.83,206.8,195.59,196.6300048828125,196.63,589.89,101470800,-0.044233,0.0
TSLA,2021-05-13,20210513,200.51,202.15,186.55,190.56333923339844,190.56,571.68,132554700,-0.03087,0.0
TSLA,2021-05-14,20210514,194.47,197.62,190.15,196.5800018310547,196.58,589.74,100112700,0.031591,0.0
TSLA,2021-05-17,20210517,191.85,196.58,187.07,192.27667236328125,192.28,576.84,97171200,-0.021874,0.0
TSLA,2021-05-18,20210518,189.33,198.75,187.79,192.6233367919922,192.62,577.86,110491800,0.001768,0.0
TSLA,2021-05-19,20210519,184.18,188.74,182.33,187.82000732421875,187.82,563.46,118735200,-0.02492,0.0
TSLA,2021-05-20,20210520,191.67,196.28,190.36,195.5933380126953,195.59,586.77,92463300,0.041369,0.0
TSLA,2021-05-21,20210521,198.7,198.89,193.33,193.6266632080078,193.63,580.89,78091800,-0.010021,0.0
TSLA,2021-05-24,20210524,193.87,204.83,191.22,202.14666748046875,202.15,606.45,103674300,0.044001,0.0
TSLA,2021-05-25,20210525,202.44,204.66,198.57,201.56333923339844,201.56,604.68,84017700,-0.002919,0.0
TSLA,2021-05-26,20210526,202.52,208.72,200.5,206.3766632080078,206.38,619.14,85917900,0.023913,0.0
TSLA,2021-05-27,20210527,206.75,210.38,205.4,210.28334045410156,210.28,630.84,79111800,0.018897,0.0
TSLA,2021-05-28,20210528,209.5,211.86,207.46,208.4066619873047,208.41,625.23,68211000,-0.008893,0.0
TSLA,2021-06-01,20210601,209.27,211.27,206.85,207.96665954589844,207.97,623.91,54254700,-0.002111,0.0
TSLA,2021-06-02,20210602,206.71,207.79,199.71,201.7066650390625,201.71,605.13,69908400,-0.0301,0.0
TSLA,2021-06-03,20210603,200.6,201.52,190.41,190.94667053222656,190.95,572.85,90335700,-0.053344,0.0
TSLA,2021-06-04,20210604,193.24,200.2,192.4,199.68333435058594,199.68,599.04,72110700,0.045719,0.0
TSLA,2021-06-07,20210607,197.28,203.33,194.29,201.7100067138672,201.71,605.13,67631100,0.010166,0.0
TSLA,2021-06-08,20210608,207.67,207.7,198.5,201.19667053222656,201.2,603.6,78160200,-0.002528,0.0
TSLA,2021-06-09,20210609,200.72,203.93,199.21,199.5933380126953,199.59,598.77,49753800,-0.008002,0.0
TSLA,2021-06-10,20210610,201.29,205.53,200.17,203.3733367919922,203.37,610.11,71758800,0.018939,0.0
TSLA,2021-06-11,20210611,203.41,204.19,200.51,203.29666137695312,203.3,609.9,48615900,-0.000344,0.0
TSLA,2021-06-14,20210614,204.08,208.5,203.06,205.89666748046875,205.9,617.7,61272000,0.012789,0.0
TSLA,2021-06-15,20210615,205.56,205.6,199.41,199.7866668701172,199.79,599.37,53292300,-0.029675,0.0
TSLA,2021-06-16,20210616,199.18,202.83,197.83,201.6233367919922,201.62,604.86,66432300,0.00916,0.0
TSLA,2021-06-17,20210617,200.63,207.16,200.45,205.53334045410156,205.53,616.59,68104200,0.019393,0.0
TSLA,2021-06-18,20210618,204.46,209.45,203.93,207.77000427246094,207.77,623.31,73682700,0.010899,0.0
TSLA,2021-06-21,20210621,208.16,210.46,202.96,206.94332885742188,206.94,620.82,74438100,-0.003995,0.0
TSLA,2021-06-22,20210622,206.08,209.52,205.17,207.90333557128906,207.9,623.7,57476700,0.004639,0.0
TSLA,2021-06-23,20210623,210.67,219.07,210.01,218.85667419433594,218.86,656.58,93297600,0.052718,0.0
TSLA,2021-06-24,20210624,225.0,232.54,222.54,226.60667419433594,226.61,679.83,137947200,0.035411,0.0
TSLA,2021-06-25,20210625,229.86,231.27,222.9,223.9566650390625,223.96,671.88,97490100,-0.011694,0.0
TSLA,2021-06-28,20210628,223.88,231.57,223.44,229.57333374023438,229.57,688.71,64884600,0.025049,0.0
TSLA,2021-06-29,20210629,228.22,229.17,225.3,226.9199981689453,226.92,680.76,52143900,-0.011543,0.0
TSLA,2021-06-30,20210630,226.59,230.94,226.05,226.56666564941406,226.57,679.71,56774700,-0.001542,0.0
TSLA,2021-07-01,20210701,227.97,229.33,224.27,225.97332763671875,225.97,677.91,55903500,-0.002648,0.0
TSLA,2021-07-02,20210702,226.33,233.33,224.42,226.3000030517578,226.3,678.9,81163500,0.00146,0.0
TSLA,2021-07-06,20210706,227.24,228.0,217.13,219.86000061035156,219.86,659.58,69853500,-0.028458,0.0
TSLA,2021-07-07,20210707,221.42,221.9,212.77,214.88333129882812,214.88,644.64,56376000,-0.022651,0.0
TSLA,2021-07-08,20210708,209.46,218.14,206.82,217.60333251953125,217.6,652.8,68319900,0.012658,0.0
TSLA,2021-07-09,20210709,217.73,219.64,214.9,218.98333740234375,218.98,656.94,54421500,0.006342,0.0
TSLA,2021-07-12,20210712,220.73,229.08,220.72,228.56666564941406,228.57,685.71,77781000,0.043794,0.0
TSLA,2021-07-13,20210713,228.77,231.09,222.1,222.84666442871094,222.85,668.55,62898300,-0.025025,0.0
TSLA,2021-07-14,20210714,223.58,226.2,217.61,217.7933349609375,217.79,653.37,64923600,-0.022706,0.0
TSLA,2021-07-15,20210715,219.46,222.05,212.63,216.86666870117188,216.87,650.61,60628800,-0.004224,0.0
TSLA,2021-07-16,20210716,218.23,218.9,214.07,214.74000549316406,214.74,644.22,49113000,-0.009822,0.0
TSLA,2021-07-19,20210719,209.96,215.73,207.1,215.4066619873047,215.41,646.23,63891300,0.00312,0.0
TSLA,2021-07-20,20210720,217.33,220.8,213.5,220.1666717529297,220.17,660.51,46461300,0.022097,0.0
TSLA,2021-07-21,20210721,219.87,221.62,216.76,218.42999267578125,218.43,655.29,41859900,-0.007903,0.0
TSLA,2021-07-22,20210722,218.81,220.72,214.87,216.4199981689453,216.42,649.26,45317100,-0.009202,0.0
TSLA,2021-07-23,20210723,215.45,216.27,212.43,214.4600067138672,214.46,643.38,43814700,-0.009056,0.0
TSLA,2021-07-26,20210726,216.99,222.73,215.7,219.2066650390625,219.21,657.63,76009800,0.022149,0.0
TSLA,2021-07-27,20210727,221.13,222.17,209.08,214.92666625976562,214.93,644.79,98439900,-0.019525,0.0
TSLA,2021-07-28,20210728,215.67,218.32,213.13,215.66000366210938,215.66,646.98,48019800,0.003396,0.0
TSLA,2021-07-29,20210729,216.6,227.9,216.27,225.78334045410156,225.78,677.34,91183800,0.046926,0.0
TSLA,2021-07-30,20210730,223.92,232.51,223.0,229.06666564941406,229.07,687.21,88969200,0.014572,0.0
TSLA,2021-08-02,20210802,233.33,242.31,232.8,236.55667114257812,236.56,709.68,100847400,0.032697,0.0
TSLA,2021-08-03,20210803,239.67,240.88,233.67,236.5800018310547,236.58,709.74,64860900,8.5e-05,0.0
TSLA,2021-08-04,20210804,237.0,241.63,236.31,236.97332763671875,236.97,710.91,51007800,0.001648,0.0
TSLA,2021-08-05,20210805,238.67,240.32,237.14,238.2100067138672,238.21,714.63,38758800,0.005233,0.0
TSLA,2021-08-06,20210806,237.3,238.78,232.54,233.03334045410156,233.03,699.09,46869000,-0.021746,0.0
TSLA,2021-08-09,20210809,236.72,239.68,235.04,237.9199981689453,237.92,713.76,44145900,0.020984,0.0
TSLA,2021-08-10,20210810,238.0,238.86,233.96,236.663330078125,236.66,709.98,40296900,-0.005296,0.0
TSLA,2021-08-11,20210811,237.57,238.39,234.74,235.94000244140625,235.94,707.82,29401800,-0.003042,0.0
TSLA,2021-08-12,20210812,235.45,240.93,233.13,240.75,240.75,722.25,52377300,0.020387,0.0
TSLA,2021-08-13,20210813,241.24,243.3,238.11,239.05667114257812,239.06,717.18,50194500,-0.00702,0.0
TSLA,2021-08-16,20210816,235.02,236.5,225.47,228.72332763671875,228.72,686.16,68032200,-0.043253,0.0
TSLA,2021-08-17,20210817,224.22,224.86,216.28,221.90333557128906,221.9,665.7,71163900,-0.029818,0.0
TSLA,2021-08-18,20210818,223.25,231.92,223.12,229.663330078125,229.66,688.98,61048200,0.034971,0.0
TSLA,2021-08-19,20210819,226.07,228.85,222.53,224.49000549316406,224.49,673.47,42940500,-0.022512,0.0
TSLA,2021-08-20,20210820,227.62,230.71,224.57,226.75332641601562,226.75,680.25,44525700,0.010067,0.0
TSLA,2021-08-23,20210823,228.48,237.38,226.92,235.43333435058594,235.43,706.29,60794700,0.03828,0.0
TSLA,2021-08-24,20210824,236.89,238.41,234.21,236.163330078125,236.16,708.48,39249300,0.003101,0.0
TSLA,2021-08-25,20210825,235.68,238.99,234.67,237.06666564941406,237.07,711.21,37936800,0.003853,0.0
TSLA,2021-08-26,20210826,236.1,238.47,232.54,233.72000122070312,233.72,701.16,39642900,-0.014131,0.0
TSLA,2021-08-27,20210827,235.0,238.33,234.03,237.30667114257812,237.31,711.93,41501400,0.01536,0.0
TSLA,2021-08-30,20210830,238.24,243.67,237.58,243.6366729736328,243.64,730.92,55812600,0.026674,0.0
TSLA,2021-08-31,20210831,244.33,246.8,242.15,245.24000549316406,245.24,735.72,62566200,0.006567,0.0
TSLA,2021-09-01,20210901,244.69,247.33,243.76,244.69667053222656,244.7,734.1,39612900,-0.002202,0.0
TSLA,2021-09-02,20210902,244.83,246.99,243.51,244.1300048828125,244.13,732.39,38331900,-0.002329,0.0
TSLA,2021-09-03,20210903,244.08,244.67,241.4,244.52333068847656,244.52,733.56,45738300,0.001598,0.0
TSLA,2021-09-07,20210907,246.67,253.4,246.42,250.97332763671875,250.97,752.91,60119400,0.026378,0.0
TSLA,2021-09-08,20210908,253.86,254.82,246.92,251.2899932861328,251.29,753.87,56379000,0.001275,0.0
TSLA,2021-09-09,20210909,251.14,254.03,250.54,251.6199951171875,251.62,754.86,42233100,0.001313,0.0
TSLA,2021-09-10,20210910,253.2,254.2,244.84,245.42333984375,245.42,736.26,45552600,-0.02464,0.0
TSLA,2021-09-13,20210913,246.74,248.26,236.28,247.6666717529297,247.67,743.01,68857500,0.009168,0.0
TSLA,2021-09-14,20210914,247.52,251.49,245.47,248.163330078125,248.16,744.48,55574700,0.001978,0.0
TSLA,2021-09-15,20210915,248.33,252.29,246.12,251.94332885742188,251.94,755.82,46073100,0.015232,0.0
TSLA,2021-09-16,20210916,250.94,252.97,249.2,252.3300018310547,252.33,756.99,41770200,0.001548,0.0
TSLA,2021-09-17,20210917,252.38,253.68,250.0,253.163330078125,253.16,759.48,84612600,0.003289,0.0
TSLA,2021-09-20,20210920,244.85,247.33,239.54,243.38999938964844,243.39,730.17,74273100,-0.038592,0.0
TSLA,2021-09-21,20210921,244.93,248.25,243.48,246.4600067138672,246.46,739.38,48992100,0.012614,0.0
TSLA,2021-09-22,20210922,247.84,251.22,246.37,250.64666748046875,250.65,751.95,45378900,0.017001,0.0
TSLA,2021-09-23,20210923,251.67,252.73,249.31,251.2133331298828,251.21,753.63,35842500,0.002234,0.0
TSLA,2021-09-24,20210924,248.63,258.27,248.19,258.1300048828125,258.13,774.39,64119000,0.027547,0.0
TSLA,2021-09-27,20210927,257.71,266.33,256.44,263.78668212890625,263.79,791.37,84212100,0.021927,0.0
TSLA,2021-09-28,20210928,262.4,265.21,255.39,259.1866760253906,259.19,777.57,76144200,-0.017438,0.0
TSLA,2021-09-29,20210929,259.93,264.5,256.89,260.4366760253906,260.44,781.32,62828700,0.004823,0.0
TSLA,2021-09-30,20210930,260.33,263.04,258.33,258.49334716796875,258.49,775.47,53868000,-0.007487,0.0
TSLA,2021-10-01,20211001,259.47,260.26,254.53,258.40667724609375,258.41,775.23,51094200,-0.000309,0.0
TSLA,2021-10-04,20211004,265.5,268.99,258.71,260.510009765625,260.51,781.53,91449900,0.008127,0.0
TSLA,2021-10-05,20211005,261.6,265.77,258.07,260.1966552734375,260.2,780.6,55297800,-0.00119,0.0
TSLA,2021-10-06,20211006,258.73,262.22,257.74,260.9166564941406,260.92,782.76,43898400,0.002767,0.0
TSLA,2021-10-07,20211007,261.82,268.33,261.13,264.53668212890625,264.54,793.62,57587400,0.013874,0.0
TSLA,2021-10-08,20211008,265.4,265.46,260.3,261.8299865722656,261.83,785.49,50215800,-0.010244,0.0
TSLA,2021-10-11,20211011,262.55,267.08,261.83,263.9800109863281,263.98,791.94,42600900,0.008211,0.0
TSLA,2021-10-12,20211012,266.98,270.77,265.52,268.5733337402344,268.57,805.71,66060000,0.017388,0.0
TSLA,2021-10-13,20211013,270.16,271.8,268.59,270.3599853515625,270.36,811.08,42360300,0.006665,0.0
TSLA,2021-10-14,20211014,271.83,273.42,271.12,272.7733459472656,272.77,818.31,36741600,0.008914,0.0
TSLA,2021-10-15,20211015,274.58,281.07,274.12,281.010009765625,281.01,843.03,56773800,0.030209,0.0
TSLA,2021-10-18,20211018,283.93,291.75,283.82,290.03668212890625,290.04,870.12,72621600,0.032134,0.0
TSLA,2021-10-19,20211019,292.51,292.65,287.5,288.0899963378906,288.09,864.27,52143300,-0.006723,0.0
TSLA,2021-10-20,20211020,288.45,289.83,285.79,288.6000061035156,288.6,865.8,42096300,0.00177,0.0
TSLA,2021-10-21,20211021,285.33,300.0,285.17,298.0,298.0,894.0,94444500,0.032571,0.0
TSLA,2021-10-22,20211022,298.5,303.33,296.99,303.2266540527344,303.23,909.69,68642400,0.01755,0.0
TSLA,2021-10-25,20211025,316.84,348.34,314.73,341.6199951171875,341.62,1024.86,188556300,0.126604,0.0
TSLA,2021-10-26,20211026,341.56,364.98,333.81,339.4766540527344,339.48,1018.44,187245000,-0.006264,0.0
TSLA,2021-10-27,20211027,346.55,356.96,343.59,345.9533386230469,345.95,1037.85,115579500,0.019059,0.0
TSLA,2021-10-28,20211028,356.1,360.33,351.4,359.0133361816406,359.01,1077.03,81639600,0.037751,0.0
TSLA,2021-10-29,20211029,360.62,371.74,357.74,371.3333435058594,371.33,1113.99,89755200,0.034317,0.0
TSLA,2021-11-01,20211101,381.67,403.25,372.89,402.86334228515625,402.86,1208.58,168146100,0.084911,0.0
TSLA,2021-11-02,20211102,386.45,402.86,382.0,390.6666564941406,390.67,1172.01,128213400,-0.030259,0.0
TSLA,2021-11-03,20211103,392.44,405.13,384.21,404.6199951171875,404.62,1213.86,103885500,0.035708,0.0
TSLA,2021-11-04,20211104,411.47,414.5,405.67,409.9700012207031,409.97,1229.91,76192200,0.013222,0.0
TSLA,2021-11-05,20211105,409.33,413.29,402.67,407.36334228515625,407.36,1222.08,64886400,-0.006366,0.0
TSLA,2021-11-08,20211108,383.26,399.0,377.67,387.64666748046875,387.65,1162.95,100337100,-0.048385,0.0
TSLA,2021-11-09,20211109,391.2,391.5,337.17,341.1666564941406,341.17,1023.51,177317400,-0.119902,0.0
TSLA,2021-11-10,20211110,336.8,359.37,329.1,355.98333740234375,355.98,1067.94,128408100,0.043409,0.0
TSLA,2021-11-11,20211111,367.59,368.32,351.56,354.5033264160156,354.5,1063.5,67189800,-0.004158,0.0
TSLA,2021-11-12,20211112,349.17,351.5,339.73,344.47332763671875,344.47,1033.41,76719300,-0.028293,0.0
TSLA,2021-11-15,20211115,339.21,343.99,326.2,337.7966613769531,337.8,1013.4,104326800,-0.019363,0.0
TSLA,2021-11-16,20211116,334.44,352.4,334.06,351.57666015625,351.58,1054.74,79627200,0.040793,0.0
TSLA,2021-11-17,20211117,354.5,373.21,351.83,363.0033264160156,363.0,1089.0,94336200,0.032482,0.0
TSLA,2021-11-18,20211118,368.85,370.67,358.34,365.4599914550781,365.46,1096.38,62696700,0.006777,0.0
TSLA,2021-11-19,20211119,366.29,379.57,364.23,379.0199890136719,379.02,1137.06,64926900,0.037104,0.0
TSLA,2021-11-22,20211122,387.44,400.65,377.48,385.6233215332031,385.62,1156.86,99217500,0.017413,0.0
TSLA,2021-11-23,20211123,389.17,393.5,354.23,369.6766662597656,369.68,1109.04,108515100,-0.041336,0.0
TSLA,2021-11-24,20211124,360.13,377.59,354.0,372.0,372.0,1116.0,67680600,0.006276,0.0
TSLA,2021-11-26,20211126,366.49,369.59,360.33,360.6400146484375,360.64,1081.92,35042700,-0.030538,0.0
TSLA,2021-11-29,20211129,367.0,380.89,366.73,378.9966735839844,379.0,1137.0,58393500,0.050909,0.0
TSLA,2021-11-30,20211130,381.46,389.33,372.67,381.586669921875,381.59,1144.77,81276000,0.006834,0.0
TSLA,2021-12-01,20211201,386.9,390.95,363.59,365.0,365.0,1095.0,68450400,-0.043476,0.0
TSLA,2021-12-02,20211202,366.35,371.0,352.22,361.5333251953125,361.53,1084.59,73114800,-0.009507,0.0
TSLA,2021-12-03,20211203,361.6,363.53,333.4,338.3233337402344,338.32,1014.96,92322000,-0.064199,0.0
TSLA,2021-12-06,20211206,333.84,340.55,316.83,336.336669921875,336.34,1009.02,81663000,-0.005852,0.0
TSLA,2021-12-07,20211207,348.07,352.56,342.27,350.5833435058594,350.58,1051.74,56084700,0.042338,0.0
TSLA,2021-12-08,20211208,350.9,357.46,344.33,356.32000732421875,356.32,1068.96,41906400,0.016373,0.0
TSLA,2021-12-09,20211209,353.55,354.16,334.12,334.6000061035156,334.6,1003.8,59438400,-0.060956,0.0
TSLA,2021-12-10,20211210,336.25,340.33,327.51,339.010009765625,339.01,1017.03,59664300,0.01318,0.0
TSLA,2021-12-13,20211213,333.7,335.0,317.14,322.13665771484375,322.14,966.42,78595500,-0.049763,0.0
TSLA,2021-12-14,20211214,315.0,322.14,310.0,319.5033264160156,319.5,958.5,70806300,-0.008195,0.0
TSLA,2021-12-15,20211215,317.74,326.25,309.42,325.3299865722656,325.33,975.99,75169200,0.018247,0.0
TSLA,2021-12-16,20211216,331.5,331.66,307.28,308.97332763671875,308.97,926.91,82771500,-0.050287,0.0
TSLA,2021-12-17,20211217,304.92,320.22,303.01,310.8566589355469,310.86,932.58,100437300,0.006117,0.0
TSLA,2021-12-20,20211220,303.57,307.23,297.8,299.9800109863281,299.98,899.94,56480100,-0.035,0.0
TSLA,2021-12-21,20211221,305.62,313.17,295.37,312.84332275390625,312.84,938.52,71517900,0.04287,0.0
TSLA,2021-12-22,20211222,321.89,338.55,319.02,336.2900085449219,336.29,1008.87,93634200,0.074958,0.0
TSLA,2021-12-23,20211223,335.6,357.66,332.52,355.6666564941406,355.67,1067.01,92713200,0.057629,0.0
TSLA,2021-12-27,20211227,357.89,372.33,356.91,364.64666748046875,364.65,1093.95,71145900,0.025248,0.0
TSLA,2021-12-28,20211228,369.83,373.0,359.47,362.8233337402344,362.82,1088.46,60324000,-0.005019,0.0
TSLA,2021-12-29,20211229,366.21,368.0,354.71,362.0633239746094,362.06,1086.18,56154000,-0.002095,0.0
TSLA,2021-12-30,20211230,353.78,365.18,351.05,356.7799987792969,356.78,1070.34,47040900,-0.014583,0.0
TSLA,2021-12-31,20211231,357.81,360.67,351.53,352.260009765625,352.26,1056.78,40733700,-0.012669,0.0
TSLA,2022-01-03,20220103,382.58,400.36,378.68,399.9266662597656,399.93,1199.79,103931400,0.135326,0.0
TSLA,2022-01-04,20220104,396.52,402.67,374.35,383.1966552734375,383.2,1149.6,100248300,-0.041832,0.0
TSLA,2022-01-05,20220105,382.22,390.11,360.34,362.7066650390625,362.71,1088.13,80119800,-0.053471,0.0
TSLA,2022-01-06,20220106,359.0,362.67,340.17,354.8999938964844,354.9,1064.7,90336600,-0.021532,0.0
TSLA,2022-01-07,20220107,360.12,360.31,336.67,342.32000732421875,342.32,1026.96,84164700,-0.035447,0.0
TSLA,2022-01-10,20220110,333.33,353.03,326.67,352.7066650390625,352.71,1058.13,91815000,0.030352,0.0
TSLA,2022-01-11,20220111,351.22,358.62,346.27,354.79998779296875,354.8,1064.4,66063300,0.005926,0.0
TSLA,2022-01-12,20220112,359.62,371.61,357.53,368.739990234375,368.74,1106.22,83739000,0.03929,0.0
TSLA,2022-01-13,20220113,369.69,371.87,342.18,343.85333251953125,343.85,1031.55,97209900,-0.0675,0.0
TSLA,2022-01-14,20220114,339.96,350.67,337.79,349.8699951171875,349.87,1049.61,72924300,0.017508,0.0
TSLA,2022-01-18,20220118,342.2,356.93,338.69,343.5033264160156,343.5,1030.5,66743400,-0.018207,0.0
TSLA,2022-01-19,20220119,347.24,351.56,331.67,331.8833312988281,331.88,995.64,75442500,-0.033828,0.0
TSLA,2022-01-20,20220120,336.58,347.22,331.33,332.0899963378906,332.09,996.27,70488600,0.000633,0.0
TSLA,2022-01-21,20220121,332.11,334.85,313.5,314.6333312988281,314.63,943.89,103416000,-0.052576,0.0
TSLA,2022-01-24,20220124,301.59,311.17,283.82,310.0,310.0,930.0,151565700,-0.014716,0.0
TSLA,2022-01-25,20220125,304.73,317.09,301.07,306.1333312988281,306.13,918.39,86595900,-0.012484,0.0
TSLA,2022-01-26,20220126,317.48,329.23,302.0,312.4700012207031,312.47,937.41,104867400,0.02071,0.0
TSLA,2022-01-27,20220127,311.12,311.8,276.33,276.3666687011719,276.37,829.11,147109500,-0.115531,0.0
TSLA,2022-01-28,20220128,277.19,285.83,264.0,282.1166687011719,282.12,846.36,134789100,0.020805,0.0
TSLA,2022-01-31,20220131,290.9,312.66,287.35,312.239990234375,312.24,936.72,104436000,0.106763,0.0
TSLA,2022-02-01,20220201,311.74,314.57,301.67,310.4166564941406,310.42,931.26,73138200,-0.005829,0.0
TSLA,2022-02-02,20220202,309.39,310.5,296.47,301.88665771484375,301.89,905.67,66792900,-0.027479,0.0
TSLA,2022-02-03,20220203,294.0,312.33,293.51,297.0466613769531,297.05,891.15,78855600,-0.016032,0.0
TSLA,2022-02-04,20220204,299.07,312.17,293.72,307.7733459472656,307.77,923.31,73625400,0.036088,0.0
TSLA,2022-02-07,20220207,307.93,315.92,300.9,302.4466552734375,302.45,907.35,60994500,-0.017286,0.0
TSLA,2022-02-08,20220208,301.84,308.76,298.27,307.3333435058594,307.33,921.99,50729100,0.016135,0.0
TSLA,2022-02-09,20220209,311.67,315.42,306.67,310.6666564941406,310.67,932.01,52259400,0.010868,0.0
TSLA,2022-02-10,20220210,302.79,314.6,298.9,301.51666259765625,301.52,904.56,66126900,-0.029452,0.0
TSLA,2022-02-11,20220211,303.21,305.32,283.57,286.6666564941406,286.67,860.01,79645800,-0.04925,0.0
TSLA,2022-02-14,20220214,287.19,299.63,284.38,291.9200134277344,291.92,875.76,67756500,0.018314,0.0
TSLA,2022-02-15,20220215,300.0,307.67,297.79,307.4766540527344,307.48,922.44,57286200,0.053302,0.0
TSLA,2022-02-16,20220216,304.68,308.81,300.4,307.7966613769531,307.8,923.4,51294300,0.001041,0.0
TSLA,2022-02-17,20220217,304.42,306.17,291.37,292.1166687011719,292.12,876.36,55178400,-0.050942,0.0
TSLA,2022-02-18,20220218,295.33,295.62,279.2,285.6600036621094,285.66,856.98,68501700,-0.022114,0.0
TSLA,2022-02-22,20220222,278.04,285.58,267.03,273.84332275390625,273.84,821.52,83288100,-0.041378,0.0
TSLA,2022-02-23,20220223,276.81,278.43,253.52,254.67999267578125,254.68,764.04,95256900,-0.069968,0.0
TSLA,2022-02-24,20220224,233.46,267.49,233.33,266.92333984375,266.92,800.76,135322200,0.04806,0.0
TSLA,2022-02-25,20220225,269.74,273.17,260.8,269.9566650390625,269.96,809.88,76067700,0.011389,0.0
TSLA,2022-02-28,20220228,271.67,292.29,271.57,290.1433410644531,290.14,870.42,99006900,0.074752,0.0
TSLA,2022-03-01,20220301,289.89,296.63,284.59,288.1233215332031,288.12,864.36,74766900,-0.006962,0.0
TSLA,2022-03-02,20220302,290.71,295.49,281.42,293.2966613769531,293.3,879.9,74643300,0.017979,0.0
TSLA,2022-03-03,20220303,292.92,295.48,277.53,279.7633361816406,279.76,839.28,61623600,-0.046164,0.0
TSLA,2022-03-04,20220304,283.03,285.22,275.05,279.42999267578125,279.43,838.29,66999600,-0.00118,0.0
TSLA,2022-03-07,20220307,285.43,288.71,268.19,268.1933288574219,268.19,804.57,72494100,-0.040225,0.0
TSLA,2022-03-08,20220308,265.18,283.33,260.72,274.79998779296875,274.8,824.4,80399100,0.024647,0.0
TSLA,2022-03-09,20220309,279.83,286.85,277.34,286.3233337402344,286.32,858.96,59184000,0.041921,0.0
TSLA,2022-03-10,20220310,283.82,284.82,270.12,279.4333190917969,279.43,838.29,58648500,-0.024064,0.0
TSLA,2022-03-11,20220311,280.07,281.27,264.59,265.1166687011719,265.12,795.36,67037100,-0.051211,0.0
TSLA,2022-03-14,20220314,260.2,266.9,252.01,255.4566650390625,255.46,766.38,71152200,-0.036436,0.0
TSLA,2022-03-15,20220315,258.42,268.52,252.19,267.2966613769531,267.3,801.9,66841200,0.046348,0.0
TSLA,2022-03-16,20220316,269.67,280.67,267.42,280.07666015625,280.08,840.24,84028800,0.047811,0.0
TSLA,2022-03-17,20220317,277.0,291.67,275.24,290.5333251953125,290.53,871.59,66582900,0.037311,0.0
TSLA,2022-03-18,20220318,291.5,302.62,289.13,301.7966613769531,301.8,905.4,100414200,0.038791,0.0
TSLA,2022-03-21,20220321,304.99,314.28,302.36,307.0533447265625,307.05,921.15,81981600,0.017396,0.0
TSLA,2022-03-22,20220322,310.0,332.62,307.25,331.32666015625,331.33,993.99,105868500,0.079075,0.0
TSLA,2022-03-23,20220323,326.65,346.9,325.47,333.03668212890625,333.04,999.12,120676200,0.005161,0.0
TSLA,2022-03-24,20220324,336.58,341.5,329.6,337.97332763671875,337.97,1013.91,68920800,0.014803,0.0
TSLA,2022-03-25,20220325,336.0,340.6,332.44,336.8800048828125,336.88,1010.64,62031600,-0.003225,0.0
TSLA,2022-03-28,20220328,355.03,365.96,351.2,363.9466552734375,363.95,1091.85,102506100,0.080355,0.0
TSLA,2022-03-29,20220329,369.33,371.59,357.7,366.5233459472656,366.52,1099.56,73614900,0.007061,0.0
TSLA,2022-03-30,20220330,363.72,371.32,361.33,364.663330078125,364.66,1093.98,59865000,-0.005075,0.0
TSLA,2022-03-31,20220331,364.86,367.71,358.88,359.20001220703125,359.2,1077.6,48992700,-0.014973,0.0
TSLA,2022-04-01,20220401,360.38,364.92,355.55,361.5299987792969,361.53,1084.59,54263100,0.006487,0.0
TSLA,2022-04-04,20220404,363.13,383.3,357.51,381.8166809082031,381.82,1145.46,82035900,0.056123,0.0
TSLA,2022-04-05,20220405,378.77,384.29,362.43,363.7533264160156,363.75,1091.25,80075100,-0.047326,0.0
TSLA,2022-04-06,20220406,357.82,359.67,342.57,348.586669921875,348.59,1045.77,89348400,-0.041677,0.0
TSLA,2022-04-07,20220407,350.8,358.86,340.51,352.4200134277344,352.42,1057.26,79447200,0.010987,0.0
TSLA,2022-04-08,20220408,347.74,349.48,340.81,341.8299865722656,341.83,1025.49,55013700,-0.030049,0.0
TSLA,2022-04-11,20220411,326.8,336.16,324.88,325.30999755859375,325.31,975.93,59357100,-0.048328,0.0
TSLA,2022-04-12,20220412,332.55,340.4,325.53,328.98333740234375,328.98,986.94,65976000,0.011282,0.0
TSLA,2022-04-13,20220413,327.03,342.08,324.37,340.7900085449219,340.79,1022.37,55121100,0.035899,0.0
TSLA,2022-04-14,20220414,333.1,337.57,327.4,328.3333435058594,328.33,984.99,58422300,-0.036562,0.0
TSLA,2022-04-18,20220418,329.68,338.31,324.47,334.7633361816406,334.76,1004.28,51715200,0.019584,0.0
TSLA,2022-04-19,20220419,335.02,344.98,331.78,342.7166748046875,342.72,1028.16,49847700,0.023778,0.0
TSLA,2022-04-20,20220420,343.33,344.67,325.08,325.73333740234375,325.73,977.19,70711200,-0.049574,0.0
TSLA,2022-04-21,20220421,358.24,364.07,332.14,336.260009765625,336.26,1008.78,105416400,0.032327,0.0
TSLA,2022-04-22,20220422,338.3,344.95,331.33,335.01666259765625,335.02,1005.06,69696600,-0.003688,0.0
TSLA,2022-04-25,20220425,326.32,336.21,325.1,332.67333984375,332.67,998.01,68341200,-0.007015,0.0
TSLA,2022-04-26,20220426,331.81,333.33,291.67,292.1400146484375,292.14,876.42,136133700,-0.121832,0.0
TSLA,2022-04-27,20220427,299.53,306.0,292.45,293.836669921875,293.84,881.52,76956300,0.005819,0.0
TSLA,2022-04-28,20220428,299.99,300.0,273.9,292.5033264160156,292.5,877.5,124948500,-0.00456,0.0
TSLA,2022-04-29,20220429,300.75,311.47,290.0,290.2533264160156,290.25,870.75,88133100,-0.007692,0.0
TSLA,2022-05-02,20220502,286.92,302.12,282.68,300.9800109863281,300.98,902.94,75781500,0.036968,0.0
TSLA,2022-05-03,20220503,301.06,308.03,296.2,303.0833435058594,303.08,909.24,63709500,0.006977,0.0
TSLA,2022-05-04,20220504,301.31,318.5,295.09,317.5400085449219,317.54,952.62,81643800,0.04771,0.0
TSLA,2022-05-05,20220505,313.01,315.2,285.9,291.09332275390625,291.09,873.27,92519100,-0.083297,0.0
TSLA,2022-05-06,20220506,295.67,296.0,281.04,288.54998779296875,288.55,865.65,72903000,-0.008726,0.0
TSLA,2022-05-09,20220509,278.82,281.88,260.38,262.3699951171875,262.37,787.11,90810300,-0.09073,0.0
TSLA,2022-05-10,20220510,273.1,275.12,258.08,266.67999267578125,266.68,800.04,84401700,0.016427,0.0
TSLA,2022-05-11,20220511,265.0,269.92,242.4,244.6666717529297,244.67,734.01,97224600,-0.082533,0.0
TSLA,2022-05-12,20220512,233.67,253.22,226.67,242.6666717529297,242.67,728.01,140313000,-0.008174,0.0
TSLA,2022-05-13,20220513,257.83,262.45,250.52,256.5299987792969,256.53,769.59,92150700,0.057115,0.0
TSLA,2022-05-16,20220516,255.72,256.59,239.7,241.4566650390625,241.46,724.38,86098500,-0.058746,0.0
TSLA,2022-05-17,20220517,249.12,254.83,242.95,253.8699951171875,253.87,761.61,80236200,0.051396,0.0
TSLA,2022-05-18,20220518,248.17,253.5,233.6,236.60333251953125,236.6,709.8,87811800,-0.068027,0.0
TSLA,2022-05-19,20220519,235.67,244.67,231.37,236.47332763671875,236.47,709.41,90296700,-0.000549,0.0
TSLA,2022-05-20,20220520,238.0,240.53,211.0,221.3000030517578,221.3,663.9,144973200,-0.064152,0.0
TSLA,2022-05-23,20220523,218.34,226.65,212.69,224.96665954589844,224.97,674.91,88903500,0.016584,0.0
TSLA,2022-05-24,20220524,217.84,217.97,206.86,209.3866729736328,209.39,628.17,89092500,-0.069254,0.0
TSLA,2022-05-25,20220525,207.95,223.11,207.67,219.60000610351562,219.6,658.8,92139300,0.048761,0.0
TSLA,2022-05-26,20220526,220.47,239.56,217.89,235.91000366210938,235.91,707.73,106003200,0.074271,0.0
TSLA,2022-05-27,20220527,241.08,253.27,240.18,253.2100067138672,253.21,759.63,89295000,0.073333,0.0
TSLA,2022-05-31,20220531,257.95,259.6,244.74,252.75332641601562,252.75,758.25,101914500,-0.001817,0.0
TSLA,2022-06-01,20220601,251.72,257.33,243.64,246.7899932861328,246.79,740.37,77247900,-0.023581,0.0
TSLA,2022-06-02,20220602,244.16,264.21,242.07,258.3333435058594,258.33,774.99,93473100,0.04676,0.0
TSLA,2022-06-03,20220603,243.23,247.8,233.42,234.51666259765625,234.52,703.56,112393800,-0.092169,0.0
TSLA,2022-06-06,20220606,244.35,244.87,234.35,238.27999877929688,238.28,714.84,84204600,0.016033,0.0
TSLA,2022-06-07,20220607,234.0,240.0,230.09,238.8866729736328,238.89,716.67,72808500,0.00256,0.0
TSLA,2022-06-08,20220608,240.09,249.96,239.18,241.86666870117188,241.87,725.61,76210500,0.012474,0.0
TSLA,2022-06-09,20220609,249.34,255.55,239.33,239.7066650390625,239.71,719.13,96491400,-0.00893,0.0
TSLA,2022-06-10,20220610,235.16,239.5,227.91,232.22999572753906,232.23,696.69,97536600,-0.031204,0.0
TSLA,2022-06-13,20220613,223.17,226.63,214.68,215.73666381835938,215.74,647.22,102767400,-0.071007,0.0
TSLA,2022-06-14,20220614,218.29,226.33,211.74,220.88999938964844,220.89,662.67,97988700,0.023871,0.0
TSLA,2022-06-15,20220615,220.92,235.66,218.15,233.0,233.0,699.0,119131800,0.054824,0.0
TSLA,2022-06-16,20220616,222.74,225.17,208.69,213.10000610351562,213.1,639.3,107390700,-0.085408,0.0
TSLA,2022-06-17,20220617,213.43,220.97,213.2,216.75999450683594,216.76,650.28,92641800,0.017175,0.0
TSLA,2022-06-21,20220621,224.6,243.58,224.33,237.0366668701172,237.04,711.12,122793000,0.09356,0.0
TSLA,2022-06-22,20220622,234.5,246.83,233.83,236.086669921875,236.09,708.27,101107500,-0.004008,0.0
TSLA,2022-06-23,20220623,237.91,239.32,228.64,235.07000732421875,235.07,705.21,104202600,-0.00432,0.0
TSLA,2022-06-24,20220624,237.47,246.07,236.09,245.7066650390625,245.71,737.13,95770800,0.045263,0.0
TSLA,2022-06-27,20220627,249.37,252.07,242.57,244.9199981689453,244.92,734.76,89178300,-0.003215,0.0
TSLA,2022-06-28,20220628,244.48,249.97,232.34,232.663330078125,232.66,697.98,90391200,-0.050057,0.0
TSLA,2022-06-29,20220629,230.5,231.17,222.27,228.49000549316406,228.49,685.47,82897200,-0.017923,0.0
TSLA,2022-06-30,20220630,224.51,229.46,218.86,224.47332763671875,224.47,673.41,94600500,-0.017594,0.0
TSLA,2022-07-01,20220701,227.0,230.23,222.12,227.26333618164062,227.26,681.78,74460300,0.012429,0.0
TSLA,2022-07-05,20220705,223.0,233.15,216.17,233.06666564941406,233.07,699.21,84581100,0.025565,0.0
TSLA,2022-07-06,20220706,230.78,234.56,227.19,231.73333740234375,231.73,695.19,71853600,-0.005749,0.0
TSLA,2022-07-07,20220707,233.92,245.36,232.21,244.5433349609375,244.54,733.62,81930600,0.05528,0.0
TSLA,2022-07-08,20220708,242.33,254.98,241.16,250.76333618164062,250.76,752.28,101854200,0.025436,0.0
TSLA,2022-07-11,20220711,252.1,253.06,233.63,234.3433380126953,234.34,703.02,99241200,-0.065481,0.0
TSLA,2022-07-12,20220712,236.85,239.77,228.37,233.07000732421875,233.07,699.21,87930900,-0.005419,0.0
TSLA,2022-07-13,20220713,225.5,242.06,225.03,237.0399932861328,237.04,711.12,97954500,0.017034,0.0
TSLA,2022-07-14,20220714,234.9,238.65,229.33,238.31333923339844,238.31,714.93,78557400,0.005358,0.0
TSLA,2022-07-15,20220715,240.0,243.62,236.89,240.06666564941406,240.07,720.21,69683100,0.007385,0.0
TSLA,2022-07-18,20220718,244.94,250.52,239.6,240.54666137695312,240.55,721.65,82537500,0.001999,0.0
TSLA,2022-07-19,20220719,245.0,247.14,236.98,245.52999877929688,245.53,736.59,80890200,0.020703,0.0
TSLA,2022-07-20,20220720,246.78,250.66,243.48,247.5,247.5,742.5,88864200,0.008023,0.0
TSLA,2022-07-21,20220721,255.11,273.27,254.87,271.7066650390625,271.71,815.13,142032300,0.097818,0.0
TSLA,2022-07-22,20220722,276.22,280.79,270.71,272.24334716796875,272.24,816.72,103472700,0.001951,0.0
TSLA,2022-07-25,20220725,272.22,274.15,267.4,268.4333190917969,268.43,805.29,64073400,-0.013995,0.0
TSLA,2022-07-26,20220726,266.51,267.31,256.26,258.8599853515625,258.86,776.58,66820800,-0.035652,0.0
TSLA,2022-07-27,20220727,263.81,275.93,261.79,274.82000732421875,274.82,824.46,88110000,0.061655,0.0
TSLA,2022-07-28,20220728,280.07,283.3,272.8,280.8999938964844,280.9,842.7,84723000,0.022124,0.0
TSLA,2022-07-29,20220729,280.7,298.32,279.1,297.1499938964844,297.15,891.45,95313000,0.05785,0.0
TSLA,2022-08-01,20220801,301.28,311.88,295.0,297.27667236328125,297.28,891.84,117042900,0.000437,0.0
TSLA,2022-08-02,20220802,294.0,307.83,292.67,300.586669921875,300.59,901.77,95577600,0.011134,0.0
TSLA,2022-08-03,20220803,305.0,309.55,301.15,307.39666748046875,307.4,922.2,80091000,0.022655,0.0
TSLA,2022-08-04,20220804,311.0,313.61,305.0,308.6333312988281,308.63,925.89,72256200,0.004001,0.0
TSLA,2022-08-05,20220805,302.67,304.61,285.54,288.1700134277344,288.17,864.51,113172900,-0.066293,0.0
TSLA,2022-08-08,20220808,295.0,305.2,289.09,290.42333984375,290.42,871.26,98994000,0.007808,0.0
TSLA,2022-08-09,20220809,290.29,292.4,279.35,283.3333435058594,283.33,849.99,86244600,-0.024413,0.0
TSLA,2022-08-10,20220810,297.07,297.51,283.37,294.3566589355469,294.36,883.08,94918800,0.03893,0.0
TSLA,2022-08-11,20220811,296.51,298.24,285.83,286.6300048828125,286.63,859.89,70155000,-0.02626,0.0
TSLA,2022-08-12,20220812,289.42,300.16,285.03,300.0299987792969,300.03,900.09,79657200,0.04675,0.0
TSLA,2022-08-15,20220815,301.79,313.13,301.23,309.32000732421875,309.32,927.96,89359200,0.030964,0.0
TSLA,2022-08-16,20220816,311.67,314.67,302.88,306.5633239746094,306.56,919.68,88136400,-0.008923,0.0
TSLA,2022-08-17,20220817,303.4,309.66,300.03,303.9966735839844,304.0,912.0,68766000,-0.008351,0.0
TSLA,2022-08-18,20220818,306.0,306.5,301.85,302.8699951171875,302.87,908.61,47500500,-0.003717,0.0
TSLA,2022-08-19,20220819,299.0,300.36,292.5,296.6666564941406,296.67,890.01,61395300,-0.020471,0.0
TSLA,2022-08-22,20220822,291.91,292.4,286.3,289.913330078125,289.91,869.73,55843200,-0.022786,0.0
TSLA,2022-08-23,20220823,291.45,298.83,287.92,296.4533386230469,296.45,889.35,63984900,0.022559,0.0
TSLA,2022-08-24,20220824,297.56,303.65,296.5,297.0966796875,297.1,891.3,57259800,0.002193,0.0
TSLA,2022-08-25,20220825,302.36,302.96,291.6,296.07000732421875,296.07,296.07,53230000,-0.003467,3.0
TSLA,2022-08-26,20220826,297.43,302.0,287.47,288.0899963378906,288.09,288.09,57163900,-0.026953,0.0
TSLA,2022-08-29,20220829,282.83,287.74,280.7,284.82000732421875,284.82,284.82,41864700,-0.011351,0.0
TSLA,2022-08-30,20220830,287.87,288.48,272.65,277.70001220703125,277.7,277.7,50541800,-0.024998,0.0
TSLA,2022-08-31,20220831,280.62,281.25,271.81,275.6099853515625,275.61,275.61,52107300,-0.007526,0.0
TSLA,2022-09-01,20220901,272.58,277.58,266.15,277.1600036621094,277.16,277.16,54287000,0.005624,0.0
TSLA,2022-09-02,20220902,281.07,282.35,269.08,270.2099914550781,270.21,270.21,50890100,-0.025076,0.0
TSLA,2022-09-06,20220906,272.68,275.99,265.74,274.4200134277344,274.42,274.42,55860000,0.01558,0.0
TSLA,2022-09-07,20220907,273.1,283.84,272.27,283.70001220703125,283.7,283.7,50028900,0.033817,0.0
TSLA,2022-09-08,20220908,281.3,289.5,279.76,289.260009765625,289.26,289.26,53713100,0.019598,0.0
TSLA,2022-09-09,20220909,291.67,299.85,291.25,299.67999267578125,299.68,299.68,54338100,0.036023,0.0
TSLA,2022-09-12,20220912,300.72,305.49,300.4,304.4200134277344,304.42,304.42,48674600,0.015817,0.0
TSLA,2022-09-13,20220913,292.9,297.4,290.4,292.1300048828125,292.13,292.13,68229600,-0.040372,0.0
TSLA,2022-09-14,20220914,292.24,306.0,291.64,302.6099853515625,302.61,302.61,72628700,0.035874,0.0
TSLA,2022-09-15,20220915,301.83,309.12,300.72,303.75,303.75,303.75,64795500,0.003767,0.0
TSLA,2022-09-16,20220916,299.61,303.71,295.6,303.3500061035156,303.35,303.35,87087800,-0.001317,0.0
TSLA,2022-09-19,20220919,300.09,309.84,297.8,309.07000732421875,309.07,309.07,60231200,0.018856,0.0
TSLA,2022-09-20,20220920,306.91,313.33,305.58,308.7300109863281,308.73,308.73,61642800,-0.0011,0.0
TSLA,2022-09-21,20220921,308.29,313.8,300.63,300.79998779296875,300.8,300.8,62555700,-0.025686,0.0
TSLA,2022-09-22,20220922,299.86,301.29,285.82,288.5899963378906,288.59,288.59,70545400,-0.040592,0.0
TSLA,2022-09-23,20220923,283.09,284.5,272.82,275.3299865722656,275.33,275.33,63748400,-0.045948,0.0
TSLA,2022-09-26,20220926,271.83,284.09,270.31,276.010009765625,276.01,276.01,58076900,0.00247,0.0
TSLA,2022-09-27,20220927,283.84,288.67,277.51,282.94000244140625,282.94,282.94,61925200,0.025108,0.0
TSLA,2022-09-28,20220928,283.08,289.0,277.57,287.80999755859375,287.81,287.81,54664800,0.017212,0.0
TSLA,2022-09-29,20220929,282.76,283.65,265.78,268.2099914550781,268.21,268.21,77620600,-0.0681,0.0
TSLA,2022-09-30,20220930,266.15,275.57,262.47,265.25,265.25,265.25,67726600,-0.011036,0.0
TSLA,2022-10-03,20221003,254.5,255.16,241.01,242.39999389648438,242.4,242.4,98363500,-0.086145,0.0
TSLA,2022-10-04,20221004,250.52,257.5,242.01,249.44000244140625,249.44,249.44,109578500,0.029043,0.0
TSLA,2022-10-05,20221005,245.01,246.67,233.27,240.80999755859375,240.81,240.81,86982700,-0.034597,0.0
TSLA,2022-10-06,20221006,239.44,244.58,235.35,238.1300048828125,238.13,238.13,69298400,-0.011129,0.0
TSLA,2022-10-07,20221007,233.94,234.57,222.02,223.07000732421875,223.07,223.07,83916800,-0.063243,0.0
TSLA,2022-10-10,20221010,223.93,226.99,218.36,222.9600067138672,222.96,222.96,67925000,-0.000493,0.0
TSLA,2022-10-11,20221011,220.95,225.75,215.0,216.5,216.5,216.5,77013200,-0.028974,0.0
TSLA,2022-10-12,20221012,215.33,219.3,211.51,217.24000549316406,217.24,217.24,66860700,0.003418,0.0
TSLA,2022-10-13,20221013,208.3,222.99,206.22,221.72000122070312,221.72,221.72,91483000,0.020622,0.0
TSLA,2022-10-14,20221014,224.01,226.26,204.16,204.99000549316406,204.99,204.99,94124500,-0.075456,0.0
TSLA,2022-10-17,20221017,210.04,221.86,209.45,219.35000610351562,219.35,219.35,79428800,0.070052,0.0
TSLA,2022-10-18,20221018,229.5,229.82,217.25,220.19000244140625,220.19,220.19,75891900,0.003829,0.0
TSLA,2022-10-19,20221019,219.8,222.93,217.78,222.0399932861328,222.04,222.04,66571500,0.008402,0.0
TSLA,2022-10-20,20221020,208.28,215.55,202.0,207.27999877929688,207.28,207.28,117798100,-0.066475,0.0
TSLA,2022-10-21,20221021,206.42,214.66,203.8,214.44000244140625,214.44,214.44,75713800,0.034543,0.0
TSLA,2022-10-24,20221024,205.82,213.5,198.59,211.25,211.25,211.25,100446800,-0.014876,0.0
TSLA,2022-10-25,20221025,210.1,224.35,210.0,222.4199981689453,222.42,222.42,96507900,0.052876,0.0
TSLA,2022-10-26,20221026,219.4,230.6,218.2,224.63999938964844,224.64,224.64,85012500,0.009981,0.0
TSLA,2022-10-27,20221027,229.77,233.81,222.85,225.08999633789062,225.09,225.09,61638800,0.002003,0.0
TSLA,2022-10-28,20221028,225.4,228.86,216.35,228.52000427246094,228.52,228.52,69152400,0.015238,0.0
TSLA,2022-10-31,20221031,226.19,229.85,221.94,227.5399932861328,227.54,227.54,61554300,-0.004288,0.0
TSLA,2022-11-01,20221101,234.05,237.4,227.28,227.82000732421875,227.82,227.82,62688800,0.001231,0.0
TSLA,2022-11-02,20221102,226.04,227.87,214.82,214.97999572753906,214.98,214.98,63070300,-0.05636,0.0
TSLA,2022-11-03,20221103,211.36,221.2,210.14,215.30999755859375,215.31,215.31,56538800,0.001535,0.0
TSLA,2022-11-04,20221104,222.6,223.8,203.08,207.47000122070312,207.47,207.47,98622200,-0.036413,0.0
TSLA,2022-11-07,20221107,208.65,208.9,196.66,197.0800018310547,197.08,197.08,93916500,-0.05008,0.0
TSLA,2022-11-08,20221108,194.02,195.2,186.75,191.3000030517578,191.3,191.3,128803400,-0.029328,0.0
TSLA,2022-11-09,20221109,190.78,195.89,177.12,177.58999633789062,177.59,177.59,127062700,-0.071668,0.0
TSLA,2022-11-10,20221110,189.9,191.0,180.03,190.72000122070312,190.72,190.72,132703000,0.073934,0.0
TSLA,2022-11-11,20221111,186.0,196.52,182.59,195.97000122070312,195.97,195.97,114403600,0.027527,0.0
TSLA,2022-11-14,20221114,192.77,195.73,186.34,190.9499969482422,190.95,190.95,92226600,-0.025616,0.0
TSLA,2022-11-15,20221115,195.88,200.82,192.06,194.4199981689453,194.42,194.42,91293800,0.018172,0.0
TSLA,2022-11-16,20221116,191.51,192.57,185.66,186.9199981689453,186.92,186.92,66567600,-0.038576,0.0
TSLA,2022-11-17,20221117,183.96,186.16,180.9,183.1699981689453,183.17,183.17,64336000,-0.020062,0.0
TSLA,2022-11-18,20221118,185.05,185.19,176.55,180.19000244140625,180.19,180.19,76048900,-0.016269,0.0
TSLA,2022-11-21,20221121,175.85,176.77,167.54,167.8699951171875,167.87,167.87,92882700,-0.068372,0.0
TSLA,2022-11-22,20221122,168.63,170.92,166.19,169.91000366210938,169.91,169.91,78452300,0.012152,0.0
TSLA,2022-11-23,20221123,173.57,183.62,172.5,183.1999969482422,183.2,183.2,109536700,0.078218,0.0
TSLA,2022-11-25,20221125,185.06,185.2,180.63,182.86000061035156,182.86,182.86,50672700,-0.001856,0.0
TSLA,2022-11-28,20221128,179.96,188.5,179.0,182.9199981689453,182.92,182.92,92905200,0.000328,0.0
TSLA,2022-11-29,20221129,184.99,186.38,178.75,180.8300018310547,180.83,180.83,83357100,-0.011426,0.0
TSLA,2022-11-30,20221130,182.43,194.76,180.63,194.6999969482422,194.7,194.7,109186400,0.076702,0.0
TSLA,2022-12-01,20221201,197.08,198.92,191.8,194.6999969482422,194.7,194.7,80046200,0.0,0.0
TSLA,2022-12-02,20221202,191.78,196.25,191.11,194.86000061035156,194.86,194.86,73645900,0.000822,0.0
TSLA,2022-12-05,20221205,189.44,191.27,180.55,182.4499969482422,182.45,182.45,93122700,-0.063687,0.0
TSLA,2022-12-06,20221206,181.22,183.65,175.33,179.82000732421875,179.82,179.82,92150800,-0.014415,0.0
TSLA,2022-12-07,20221207,175.03,179.38,172.22,174.0399932861328,174.04,174.04,84213300,-0.032143,0.0
TSLA,2022-12-08,20221208,172.2,175.2,169.06,173.44000244140625,173.44,173.44,97624500,-0.003447,0.0
TSLA,2022-12-09,20221209,173.84,182.5,173.36,179.0500030517578,179.05,179.05,104872300,0.032345,0.0
TSLA,2022-12-12,20221212,176.1,177.37,167.52,167.82000732421875,167.82,167.82,109794500,-0.06272,0.0
TSLA,2022-12-13,20221213,174.87,175.05,156.91,160.9499969482422,160.95,160.95,175862700,-0.040937,0.0
TSLA,2022-12-14,20221214,159.25,161.62,155.31,156.8000030517578,156.8,156.8,140682300,-0.025784,0.0
TSLA,2022-12-15,20221215,153.44,160.93,153.28,157.6699981689453,157.67,157.67,122334500,0.005548,0.0
TSLA,2022-12-16,20221216,159.64,160.99,150.04,150.22999572753906,150.23,150.23,139032200,-0.047187,0.0
TSLA,2022-12-19,20221219,154.0,155.25,145.82,149.8699951171875,149.87,149.87,139390600,-0.002396,0.0
TSLA,2022-12-20,20221220,146.05,148.47,137.66,137.8000030517578,137.8,137.8,159563300,-0.080536,0.0
TSLA,2022-12-21,20221221,139.34,141.26,135.89,137.57000732421875,137.57,137.57,145417400,-0.001669,0.0
TSLA,2022-12-22,20221222,136.0,136.63,122.26,125.3499984741211,125.35,125.35,210090300,-0.088828,0.0
TSLA,2022-12-23,20221223,126.37,128.62,121.02,123.1500015258789,123.15,123.15,166989700,-0.017551,0.0
TSLA,2022-12-27,20221227,117.5,119.67,108.76,109.0999984741211,109.1,109.1,208643400,-0.114089,0.0
TSLA,2022-12-28,20221228,110.35,116.27,108.24,112.70999908447266,112.71,112.71,221070500,0.033089,0.0
TSLA,2022-12-29,20221229,120.39,123.57,117.5,121.81999969482422,121.82,121.82,221923300,0.080827,0.0
TSLA,2022-12-30,20221230,119.95,124.48,119.75,123.18000030517578,123.18,123.18,157777300,0.011164,0.0
TSLA,2023-01-03,20230103,118.47,118.8,104.64,108.0999984741211,108.1,108.1,231402800,-0.122422,0.0
TSLA,2023-01-04,20230104,109.11,114.59,107.52,113.63999938964844,113.64,113.64,180389000,0.051249,0.0
TSLA,2023-01-05,20230105,110.51,111.75,107.16,110.33999633789062,110.34,110.34,157986300,-0.029039,0.0
TSLA,2023-01-06,20230106,103.0,114.39,101.81,113.05999755859375,113.06,113.06,220911100,0.024651,0.0
TSLA,2023-01-09,20230109,118.96,123.52,117.11,119.7699966430664,119.77,119.77,190284000,0.059349,0.0
TSLA,2023-01-10,20230110,121.07,122.76,114.92,118.8499984741211,118.85,118.85,167642500,-0.007681,0.0
TSLA,2023-01-11,20230111,122.09,125.95,120.51,123.22000122070312,123.22,123.22,183810800,0.036769,0.0
TSLA,2023-01-12,20230112,122.56,124.13,117.0,123.55999755859375,123.56,123.56,169400900,0.002759,0.0
TSLA,2023-01-13,20230113,116.55,122.63,115.6,122.4000015258789,122.4,122.4,180714100,-0.009388,0.0
TSLA,2023-01-17,20230117,125.7,131.7,125.02,131.49000549316406,131.49,131.49,186477000,0.074265,0.0
TSLA,2023-01-18,20230118,136.56,136.68,127.01,128.77999877929688,128.78,128.78,195680300,-0.02061,0.0
TSLA,2023-01-19,20230119,127.26,129.99,124.31,127.16999816894531,127.17,127.17,170291900,-0.012502,0.0
TSLA,2023-01-20,20230120,128.68,133.51,127.35,133.4199981689453,133.42,133.42,138858100,0.049147,0.0
TSLA,2023-01-23,20230123,135.87,145.38,134.27,143.75,143.75,143.75,203119200,0.077425,0.0
TSLA,2023-01-24,20230124,143.0,146.5,141.1,143.88999938964844,143.89,143.89,158699100,0.000974,0.0
TSLA,2023-01-25,20230125,141.91,146.41,138.07,144.42999267578125,144.43,144.43,192734300,0.003753,0.0
TSLA,2023-01-26,20230126,159.97,161.42,154.76,160.27000427246094,160.27,160.27,234815100,0.109673,0.0
TSLA,2023-01-27,20230127,162.43,180.68,161.17,177.89999389648438,177.9,177.9,306590600,0.110002,0.0
TSLA,2023-01-30,20230130,178.05,179.77,166.5,166.66000366210938,166.66,166.66,230878800,-0.063182,0.0
TSLA,2023-01-31,20230131,164.57,174.3,162.78,173.22000122070312,173.22,173.22,196813500,0.039362,0.0
TSLA,2023-02-01,20230201,173.89,183.81,169.93,181.41000366210938,181.41,181.41,213806300,0.047281,0.0
TSLA,2023-02-02,20230202,187.33,196.75,182.61,188.27000427246094,188.27,188.27,217448300,0.037815,0.0
TSLA,2023-02-03,20230203,183.95,199.0,183.69,189.97999572753906,189.98,189.98,232662000,0.009083,0.0
TSLA,2023-02-06,20230206,193.01,198.17,189.92,194.75999450683594,194.76,194.76,186188100,0.025161,0.0
TSLA,2023-02-07,20230207,196.43,197.5,189.55,196.80999755859375,196.81,196.81,186010300,0.010526,0.0
TSLA,2023-02-08,20230208,196.1,203.0,194.31,201.2899932861328,201.29,201.29,180673600,0.022763,0.0
TSLA,2023-02-09,20230209,207.78,214.0,204.77,207.32000732421875,207.32,207.32,215431400,0.029957,0.0
TSLA,2023-02-10,20230210,202.23,206.2,192.89,196.88999938964844,196.89,196.89,204754100,-0.050309,0.0
TSLA,2023-02-13,20230213,194.42,196.3,187.61,194.63999938964844,194.64,194.64,172475500,-0.011428,0.0
TSLA,2023-02-14,20230214,191.94,209.82,189.44,209.25,209.25,209.25,216455700,0.075062,0.0
TSLA,2023-02-15,20230215,211.76,214.66,206.11,214.24000549316406,214.24,214.24,181006400,0.023847,0.0
TSLA,2023-02-16,20230216,210.78,217.65,201.84,202.0399932861328,202.04,202.04,229586500,-0.056945,0.0
TSLA,2023-02-17,20230217,199.99,208.44,197.5,208.30999755859375,208.31,208.31,213738500,0.031033,0.0
TSLA,2023-02-21,20230221,204.99,209.71,197.22,197.3699951171875,197.37,197.37,180018600,-0.052518,0.0
TSLA,2023-02-22,20230222,197.93,201.99,191.78,200.86000061035156,200.86,200.86,191828500,0.017683,0.0
TSLA,2023-02-23,20230223,203.91,205.14,196.33,202.07000732421875,202.07,202.07,146360000,0.006024,0.0
TSLA,2023-02-24,20230224,196.33,197.67,192.8,196.8800048828125,196.88,196.88,142228100,-0.025684,0.0
TSLA,2023-02-27,20230227,202.03,209.42,201.26,207.6300048828125,207.63,207.63,161028300,0.054602,0.0
TSLA,2023-02-28,20230228,210.59,211.23,203.75,205.7100067138672,205.71,205.71,153144900,-0.009247,0.0
TSLA,2023-03-01,20230301,206.21,207.2,198.52,202.77000427246094,202.77,202.77,156852800,-0.014292,0.0
TSLA,2023-03-02,20230302,186.74,193.75,186.01,190.89999389648438,190.9,190.9,181500700,-0.058539,0.0
TSLA,2023-03-03,20230303,194.8,200.48,192.88,197.7899932861328,197.79,197.79,154193300,0.036092,0.0
TSLA,2023-03-06,20230306,198.54,198.6,192.3,193.80999755859375,193.81,193.81,128100100,-0.020122,0.0
TSLA,2023-03-07,20230307,191.38,194.2,186.1,187.7100067138672,187.71,187.71,148125800,-0.031474,0.0
TSLA,2023-03-08,20230308,185.04,186.5,180.0,182.0,182.0,182.0,151897800,-0.030419,0.0
TSLA,2023-03-09,20230309,180.25,185.18,172.51,172.9199981689453,172.92,172.92,170023800,-0.04989,0.0
TSLA,2023-03-10,20230310,175.13,178.29,168.44,173.44000244140625,173.44,173.44,191488900,0.003007,0.0
TSLA,2023-03-13,20230313,167.46,177.35,163.91,174.47999572753906,174.48,174.48,167790300,0.005996,0.0
TSLA,2023-03-14,20230314,177.31,183.8,177.14,183.25999450683594,183.26,183.26,143717900,0.050321,0.0
TSLA,2023-03-15,20230315,180.8,182.34,176.03,180.4499969482422,180.45,180.45,145995600,-0.015333,0.0
TSLA,2023-03-16,20230316,180.37,185.81,178.84,184.1300048828125,184.13,184.13,121136800,0.020393,0.0
TSLA,2023-03-17,20230317,184.52,186.22,177.33,180.1300048828125,180.13,180.13,133197100,-0.021724,0.0
TSLA,2023-03-20,20230320,178.08,186.44,176.35,183.25,183.25,183.25,129684400,0.017321,0.0
TSLA,2023-03-21,20230321,188.28,198.0,188.04,197.5800018310547,197.58,197.58,153391400,0.078199,0.0
TSLA,2023-03-22,20230322,199.3,200.66,190.95,191.14999389648438,191.15,191.15,150376400,-0.032544,0.0
TSLA,2023-03-23,20230323,195.26,199.31,188.65,192.22000122070312,192.22,192.22,144193900,0.005598,0.0
TSLA,2023-03-24,20230324,191.65,192.36,187.15,190.41000366210938,190.41,190.41,116312400,-0.009416,0.0
TSLA,2023-03-27,20230327,194.42,197.39,189.94,191.80999755859375,191.81,191.81,120851600,0.007353,0.0
TSLA,2023-03-28,20230328,192.0,192.35,185.43,189.19000244140625,189.19,189.19,98654600,-0.013659,0.0
TSLA,2023-03-29,20230329,193.13,195.29,189.44,193.8800048828125,193.88,193.88,123660000,0.02479,0.0
TSLA,2023-03-30,20230330,195.58,197.33,194.42,195.27999877929688,195.28,195.28,110252200,0.007221,0.0
TSLA,2023-03-31,20230331,197.53,207.79,197.2,207.4600067138672,207.46,207.46,170222100,0.062372,0.0
TSLA,2023-04-03,20230403,199.91,202.69,192.2,194.77000427246094,194.77,194.77,169545900,-0.061168,0.0
TSLA,2023-04-04,20230404,197.32,198.74,190.32,192.5800018310547,192.58,192.58,126463800,-0.011244,0.0
TSLA,2023-04-05,20230405,190.52,190.68,183.76,185.52000427246094,185.52,185.52,133882500,-0.03666,0.0
TSLA,2023-04-06,20230406,183.08,186.39,179.74,185.05999755859375,185.06,185.06,123857900,-0.00248,0.0
TSLA,2023-04-10,20230410,179.94,185.1,176.11,184.50999450683594,184.51,184.51,142154600,-0.002972,0.0
TSLA,2023-04-11,20230411,186.69,189.19,185.65,186.7899932861328,186.79,186.79,115770900,0.012357,0.0
TSLA,2023-04-12,20230412,190.74,191.58,180.31,180.5399932861328,180.54,180.54,150256300,-0.03346,0.0
TSLA,2023-04-13,20230413,182.96,186.5,180.94,185.89999389648438,185.9,185.9,112933000,0.029689,0.0
TSLA,2023-04-14,20230414,183.95,186.28,182.01,185.0,185.0,185.0,96438700,-0.004841,0.0
TSLA,2023-04-17,20230417,186.32,189.69,182.69,187.0399932861328,187.04,187.04,116662200,0.011027,0.0
TSLA,2023-04-18,20230418,187.15,187.69,183.58,184.30999755859375,184.31,184.31,92067000,-0.014596,0.0
TSLA,2023-04-19,20230419,179.1,183.5,177.65,180.58999633789062,180.59,180.59,125732700,-0.020183,0.0
TSLA,2023-04-20,20230420,166.17,169.7,160.56,162.99000549316406,162.99,162.99,210970800,-0.097458,0.0
TSLA,2023-04-21,20230421,164.8,166.0,161.32,165.0800018310547,165.08,165.08,123539000,0.012823,0.0
TSLA,2023-04-24,20230424,164.65,165.65,158.61,162.5500030517578,162.55,162.55,140006600,-0.015326,0.0
TSLA,2023-04-25,20230425,159.82,163.47,158.75,160.6699981689453,160.67,160.67,121999300,-0.011566,0.0
TSLA,2023-04-26,20230426,160.29,160.67,153.14,153.75,153.75,153.75,153364100,-0.04307,0.0
TSLA,2023-04-27,20230427,152.64,160.48,152.37,160.19000244140625,160.19,160.19,127015200,0.041886,0.0
TSLA,2023-04-28,20230428,160.9,165.0,157.32,164.30999755859375,164.31,164.31,122515800,0.025719,0.0
TSLA,2023-05-01,20230501,163.17,163.28,158.83,161.8300018310547,161.83,161.83,109015000,-0.015093,0.0
TSLA,2023-05-02,20230502,161.88,165.49,158.93,160.30999755859375,160.31,160.31,128259700,-0.009393,0.0
TSLA,2023-05-03,20230503,160.01,165.0,159.91,160.61000061035156,160.61,160.61,119728000,0.001871,0.0
TSLA,2023-05-04,20230504,162.71,162.95,159.65,161.1999969482422,161.2,161.2,95108500,0.003673,0.0
TSLA,2023-05-05,20230505,163.97,170.79,163.51,170.05999755859375,170.06,170.06,107607300,0.054963,0.0
TSLA,2023-05-08,20230508,173.72,173.8,169.19,171.7899932861328,171.79,171.79,112249400,0.010173,0.0
TSLA,2023-05-09,20230509,168.95,169.82,166.56,169.14999389648438,169.15,169.15,88965000,-0.015368,0.0
TSLA,2023-05-10,20230510,172.55,174.43,166.68,168.5399932861328,168.54,168.54,119840700,-0.003606,0.0
TSLA,2023-05-11,20230511,168.7,173.57,166.79,172.0800018310547,172.08,172.08,103889900,0.021004,0.0
TSLA,2023-05-12,20230512,176.07,177.38,167.23,167.97999572753906,167.98,167.98,157849600,-0.023826,0.0
TSLA,2023-05-15,20230515,167.66,169.76,164.55,166.35000610351562,166.35,166.35,105592500,-0.009704,0.0
TSLA,2023-05-16,20230516,165.65,169.52,164.35,166.52000427246094,166.52,166.52,98288800,0.001022,0.0
TSLA,2023-05-17,20230517,168.41,174.5,167.19,173.86000061035156,173.86,173.86,125473600,0.044079,0.0
TSLA,2023-05-18,20230518,174.22,177.06,172.45,176.88999938964844,176.89,176.89,109520300,0.017428,0.0
TSLA,2023-05-19,20230519,177.17,181.95,176.31,180.13999938964844,180.14,180.14,136196700,0.018373,0.0
TSLA,2023-05-22,20230522,180.7,189.32,180.11,188.8699951171875,188.87,188.87,132001400,0.048462,0.0
TSLA,2023-05-23,20230523,186.2,192.96,185.26,185.77000427246094,185.77,185.77,156952100,-0.016413,0.0
TSLA,2023-05-24,20230524,182.23,184.22,178.22,182.89999389648438,182.9,182.9,137605100,-0.015449,0.0
TSLA,2023-05-25,20230525,186.54,186.78,180.58,184.47000122070312,184.47,184.47,96870700,0.008584,0.0
TSLA,2023-05-26,20230526,184.62,198.6,184.53,193.1699981689453,193.17,193.17,162061500,0.047162,0.0
TSLA,2023-05-30,20230530,200.1,204.48,197.53,201.16000366210938,201.16,201.16,128818700,0.041363,0.0
TSLA,2023-05-31,20230531,199.78,203.95,195.12,203.92999267578125,203.93,203.93,150711700,0.01377,0.0
TSLA,2023-06-01,20230601,202.59,209.8,199.37,207.52000427246094,207.52,207.52,148029900,0.017604,0.0
TSLA,2023-06-02,20230602,210.15,217.25,209.75,213.97000122070312,213.97,213.97,164398400,0.031081,0.0
TSLA,2023-06-05,20230605,217.8,221.29,214.52,217.61000061035156,217.61,217.61,151143100,0.017012,0.0
TSLA,2023-06-06,20230606,216.14,221.91,212.53,221.30999755859375,221.31,221.31,146911600,0.017003,0.0
TSLA,2023-06-07,20230607,228.0,230.83,223.2,224.57000732421875,224.57,224.57,185710800,0.01473,0.0
TSLA,2023-06-08,20230608,224.22,235.23,223.01,234.86000061035156,234.86,234.86,164489700,0.045821,0.0
TSLA,2023-06-09,20230609,249.07,252.42,242.02,244.39999389648438,244.4,244.4,200242400,0.04062,0.0
TSLA,2023-06-12,20230612,247.94,250.97,244.59,249.8300018310547,249.83,249.83,150337900,0.022218,0.0
TSLA,2023-06-13,20230613,253.51,259.68,251.34,258.7099914550781,258.71,258.71,162384300,0.035544,0.0
TSLA,2023-06-14,20230614,260.17,261.57,250.5,256.7900085449219,256.79,256.79,170575500,-0.007421,0.0
TSLA,2023-06-15,20230615,248.4,258.95,247.29,255.89999389648438,255.9,255.9,160171200,-0.003466,0.0
TSLA,2023-06-16,20230616,258.92,263.6,257.21,260.5400085449219,260.54,260.54,167915600,0.018132,0.0
TSLA,2023-06-20,20230620,261.5,274.75,261.12,274.45001220703125,274.45,274.45,165611200,0.053389,0.0
TSLA,2023-06-21,20230621,275.13,276.99,257.78,259.4599914550781,259.46,259.46,211797100,-0.054618,0.0
TSLA,2023-06-22,20230622,250.77,265.0,248.25,264.6099853515625,264.61,264.61,166875900,0.019849,0.0
TSLA,2023-06-23,20230623,259.29,262.45,252.8,256.6000061035156,256.6,256.6,177460800,-0.030271,0.0
TSLA,2023-06-26,20230626,250.07,258.37,240.7,241.0500030517578,241.05,241.05,179990600,-0.0606,0.0
TSLA,2023-06-27,20230627,243.24,250.39,240.85,250.2100067138672,250.21,250.21,164968200,0.038,0.0
TSLA,2023-06-28,20230628,249.7,259.88,248.89,256.239990234375,256.24,256.24,159770800,0.0241,0.0
TSLA,2023-06-29,20230629,258.03,260.74,253.61,257.5,257.5,257.5,131283400,0.004917,0.0
TSLA,2023-06-30,20230630,260.6,264.45,259.89,261.7699890136719,261.77,261.77,112620800,0.016583,0.0
TSLA,2023-07-03,20230703,276.49,284.25,275.11,279.82000732421875,279.82,279.82,119685900,0.068954,0.0
TSLA,2023-07-05,20230705,278.82,283.85,277.6,282.4800109863281,282.48,282.48,131530900,0.009506,0.0
TSLA,2023-07-06,20230706,278.09,279.97,272.88,276.5400085449219,276.54,276.54,120332100,-0.021028,0.0
TSLA,2023-07-07,20230707,278.43,280.78,273.77,274.42999267578125,274.43,274.43,113879200,-0.00763,0.0
TSLA,2023-07-10,20230710,276.47,277.52,265.1,269.6099853515625,269.61,269.61,119425400,-0.017564,0.0
TSLA,2023-07-11,20230711,268.65,270.9,266.37,269.7900085449219,269.79,269.79,91972400,0.000668,0.0
TSLA,2023-07-12,20230712,276.33,276.52,271.46,271.989990234375,271.99,271.99,95672100,0.008154,0.0
TSLA,2023-07-13,20230713,274.59,279.45,270.6,277.8999938964844,277.9,277.9,112681500,0.021729,0.0
TSLA,2023-07-14,20230714,277.01,285.3,276.31,281.3800048828125,281.38,281.38,120062400,0.012522,0.0
TSLA,2023-07-17,20230717,286.63,292.23,283.57,290.3800048828125,290.38,290.38,131569600,0.031985,0.0
TSLA,2023-07-18,20230718,290.15,295.26,286.01,293.3399963378906,293.34,293.34,112120300,0.010194,0.0
TSLA,2023-07-19,20230719,296.04,299.29,289.52,291.260009765625,291.26,291.26,142355400,-0.007091,0.0
TSLA,2023-07-20,20230720,279.56,280.93,261.2,262.8999938964844,262.9,262.9,175158300,-0.09737,0.0
TSLA,2023-07-21,20230721,268.0,268.0,255.8,260.0199890136719,260.02,260.02,161796100,-0.010955,0.0
TSLA,2023-07-24,20230724,255.85,269.85,254.12,269.05999755859375,269.06,269.06,136508500,0.034767,0.0
TSLA,2023-07-25,20230725,272.38,272.9,265.0,265.2799987792969,265.28,265.28,112757300,-0.014049,0.0
TSLA,2023-07-26,20230726,263.25,268.04,261.75,264.3500061035156,264.35,264.35,95856200,-0.003506,0.0
TSLA,2023-07-27,20230727,268.31,269.13,255.3,255.7100067138672,255.71,255.71,103697300,-0.032684,0.0
TSLA,2023-07-28,20230728,259.86,267.25,258.23,266.44000244140625,266.44,266.44,111446000,0.041962,0.0
TSLA,2023-07-31,20230731,267.48,269.08,263.78,267.42999267578125,267.43,267.43,84582200,0.003716,0.0
TSLA,2023-08-01,20230801,266.26,266.47,260.25,261.07000732421875,261.07,261.07,83166000,-0.023782,0.0
TSLA,2023-08-02,20230802,255.57,259.52,250.49,254.11000061035156,254.11,254.11,101752900,-0.02666,0.0
TSLA,2023-08-03,20230803,252.04,260.49,252.0,259.32000732421875,259.32,259.32,97569100,0.020503,0.0
TSLA,2023-08-04,20230804,260.97,264.77,253.11,253.86000061035156,253.86,253.86,99539900,-0.021055,0.0
TSLA,2023-08-07,20230807,251.45,253.65,242.76,251.4499969482422,251.45,251.45,111097900,-0.009493,0.0
TSLA,2023-08-08,20230808,247.45,250.92,245.01,249.6999969482422,249.7,249.7,96642200,-0.00696,0.0
TSLA,2023-08-09,20230809,250.87,251.1,241.9,242.19000244140625,242.19,242.19,101596300,-0.030076,0.0
TSLA,2023-08-10,20230810,245.4,251.8,243.0,245.33999633789062,245.34,245.34,109498600,0.013006,0.0
TSLA,2023-08-11,20230811,241.77,243.79,238.02,242.64999389648438,242.65,242.65,99038600,-0.010964,0.0
TSLA,2023-08-14,20230814,235.7,240.66,233.75,239.75999450683594,239.76,239.76,98595300,-0.01191,0.0
TSLA,2023-08-15,20230815,238.73,240.5,232.61,232.9600067138672,232.96,232.96,88197600,-0.028362,0.0
TSLA,2023-08-16,20230816,228.02,233.97,225.38,225.60000610351562,225.6,225.6,112484500,-0.031593,0.0
TSLA,2023-08-17,20230817,226.06,226.74,218.83,219.22000122070312,219.22,219.22,120718400,-0.02828,0.0
TSLA,2023-08-18,20230818,214.12,217.58,212.36,215.49000549316406,215.49,215.49,136276600,-0.017015,0.0
TSLA,2023-08-21,20230821,221.55,232.13,220.58,231.27999877929688,231.28,231.28,135702700,0.073275,0.0
TSLA,2023-08-22,20230822,240.25,240.82,229.55,233.19000244140625,233.19,233.19,130442800,0.008258,0.0
TSLA,2023-08-23,20230823,229.34,238.98,229.29,236.86000061035156,236.86,236.86,101077600,0.015738,0.0
TSLA,2023-08-24,20230824,238.66,238.92,228.18,230.0399932861328,230.04,230.04,99777400,-0.028793,0.0
TSLA,2023-08-25,20230825,231.31,239.0,230.35,238.58999633789062,238.59,238.59,106612200,0.037167,0.0
TSLA,2023-08-28,20230828,242.58,244.38,235.35,238.82000732421875,238.82,238.82,107673700,0.000964,0.0
TSLA,2023-08-29,20230829,238.58,257.48,237.77,257.17999267578125,257.18,257.18,134047600,0.076878,0.0
TSLA,2023-08-30,20230830,254.2,260.51,250.59,256.8999938964844,256.9,256.9,121988400,-0.001089,0.0
TSLA,2023-08-31,20230831,255.98,261.18,255.05,258.0799865722656,258.08,258.08,108861700,0.004593,0.0
TSLA,2023-09-01,20230901,257.26,259.08,242.01,245.00999450683594,245.01,245.01,132541600,-0.050643,0.0
TSLA,2023-09-05,20230905,245.0,258.0,244.86,256.489990234375,256.49,256.49,129469600,0.046855,0.0
TSLA,2023-09-06,20230906,255.14,255.39,245.06,251.9199981689453,251.92,251.92,116959800,-0.017817,0.0
TSLA,2023-09-07,20230907,245.07,252.81,243.27,251.49000549316406,251.49,251.49,115312900,-0.001707,0.0
TSLA,2023-09-08,20230908,251.22,256.52,246.67,248.5,248.5,248.5,118367700,-0.011889,0.0
TSLA,2023-09-11,20230911,264.27,274.85,260.61,273.5799865722656,273.58,273.58,174667900,0.100926,0.0
TSLA,2023-09-12,20230912,270.76,278.39,266.6,267.4800109863281,267.48,267.48,135999900,-0.022297,0.0
TSLA,2023-09-13,20230913,270.07,274.98,268.1,271.29998779296875,271.3,271.3,111673700,0.014281,0.0
TSLA,2023-09-14,20230914,271.32,276.71,270.42,276.0400085449219,276.04,276.04,107709800,0.017471,0.0
TSLA,2023-09-15,20230915,277.55,278.98,271.0,274.3900146484375,274.39,274.39,133692300,-0.005977,0.0
TSLA,2023-09-18,20230918,271.16,271.44,263.76,265.2799987792969,265.28,265.28,101543300,-0.033201,0.0
TSLA,2023-09-19,20230919,264.35,267.85,261.2,266.5,266.5,266.5,103704000,0.004599,0.0
TSLA,2023-09-20,20230920,267.04,273.93,262.46,262.5899963378906,262.59,262.59,122514600,-0.014672,0.0
TSLA,2023-09-21,20230921,257.85,260.86,254.21,255.6999969482422,255.7,255.7,119951500,-0.026239,0.0
TSLA,2023-09-22,20230922,257.4,257.79,244.48,244.8800048828125,244.88,244.88,127524100,-0.042315,0.0
TSLA,2023-09-25,20230925,243.38,247.1,238.31,246.99000549316406,246.99,246.99,104636600,0.008616,0.0
TSLA,2023-09-26,20230926,242.98,249.55,241.66,244.1199951171875,244.12,244.12,101993600,-0.01162,0.0
TSLA,2023-09-27,20230927,244.26,245.33,234.58,240.5,240.5,240.5,136597200,-0.014829,0.0
TSLA,2023-09-28,20230928,240.02,247.55,238.65,246.3800048828125,246.38,246.38,117058900,0.024449,0.0
TSLA,2023-09-29,20230929,250.0,254.77,246.35,250.22000122070312,250.22,250.22,128522700,0.015586,0.0
TSLA,2023-10-02,20231002,244.81,254.28,242.62,251.60000610351562,251.6,251.6,123810400,0.005515,0.0
TSLA,2023-10-03,20231003,248.61,250.02,244.45,246.52999877929688,246.53,246.53,101985300,-0.020151,0.0
TSLA,2023-10-04,20231004,248.14,261.86,247.6,261.1600036621094,261.16,261.16,129721600,0.059344,0.0
TSLA,2023-10-05,20231005,260.0,263.6,256.25,260.04998779296875,260.05,260.05,119159200,-0.00425,0.0
TSLA,2023-10-06,20231006,253.98,261.65,250.65,260.5299987792969,260.53,260.53,118121800,0.001846,0.0
TSLA,2023-10-09,20231009,255.31,261.36,252.05,259.6700134277344,259.67,259.67,101377900,-0.003301,0.0
TSLA,2023-10-10,20231010,257.75,268.94,257.65,263.6199951171875,263.62,263.62,122656000,0.015212,0.0
TSLA,2023-10-11,20231011,266.2,268.6,260.9,262.989990234375,262.99,262.99,103706300,-0.00239,0.0
TSLA,2023-10-12,20231012,262.92,265.41,256.63,258.8699951171875,258.87,258.87,111508100,-0.015666,0.0
TSLA,2023-10-13,20231013,258.9,259.6,250.22,251.1199951171875,251.12,251.12,102073800,-0.029938,0.0
TSLA,2023-10-16,20231016,250.05,255.4,248.48,253.9199981689453,253.92,253.92,88917200,0.01115,0.0
TSLA,2023-10-17,20231017,250.1,257.18,247.08,254.85000610351562,254.85,254.85,93562900,0.003663,0.0
TSLA,2023-10-18,20231018,252.7,254.63,242.08,242.67999267578125,242.68,242.68,125147800,-0.047754,0.0
TSLA,2023-10-19,20231019,225.95,230.61,216.78,220.11000061035156,220.11,220.11,170772700,-0.093003,0.0
TSLA,2023-10-20,20231020,217.01,218.86,210.42,211.99000549316406,211.99,211.99,138010100,-0.036891,0.0
TSLA,2023-10-23,20231023,210.0,216.98,202.51,212.0800018310547,212.08,212.08,150683400,0.000425,0.0
TSLA,2023-10-24,20231024,216.5,222.05,214.11,216.52000427246094,216.52,216.52,118231100,0.020935,0.0
TSLA,2023-10-25,20231025,215.88,220.1,212.2,212.4199981689453,212.42,212.42,107065100,-0.018936,0.0
TSLA,2023-10-26,20231026,211.32,214.8,204.88,205.75999450683594,205.76,205.76,115112600,-0.031353,0.0
TSLA,2023-10-27,20231027,210.6,212.41,205.77,207.3000030517578,207.3,207.3,94881200,0.007484,0.0
TSLA,2023-10-30,20231030,209.28,210.88,194.67,197.36000061035156,197.36,197.36,136448200,-0.04795,0.0
TSLA,2023-10-31,20231031,196.12,202.8,194.07,200.83999633789062,200.84,200.84,118068300,0.017633,0.0
TSLA,2023-11-01,20231101,204.04,205.99,197.85,205.66000366210938,205.66,205.66,121661700,0.023999,0.0
TSLA,2023-11-02,20231102,212.97,219.2,211.45,218.50999450683594,218.51,218.51,125987600,0.062482,0.0
TSLA,2023-11-03,20231103,221.15,226.37,218.4,219.9600067138672,219.96,219.96,119534800,0.006636,0.0
TSLA,2023-11-06,20231106,223.98,226.32,215.0,219.27000427246094,219.27,219.27,117335800,-0.003137,0.0
TSLA,2023-11-07,20231107,219.98,223.12,215.72,222.17999267578125,222.18,222.18,116900100,0.013271,0.0
TSLA,2023-11-08,20231108,223.15,224.15,217.64,222.11000061035156,222.11,222.11,106584800,-0.000315,0.0
TSLA,2023-11-09,20231109,219.75,220.8,206.68,209.97999572753906,209.98,209.98,142110500,-0.054613,0.0
TSLA,2023-11-10,20231110,210.03,215.38,205.69,214.64999389648438,214.65,214.65,130994000,0.02224,0.0
TSLA,2023-11-13,20231113,215.6,225.4,211.61,223.7100067138672,223.71,223.71,140447600,0.042208,0.0
TSLA,2023-11-14,20231114,235.03,238.14,230.72,237.41000366210938,237.41,237.41,149771600,0.06124,0.0
TSLA,2023-11-15,20231115,239.29,246.7,236.45,242.83999633789062,242.84,242.84,150354000,0.022872,0.0
TSLA,2023-11-16,20231116,239.49,240.88,230.96,233.58999633789062,233.59,233.59,136816800,-0.038091,0.0
TSLA,2023-11-17,20231117,232.0,237.39,226.54,234.3000030517578,234.3,234.3,142532800,0.00304,0.0
TSLA,2023-11-20,20231120,234.04,237.1,231.02,235.60000610351562,235.6,235.6,116320100,0.005548,0.0
TSLA,2023-11-21,20231121,235.04,243.62,233.34,241.1999969482422,241.2,241.2,122288000,0.023769,0.0
TSLA,2023-11-22,20231122,242.04,244.01,231.4,234.2100067138672,234.21,234.21,117950600,-0.02898,0.0
TSLA,2023-11-24,20231124,233.75,238.75,232.33,235.4499969482422,235.45,235.45,65125200,0.005294,0.0
TSLA,2023-11-27,20231127,236.89,238.33,232.1,236.0800018310547,236.08,236.08,112031800,0.002676,0.0
TSLA,2023-11-28,20231128,236.68,247.0,234.01,246.72000122070312,246.72,246.72,148549900,0.045069,0.0
TSLA,2023-11-29,20231129,249.21,252.75,242.76,244.13999938964844,244.14,244.14,135401300,-0.010457,0.0
TSLA,2023-11-30,20231130,245.14,245.22,236.91,240.0800018310547,240.08,240.08,132353200,-0.01663,0.0
TSLA,2023-12-01,20231201,233.14,240.19,231.9,238.8300018310547,238.83,238.83,121331700,-0.005207,0.0
TSLA,2023-12-04,20231204,235.75,239.37,233.29,235.5800018310547,235.58,235.58,104099800,-0.013608,0.0
TSLA,2023-12-05,20231205,233.87,246.66,233.7,238.72000122070312,238.72,238.72,137971100,0.013329,0.0
TSLA,2023-12-06,20231206,242.92,246.57,239.17,239.3699951171875,239.37,239.37,126436200,0.002723,0.0
TSLA,2023-12-07,20231207,241.55,244.08,236.98,242.63999938964844,242.64,242.64,107142300,0.013661,0.0
TSLA,2023-12-08,20231208,240.27,245.27,239.27,243.83999633789062,243.84,243.84,103126800,0.004946,0.0
TSLA,2023-12-11,20231211,242.74,243.44,237.45,239.74000549316406,239.74,239.74,97913900,-0.016814,0.0
TSLA,2023-12-12,20231212,238.55,238.99,233.87,237.00999450683594,237.01,237.01,95328300,-0.011387,0.0
TSLA,2023-12-13,20231213,234.19,240.3,228.2,239.2899932861328,239.29,239.29,146286300,0.00962,0.0
TSLA,2023-12-14,20231214,241.22,253.88,240.79,251.0500030517578,251.05,251.05,160829200,0.049145,0.0
TSLA,2023-12-15,20231215,251.21,254.13,248.3,253.5,253.5,253.5,135932800,0.009759,0.0
TSLA,2023-12-18,20231218,253.78,258.74,251.36,252.0800018310547,252.08,252.08,116416500,-0.005602,0.0
TSLA,2023-12-19,20231219,253.48,258.34,253.01,257.2200012207031,257.22,257.22,106737400,0.02039,0.0
TSLA,2023-12-20,20231220,256.41,259.84,247.0,247.13999938964844,247.14,247.14,125097000,-0.039188,0.0
TSLA,2023-12-21,20231221,251.9,254.8,248.55,254.5,254.5,254.5,109594200,0.029781,0.0
TSLA,2023-12-22,20231222,256.76,258.22,251.37,252.5399932861328,252.54,252.54,93370100,-0.007701,0.0
TSLA,2023-12-26,20231226,254.49,257.97,252.91,256.6099853515625,256.61,256.61,86892400,0.016116,0.0
TSLA,2023-12-27,20231227,258.35,263.34,257.52,261.44000244140625,261.44,261.44,106494400,0.018822,0.0
TSLA,2023-12-28,20231228,263.66,265.13,252.71,253.17999267578125,253.18,253.18,113619900,-0.031594,0.0
TSLA,2023-12-29,20231229,255.1,255.19,247.43,248.47999572753906,248.48,248.48,100891600,-0.018564,0.0
TSLA,2024-01-02,20240102,250.08,251.25,244.41,248.4199981689453,248.42,248.42,104654200,-0.000241,0.0
TSLA,2024-01-03,20240103,244.98,245.68,236.32,238.4499969482422,238.45,238.45,121082600,-0.040134,0.0
TSLA,2024-01-04,20240104,239.25,242.7,237.73,237.92999267578125,237.93,237.93,102629300,-0.002181,0.0
TSLA,2024-01-05,20240105,236.86,240.12,234.9,237.49000549316406,237.49,237.49,92488900,-0.001849,0.0
TSLA,2024-01-08,20240108,236.14,241.25,235.3,240.4499969482422,240.45,240.45,85166600,0.012464,0.0
TSLA,2024-01-09,20240109,238.11,238.96,232.04,234.9600067138672,234.96,234.96,96705700,-0.022832,0.0
TSLA,2024-01-10,20240110,235.1,235.5,231.29,233.94000244140625,233.94,233.94,91628500,-0.004341,0.0
TSLA,2024-01-11,20240111,230.57,230.93,225.37,227.22000122070312,227.22,227.22,105873600,-0.028725,0.0
TSLA,2024-01-12,20240112,220.08,225.34,217.15,218.88999938964844,218.89,218.89,123043800,-0.036661,0.0
TSLA,2024-01-16,20240116,215.1,223.49,212.18,219.91000366210938,219.91,219.91,115355000,0.00466,0.0
TSLA,2024-01-17,20240117,214.86,215.67,212.01,215.5500030517578,215.55,215.55,103164400,-0.019826,0.0
TSLA,2024-01-18,20240118,216.88,217.45,208.74,211.8800048828125,211.88,211.88,108595400,-0.017026,0.0
TSLA,2024-01-19,20240119,209.99,213.19,207.56,212.19000244140625,212.19,212.19,102260300,0.001463,0.0
TSLA,2024-01-22,20240122,212.26,217.8,206.27,208.8000030517578,208.8,208.8,117952500,-0.015976,0.0
TSLA,2024-01-23,20240123,211.3,215.65,207.75,209.13999938964844,209.14,209.14,106605900,0.001628,0.0
TSLA,2024-01-24,20240124,211.88,212.73,206.77,207.8300018310547,207.83,207.83,123369900,-0.006264,0.0
TSLA,2024-01-25,20240125,189.7,193.0,180.06,182.6300048828125,182.63,182.63,198076800,-0.121253,0.0
TSLA,2024-01-26,20240126,185.5,186.78,182.1,183.25,183.25,183.25,107343200,0.003395,0.0
TSLA,2024-01-29,20240129,185.63,191.48,183.67,190.92999267578125,190.93,190.93,125013100,0.04191,0.0
TSLA,2024-01-30,20240130,195.33,196.36,190.61,191.58999633789062,191.59,191.59,109982300,0.003457,0.0
TSLA,2024-01-31,20240131,187.0,193.97,185.85,187.2899932861328,187.29,187.29,103221400,-0.022444,0.0
TSLA,2024-02-01,20240201,188.5,189.88,184.28,188.86000061035156,188.86,188.86,91843300,0.008383,0.0
TSLA,2024-02-02,20240202,185.04,188.69,182.0,187.91000366210938,187.91,187.91,110612700,-0.00503,0.0
TSLA,2024-02-05,20240205,184.26,184.68,175.01,181.05999755859375,181.06,181.06,134294400,-0.036454,0.0
TSLA,2024-02-06,20240206,177.21,186.49,177.11,185.10000610351562,185.1,185.1,122676000,0.022313,0.0
TSLA,2024-02-07,20240207,188.18,189.79,182.68,187.5800018310547,187.58,187.58,111535200,0.013398,0.0
TSLA,2024-02-08,20240208,189.0,191.62,185.58,189.55999755859375,189.56,189.56,83034000,0.010555,0.0
TSLA,2024-02-09,20240209,190.18,194.12,189.48,193.57000732421875,193.57,193.57,84476300,0.021154,0.0
TSLA,2024-02-12,20240212,192.11,194.73,187.28,188.1300048828125,188.13,188.13,95498600,-0.028104,0.0
TSLA,2024-02-13,20240213,183.99,187.26,182.11,184.02000427246094,184.02,184.02,86759500,-0.021847,0.0
TSLA,2024-02-14,20240214,185.3,188.89,183.35,188.7100067138672,188.71,188.71,81203000,0.025486,0.0
TSLA,2024-02-15,20240215,189.16,200.88,188.86,200.4499969482422,200.45,200.45,120831800,0.062212,0.0
TSLA,2024-02-16,20240216,202.06,203.17,197.4,199.9499969482422,199.95,199.95,111346700,-0.002494,0.0
TSLA,2024-02-20,20240220,196.13,198.6,189.13,193.75999450683594,193.76,193.76,104545800,-0.030958,0.0
TSLA,2024-02-21,20240221,193.36,199.44,191.95,194.77000427246094,194.77,194.77,103500300,0.005213,0.0
TSLA,2024-02-22,20240222,194.0,198.32,191.36,197.41000366210938,197.41,197.41,92739500,0.013554,0.0
TSLA,2024-02-23,20240223,195.31,197.57,191.5,191.97000122070312,191.97,191.97,78841900,-0.027557,0.0
TSLA,2024-02-26,20240226,192.29,201.78,192.0,199.39999389648438,199.4,199.4,111747100,0.038704,0.0
TSLA,2024-02-27,20240227,204.04,205.6,198.26,199.72999572753906,199.73,199.73,108645400,0.001655,0.0
TSLA,2024-02-28,20240228,200.42,205.3,198.44,202.0399932861328,202.04,202.04,99806200,0.011566,0.0
TSLA,2024-02-29,20240229,204.18,205.28,198.45,201.8800048828125,201.88,201.88,85907000,-0.000792,0.0
TSLA,2024-03-01,20240301,200.52,204.52,198.5,202.63999938964844,202.64,202.64,82243100,0.003765,0.0
TSLA,2024-03-04,20240304,198.73,199.75,186.72,188.13999938964844,188.14,188.14,134334900,-0.071555,0.0
TSLA,2024-03-05,20240305,183.05,184.59,177.57,180.74000549316406,180.74,180.74,119660800,-0.039332,0.0
TSLA,2024-03-06,20240306,179.99,181.58,173.7,176.5399932861328,176.54,176.54,107920900,-0.023238,0.0
TSLA,2024-03-07,20240307,174.35,180.04,173.7,178.64999389648438,178.65,178.65,102129000,0.011952,0.0
TSLA,2024-03-08,20240308,181.5,182.73,174.7,175.33999633789062,175.34,175.34,85544600,-0.018528,0.0
TSLA,2024-03-11,20240311,175.45,182.87,174.8,177.77000427246094,177.77,177.77,85391500,0.013859,0.0
TSLA,2024-03-12,20240312,177.77,179.43,172.41,177.5399932861328,177.54,177.54,87391700,-0.001294,0.0
TSLA,2024-03-13,20240313,173.05,176.05,169.15,169.47999572753906,169.48,169.48,106524500,-0.045398,0.0
TSLA,2024-03-14,20240314,167.77,171.17,160.51,162.5,162.5,162.5,126325700,-0.041185,0.0
TSLA,2024-03-15,20240315,163.16,165.18,160.76,163.57000732421875,163.57,163.57,97146800,0.006585,0.0
TSLA,2024-03-18,20240318,170.02,174.72,165.9,173.8000030517578,173.8,173.8,108214400,0.062542,0.0
TSLA,2024-03-19,20240319,172.36,172.82,167.42,171.32000732421875,171.32,171.32,77271400,-0.014269,0.0
TSLA,2024-03-20,20240320,173.0,176.25,170.82,175.66000366210938,175.66,175.66,83846700,0.025333,0.0
TSLA,2024-03-21,20240321,176.39,178.18,171.8,172.82000732421875,172.82,172.82,73178000,-0.016168,0.0
TSLA,2024-03-22,20240322,166.69,171.2,166.3,170.8300018310547,170.83,170.83,75580600,-0.011515,0.0
TSLA,2024-03-25,20240325,168.76,175.24,168.73,172.6300048828125,172.63,172.63,74228600,0.010537,0.0
TSLA,2024-03-26,20240326,178.58,184.25,177.38,177.6699981689453,177.67,177.67,113186200,0.029195,0.0
TSLA,2024-03-27,20240327,181.41,181.91,176.0,179.8300018310547,179.83,179.83,81804000,0.012157,0.0
TSLA,2024-03-28,20240328,177.45,179.57,175.3,175.7899932861328,175.79,175.79,77654800,-0.022466,0.0
TSLA,2024-04-01,20240401,176.17,176.75,170.21,175.22000122070312,175.22,175.22,81562100,-0.003243,0.0
TSLA,2024-04-02,20240402,164.75,167.69,163.43,166.6300048828125,166.63,166.63,116650600,-0.049024,0.0
TSLA,2024-04-03,20240403,164.02,168.82,163.28,168.3800048828125,168.38,168.38,82950100,0.010502,0.0
TSLA,2024-04-04,20240404,170.07,177.19,168.01,171.11000061035156,171.11,171.11,123162000,0.016213,0.0
TSLA,2024-04-05,20240405,169.08,170.86,160.51,164.89999389648438,164.9,164.9,143157600,-0.036292,0.0
TSLA,2024-04-08,20240408,169.34,174.5,167.79,172.97999572753906,172.98,172.98,104423300,0.048999,0.0
TSLA,2024-04-09,20240409,172.91,179.22,171.92,176.8800048828125,176.88,176.88,102951700,0.022546,0.0
TSLA,2024-04-10,20240410,173.04,174.93,170.01,171.75999450683594,171.76,171.76,84532400,-0.028946,0.0
TSLA,2024-04-11,20240411,172.55,175.88,168.51,174.60000610351562,174.6,174.6,94516000,0.016535,0.0
TSLA,2024-04-12,20240412,172.34,173.81,170.36,171.0500030517578,171.05,171.05,64722700,-0.020332,0.0
TSLA,2024-04-15,20240415,170.24,170.69,161.38,161.47999572753906,161.48,161.48,100245300,-0.055949,0.0
TSLA,2024-04-16,20240416,156.74,158.19,153.75,157.11000061035156,157.11,157.11,97000000,-0.027062,0.0
TSLA,2024-04-17,20240417,157.64,158.33,153.78,155.4499969482422,155.45,155.45,82439700,-0.010566,0.0
TSLA,2024-04-18,20240418,151.25,152.2,148.7,149.92999267578125,149.93,149.93,96098800,-0.03551,0.0
TSLA,2024-04-19,20240419,148.97,150.94,146.22,147.0500030517578,147.05,147.05,87074500,-0.019209,0.0
TSLA,2024-04-22,20240422,140.56,144.44,138.8,142.0500030517578,142.05,142.05,107097600,-0.034002,0.0
TSLA,2024-04-23,20240423,143.33,147.26,141.11,144.67999267578125,144.68,144.68,124545100,0.018515,0.0
TSLA,2024-04-24,20240424,162.84,167.97,157.51,162.1300048828125,162.13,162.13,181178000,0.120611,0.0
TSLA,2024-04-25,20240425,158.96,170.88,158.36,170.17999267578125,170.18,170.18,126427500,0.049652,0.0
TSLA,2024-04-26,20240426,168.85,172.12,166.37,168.2899932861328,168.29,168.29,109815700,-0.011106,0.0
TSLA,2024-04-29,20240429,188.42,198.87,184.54,194.0500030517578,194.05,194.05,243869700,0.153069,0.0
TSLA,2024-04-30,20240430,186.98,190.95,182.84,183.27999877929688,183.28,183.28,127031800,-0.055501,0.0
TSLA,2024-05-01,20240501,182.0,185.86,179.01,179.99000549316406,179.99,179.99,92829700,-0.017951,0.0
TSLA,2024-05-02,20240502,182.86,184.6,176.02,180.00999450683594,180.01,180.01,89148000,0.000111,0.0
TSLA,2024-05-03,20240503,182.1,184.78,178.42,181.19000244140625,181.19,181.19,75491500,0.006555,0.0
TSLA,2024-05-06,20240506,183.8,187.56,182.2,184.75999450683594,184.76,184.76,84390300,0.019703,0.0
TSLA,2024-05-07,20240507,182.4,183.26,177.4,177.80999755859375,177.81,177.81,75045900,-0.037616,0.0
TSLA,2024-05-08,20240508,171.59,176.06,170.15,174.72000122070312,174.72,174.72,79969500,-0.017378,0.0
TSLA,2024-05-09,20240509,175.01,175.62,171.37,171.97000122070312,171.97,171.97,65950300,-0.015739,0.0
TSLA,2024-05-10,20240510,173.05,173.06,167.75,168.47000122070312,168.47,168.47,72627200,-0.020352,0.0
TSLA,2024-05-13,20240513,170.0,175.4,169.0,171.88999938964844,171.89,171.89,67018900,0.0203,0.0
TSLA,2024-05-14,20240514,174.5,179.49,174.07,177.5500030517578,177.55,177.55,86407400,0.032928,0.0
TSLA,2024-05-15,20240515,179.9,180.0,173.11,173.99000549316406,173.99,173.99,79663000,-0.020051,0.0
TSLA,2024-05-16,20240516,174.1,175.79,171.43,174.83999633789062,174.84,174.84,59812200,0.004885,0.0
TSLA,2024-05-17,20240517,173.55,179.63,172.75,177.4600067138672,177.46,177.46,77445800,0.014985,0.0
TSLA,2024-05-20,20240520,177.56,177.75,173.52,174.9499969482422,174.95,174.95,61727400,-0.014144,0.0
TSLA,2024-05-21,20240521,175.51,186.88,174.71,186.60000610351562,186.6,186.6,115266500,0.06659,0.0
TSLA,2024-05-22,20240522,182.85,183.8,178.12,180.11000061035156,180.11,180.11,88313500,-0.03478,0.0
TSLA,2024-05-23,20240523,181.8,181.9,173.26,173.74000549316406,173.74,173.74,71975500,-0.035367,0.0
TSLA,2024-05-24,20240524,174.84,180.08,173.73,179.24000549316406,179.24,179.24,65584500,0.031656,0.0
TSLA,2024-05-28,20240528,176.4,178.25,173.16,176.75,176.75,176.75,59736600,-0.013892,0.0
TSLA,2024-05-29,20240529,174.19,178.15,173.93,176.19000244140625,176.19,176.19,54782600,-0.003168,0.0
TSLA,2024-05-30,20240530,178.58,182.67,175.38,178.7899932861328,178.79,178.79,77618400,0.014757,0.0
TSLA,2024-05-31,20240531,178.5,180.32,173.82,178.0800018310547,178.08,178.08,67314600,-0.003971,0.0
TSLA,2024-06-03,20240603,178.13,182.64,174.49,176.2899932861328,176.29,176.29,68568900,-0.010052,0.0
TSLA,2024-06-04,20240604,174.78,177.76,174.0,174.77000427246094,174.77,174.77,60056300,-0.008622,0.0
TSLA,2024-06-05,20240605,175.35,176.15,172.13,175.0,175.0,175.0,57953800,0.001316,0.0
TSLA,2024-06-06,20240606,174.6,179.73,172.73,177.94000244140625,177.94,177.94,69887000,0.0168,0.0
TSLA,2024-06-07,20240607,176.13,179.35,175.58,177.47999572753906,177.48,177.48,56244900,-0.002585,0.0
TSLA,2024-06-10,20240610,176.06,178.57,173.17,173.7899932861328,173.79,173.79,50774600,-0.020791,0.0
TSLA,2024-06-11,20240611,173.92,174.75,167.41,170.66000366210938,170.66,170.66,64761900,-0.01801,0.0
TSLA,2024-06-12,20240612,171.12,180.55,169.8,177.2899932861328,177.29,177.29,90389400,0.038849,0.0
TSLA,2024-06-13,20240613,188.39,191.08,181.23,182.47000122070312,182.47,182.47,118984100,0.029218,0.0
TSLA,2024-06-14,20240614,185.8,186.0,176.92,178.00999450683594,178.01,178.01,82038200,-0.024442,0.0
TSLA,2024-06-17,20240617,177.92,188.81,177.0,187.44000244140625,187.44,187.44,109786100,0.052975,0.0
TSLA,2024-06-18,20240618,186.56,187.2,182.37,184.86000061035156,184.86,184.86,68982300,-0.013764,0.0
TSLA,2024-06-20,20240620,184.68,185.21,179.66,181.57000732421875,181.57,181.57,55893100,-0.017797,0.0
TSLA,2024-06-21,20240621,182.3,183.95,180.69,183.00999450683594,183.01,183.01,61937300,0.007931,0.0
TSLA,2024-06-24,20240624,184.97,188.8,182.55,182.5800018310547,182.58,182.58,61992100,-0.00235,0.0
TSLA,2024-06-25,20240625,184.4,187.97,182.01,187.35000610351562,187.35,187.35,62905700,0.026126,0.0
TSLA,2024-06-26,20240626,186.54,197.76,186.36,196.3699951171875,196.37,196.37,95737100,0.048145,0.0
TSLA,2024-06-27,20240627,195.17,198.72,194.05,197.4199981689453,197.42,197.42,72746500,0.005347,0.0
TSLA,2024-06-28,20240628,199.55,203.2,195.26,197.8800048828125,197.88,197.88,95438100,0.00233,0.0
TSLA,2024-07-01,20240701,201.02,213.23,200.85,209.86000061035156,209.86,209.86,135691400,0.060542,0.0
TSLA,2024-07-02,20240702,218.89,231.3,218.06,231.25999450683594,231.26,231.26,205047900,0.101973,0.0
TSLA,2024-07-03,20240703,234.56,248.35,234.25,246.38999938964844,246.39,246.39,166561500,0.065424,0.0
TSLA,2024-07-05,20240705,249.81,252.37,242.46,251.52000427246094,251.52,251.52,154501200,0.020821,0.0
TSLA,2024-07-08,20240708,247.71,259.44,244.57,252.94000244140625,252.94,252.94,157219600,0.005646,0.0
TSLA,2024-07-09,20240709,251.0,265.61,250.3,262.3299865722656,262.33,262.33,160210900,0.037123,0.0
TSLA,2024-07-10,20240710,262.8,267.59,257.86,263.260009765625,263.26,263.26,128519400,0.003545,0.0
TSLA,2024-07-11,20240711,263.3,271.0,239.65,241.02999877929688,241.03,241.03,221707300,-0.084441,0.0
TSLA,2024-07-12,20240712,235.8,251.84,233.09,248.22999572753906,248.23,248.23,155955800,0.029872,0.0
TSLA,2024-07-15,20240715,255.97,265.6,251.73,252.63999938964844,252.64,252.64,146912900,0.017766,0.0
TSLA,2024-07-16,20240716,255.31,258.62,245.8,256.55999755859375,256.56,256.56,126332500,0.015516,0.0
TSLA,2024-07-17,20240717,252.73,258.47,246.18,248.5,248.5,248.5,115584800,-0.031416,0.0
TSLA,2024-07-18,20240718,251.09,257.14,247.2,249.22999572753906,249.23,249.23,110869000,0.002938,0.0
TSLA,2024-07-19,20240719,247.79,249.44,236.83,239.1999969482422,239.2,239.2,87403900,-0.040244,0.0
TSLA,2024-07-22,20240722,244.21,253.21,243.75,251.50999450683594,251.51,251.51,101225400,0.051463,0.0
TSLA,2024-07-23,20240723,253.6,255.76,245.63,246.3800048828125,246.38,246.38,111928200,-0.020397,0.0
TSLA,2024-07-24,20240724,225.42,225.99,214.71,215.99000549316406,215.99,215.99,167942900,-0.123346,0.0
TSLA,2024-07-25,20240725,216.8,226.0,216.23,220.25,220.25,220.25,100636500,0.019723,0.0
TSLA,2024-07-26,20240726,221.19,222.28,215.33,219.8000030517578,219.8,219.8,94604100,-0.002043,0.0
TSLA,2024-07-29,20240729,224.9,234.27,224.7,232.10000610351562,232.1,232.1,129201800,0.05596,0.0
TSLA,2024-07-30,20240730,232.25,232.41,220.0,222.6199951171875,222.62,222.62,100560300,-0.040844,0.0
TSLA,2024-07-31,20240731,227.9,234.68,226.79,232.07000732421875,232.07,232.07,67497000,0.042449,0.0
TSLA,2024-08-01,20240801,227.69,231.87,214.33,216.86000061035156,216.86,216.86,83861900,-0.065541,0.0
TSLA,2024-08-02,20240802,214.88,216.13,205.78,207.6699981689453,207.67,207.67,82880100,-0.042378,0.0
TSLA,2024-08-05,20240805,185.22,203.88,182.0,198.8800048828125,198.88,198.88,100308800,-0.042327,0.0
TSLA,2024-08-06,20240806,200.75,202.9,192.67,200.63999938964844,200.64,200.64,73783900,0.00885,0.0
TSLA,2024-08-07,20240807,200.77,203.49,191.48,191.75999450683594,191.76,191.76,71159800,-0.044258,0.0
TSLA,2024-08-08,20240808,195.7,200.7,192.04,198.83999633789062,198.84,198.84,65033900,0.036921,0.0
TSLA,2024-08-09,20240809,197.05,200.88,195.11,200.0,200.0,200.0,58648300,0.005834,0.0
TSLA,2024-08-12,20240812,199.02,199.26,194.67,197.49000549316406,197.49,197.49,64044900,-0.01255,0.0
TSLA,2024-08-13,20240813,198.47,208.49,197.06,207.8300018310547,207.83,207.83,76247400,0.052357,0.0
TSLA,2024-08-14,20240814,207.39,208.44,198.75,201.3800048828125,201.38,201.38,70250000,-0.031035,0.0
TSLA,2024-08-15,20240815,205.02,215.88,204.82,214.13999938964844,214.14,214.14,89848500,0.063363,0.0
TSLA,2024-08-16,20240816,211.15,219.8,210.8,216.1199951171875,216.12,216.12,88765100,0.009246,0.0
TSLA,2024-08-19,20240819,217.07,222.98,214.09,222.72000122070312,222.72,222.72,76435200,0.030539,0.0
TSLA,2024-08-20,20240820,224.88,228.22,219.56,221.10000610351562,221.1,221.1,74001200,-0.007274,0.0
TSLA,2024-08-21,20240821,222.67,224.66,218.86,223.27000427246094,223.27,223.27,70146000,0.009815,0.0
TSLA,2024-08-22,20240822,223.82,224.8,210.32,210.66000366210938,210.66,210.66,79514500,-0.056479,0.0
TSLA,2024-08-23,20240823,214.46,221.48,214.21,220.32000732421875,220.32,220.32,81525200,0.045856,0.0
TSLA,2024-08-26,20240826,218.75,219.09,211.01,213.2100067138672,213.21,213.21,59301200,-0.032271,0.0
TSLA,2024-08-27,20240827,213.25,215.66,206.94,209.2100067138672,209.21,209.21,62821400,-0.018761,0.0
TSLA,2024-08-28,20240828,209.72,211.84,202.59,205.75,205.75,205.75,64116400,-0.016538,0.0
TSLA,2024-08-29,20240829,209.8,214.89,205.97,206.27999877929688,206.28,206.28,62308800,0.002576,0.0
TSLA,2024-08-30,20240830,208.63,214.57,207.03,214.11000061035156,214.11,214.11,63370600,0.037958,0.0
TSLA,2024-09-03,20240903,215.26,219.9,209.64,210.60000610351562,210.6,210.6,76714200,-0.016393,0.0
TSLA,2024-09-04,20240904,210.59,222.22,210.57,219.41000366210938,219.41,219.41,80651800,0.041833,0.0
TSLA,2024-09-05,20240905,223.49,235.0,222.25,230.1699981689453,230.17,230.17,119355000,0.049041,0.0
TSLA,2024-09-06,20240906,232.6,233.6,210.51,210.72999572753906,210.73,210.73,112177000,-0.084459,0.0
TSLA,2024-09-09,20240909,216.2,219.87,213.67,216.27000427246094,216.27,216.27,67443500,0.02629,0.0
TSLA,2024-09-10,20240910,220.07,226.4,218.64,226.1699981689453,226.17,226.17,78891100,0.045776,0.0
TSLA,2024-09-11,20240911,224.55,228.47,216.8,228.1300048828125,228.13,228.13,83548600,0.008666,0.0
TSLA,2024-09-12,20240912,224.66,231.45,223.83,229.80999755859375,229.81,229.81,71894900,0.007364,0.0
TSLA,2024-09-13,20240913,228.0,232.67,226.32,230.2899932861328,230.29,230.29,59515100,0.002089,0.0
TSLA,2024-09-16,20240916,229.3,229.96,223.53,226.77999877929688,226.78,226.78,54323000,-0.015242,0.0
TSLA,2024-09-17,20240917,229.45,234.57,226.55,227.8699951171875,227.87,227.87,66761600,0.004806,0.0
TSLA,2024-09-18,20240918,230.09,235.68,226.88,227.1999969482422,227.2,227.2,78010200,-0.00294,0.0
TSLA,2024-09-19,20240919,234.0,244.24,232.13,243.9199981689453,243.92,243.92,102694600,0.073592,0.0
TSLA,2024-09-20,20240920,241.52,243.99,235.92,238.25,238.25,238.25,99879100,-0.023245,0.0
TSLA,2024-09-23,20240923,242.61,250.0,241.92,250.0,250.0,250.0,86927200,0.049318,0.0
TSLA,2024-09-24,20240924,254.08,257.19,249.05,254.27000427246094,254.27,254.27,88491000,0.01708,0.0
TSLA,2024-09-25,20240925,252.54,257.05,252.28,257.0199890136719,257.02,257.02,65034300,0.010815,0.0
TSLA,2024-09-26,20240926,260.6,261.75,251.53,254.22000122070312,254.22,254.22,67142200,-0.010894,0.0
TSLA,2024-09-27,20240927,257.38,260.7,254.12,260.4599914550781,260.46,260.46,70988100,0.024546,0.0
TSLA,2024-09-30,20240930,259.04,264.86,255.77,261.6300048828125,261.63,261.63,80705700,0.004492,0.0
TSLA,2024-10-01,20241001,262.67,263.98,248.53,258.0199890136719,258.02,258.02,87397600,-0.013798,0.0
TSLA,2024-10-02,20241002,247.55,251.16,241.5,249.02000427246094,249.02,249.02,93983900,-0.034881,0.0
TSLA,2024-10-03,20241003,244.48,249.79,237.81,240.66000366210938,240.66,240.66,80729200,-0.033572,0.0
TSLA,2024-10-04,20241004,246.69,250.96,244.58,250.0800018310547,250.08,250.08,86573200,0.039142,0.0
TSLA,2024-10-07,20241007,249.0,249.83,240.7,240.8300018310547,240.83,240.83,68113300,-0.036988,0.0
TSLA,2024-10-08,20241008,243.56,246.21,240.56,244.5,244.5,244.5,56303200,0.015239,0.0
TSLA,2024-10-09,20241009,243.82,247.43,239.51,241.0500030517578,241.05,241.05,66289500,-0.01411,0.0
TSLA,2024-10-10,20241010,241.81,242.79,232.34,238.77000427246094,238.77,238.77,83087100,-0.009459,0.0
TSLA,2024-10-11,20241011,220.13,223.34,214.38,217.8000030517578,217.8,217.8,142628900,-0.087825,0.0
TSLA,2024-10-14,20241014,220.13,221.91,213.74,219.16000366210938,219.16,219.16,86291900,0.006244,0.0
TSLA,2024-10-15,20241015,220.01,224.26,217.12,219.57000732421875,219.57,219.57,62988800,0.001871,0.0
TSLA,2024-10-16,20241016,221.4,222.82,218.93,221.3300018310547,221.33,221.33,49632800,0.008016,0.0
TSLA,2024-10-17,20241017,221.59,222.08,217.9,220.88999938964844,220.89,220.89,50791800,-0.001988,0.0
TSLA,2024-10-18,20241018,220.71,222.28,219.23,220.6999969482422,220.7,220.7,49611900,-0.00086,0.0
TSLA,2024-10-21,20241021,218.9,220.48,215.73,218.85000610351562,218.85,218.85,47329000,-0.008382,0.0
TSLA,2024-10-22,20241022,217.31,218.22,215.26,217.97000122070312,217.97,217.97,43268700,-0.004021,0.0
TSLA,2024-10-23,20241023,217.13,218.72,212.11,213.64999389648438,213.65,213.65,80938900,-0.019819,0.0
TSLA,2024-10-24,20241024,244.68,262.12,242.65,260.4800109863281,260.48,260.48,204491900,0.21919,0.0
TSLA,2024-10-25,20241025,256.01,269.49,255.32,269.19000244140625,269.19,269.19,161611900,0.033438,0.0
TSLA,2024-10-28,20241028,270.0,273.54,262.24,262.510009765625,262.51,262.51,107653600,-0.024815,0.0
TSLA,2024-10-29,20241029,264.51,264.98,255.51,259.5199890136719,259.52,259.52,80521800,-0.01139,0.0
TSLA,2024-10-30,20241030,258.04,263.35,255.82,257.54998779296875,257.55,257.55,53993600,-0.007591,0.0
TSLA,2024-10-31,20241031,257.99,259.75,249.25,249.85000610351562,249.85,249.85,66575300,-0.029897,0.0
TSLA,2024-11-01,20241101,252.04,254.0,246.63,248.97999572753906,248.98,248.98,57544800,-0.003482,0.0
TSLA,2024-11-04,20241104,244.56,248.9,238.88,242.83999633789062,242.84,242.84,68802400,-0.024661,0.0
TSLA,2024-11-05,20241105,247.34,255.28,246.21,251.44000244140625,251.44,251.44,69282500,0.035414,0.0
TSLA,2024-11-06,20241106,284.67,289.59,275.62,288.5299987792969,288.53,288.53,165228700,0.14751,0.0
TSLA,2024-11-07,20241107,288.89,299.75,285.52,296.9100036621094,296.91,296.91,117309200,0.029044,0.0
TSLA,2024-11-08,20241108,299.14,328.71,297.66,321.2200012207031,321.22,321.22,204782800,0.081877,0.0
TSLA,2024-11-11,20241111,346.3,358.64,336.0,350.0,350.0,350.0,210521600,0.089596,0.0
TSLA,2024-11-12,20241112,342.74,345.84,323.31,328.489990234375,328.49,328.49,155726000,-0.061457,0.0
TSLA,2024-11-13,20241113,335.85,344.6,322.5,330.239990234375,330.24,330.24,125405600,0.005327,0.0
TSLA,2024-11-14,20241114,327.69,329.98,310.37,311.17999267578125,311.18,311.18,120726100,-0.057716,0.0
TSLA,2024-11-15,20241115,310.57,324.68,309.22,320.7200012207031,320.72,320.72,114440300,0.030657,0.0
TSLA,2024-11-18,20241118,340.73,348.55,330.01,338.739990234375,338.74,338.74,126085600,0.056186,0.0
TSLA,2024-11-19,20241119,335.76,347.38,332.75,346.0,346.0,346.0,88852500,0.021432,0.0
TSLA,2024-11-20,20241120,345.0,346.6,334.3,342.0299987792969,342.03,342.03,66340700,-0.011474,0.0
TSLA,2024-11-21,20241121,343.81,347.99,335.28,339.6400146484375,339.64,339.64,58011700,-0.006988,0.0
TSLA,2024-11-22,20241122,341.09,361.53,337.7,352.55999755859375,352.56,352.56,89140700,0.03804,0.0
TSLA,2024-11-25,20241125,360.14,361.93,338.2,338.5899963378906,338.59,338.59,95890900,-0.039624,0.0
TSLA,2024-11-26,20241126,341.0,346.96,335.66,338.2300109863281,338.23,338.23,62295900,-0.001063,0.0
TSLA,2024-11-27,20241127,341.8,342.55,326.59,332.8900146484375,332.89,332.89,57896400,-0.015788,0.0
TSLA,2024-11-29,20241129,336.08,345.45,334.65,345.1600036621094,345.16,345.16,37167600,0.036859,0.0
TSLA,2024-12-02,20241202,352.38,360.0,351.15,357.0899963378906,357.09,357.09,77986500,0.034564,0.0
TSLA,2024-12-03,20241203,351.8,355.69,348.2,351.4200134277344,351.42,351.42,58267200,-0.015878,0.0
TSLA,2024-12-04,20241204,353.0,358.1,348.6,357.92999267578125,357.93,357.93,50810900,0.018525,0.0
TSLA,2024-12-05,20241205,359.87,375.43,359.5,369.489990234375,369.49,369.49,81403600,0.032297,0.0
TSLA,2024-12-06,20241206,377.42,389.49,370.8,389.2200012207031,389.22,389.22,81455800,0.053398,0.0
TSLA,2024-12-09,20241209,397.61,404.8,378.01,389.7900085449219,389.79,389.79,96359200,0.001464,0.0
TSLA,2024-12-10,20241210,392.68,409.73,390.85,400.989990234375,400.99,400.99,97563600,0.028733,0.0
TSLA,2024-12-11,20241211,409.7,424.88,402.38,424.7699890136719,424.77,424.77,104287600,0.059303,0.0
TSLA,2024-12-12,20241212,424.84,429.3,415.0,418.1000061035156,418.1,418.1,87752200,-0.015703,0.0
TSLA,2024-12-13,20241213,420.0,436.3,415.71,436.2300109863281,436.23,436.23,89000200,0.043363,0.0
TSLA,2024-12-16,20241216,441.09,463.19,436.15,463.0199890136719,463.02,463.02,114083800,0.061413,0.0
TSLA,2024-12-17,20241217,475.9,483.99,457.51,479.8599853515625,479.86,479.86,131223000,0.03637,0.0
TSLA,2024-12-18,20241218,466.5,488.54,427.01,440.1300048828125,440.13,440.13,149340800,-0.082795,0.0
TSLA,2024-12-19,20241219,451.88,456.36,420.02,436.1700134277344,436.17,436.17,118566100,-0.008997,0.0
TSLA,2024-12-20,20241220,425.51,447.08,417.64,421.05999755859375,421.06,421.06,132216200,-0.034642,0.0
TSLA,2024-12-23,20241223,431.0,434.51,415.41,430.6000061035156,430.6,430.6,72698100,0.022657,0.0
TSLA,2024-12-24,20241224,435.9,462.78,435.14,462.2799987792969,462.28,462.28,59551800,0.073572,0.0
TSLA,2024-12-26,20241226,465.16,465.33,451.02,454.1300048828125,454.13,454.13,76366400,-0.01763,0.0
TSLA,2024-12-27,20241227,449.52,450.0,426.5,431.6600036621094,431.66,431.66,82666800,-0.049479,0.0
TSLA,2024-12-30,20241230,419.4,427.0,415.75,417.4100036621094,417.41,417.41,64941000,-0.033012,0.0
TSLA,2024-12-31,20241231,423.79,427.93,402.54,403.8399963378906,403.84,403.84,76825100,-0.03251,0.0
TSLA,2025-01-02,20250102,390.1,392.73,373.04,379.2799987792969,379.28,379.28,109710700,-0.060816,0.0
TSLA,2025-01-03,20250103,381.48,411.88,379.45,410.44000244140625,410.44,410.44,95423300,0.082156,0.0
TSLA,2025-01-06,20250106,423.2,426.43,401.7,411.04998779296875,411.05,411.05,85516500,0.001486,0.0
TSLA,2025-01-07,20250107,405.83,414.33,390.0,394.3599853515625,394.36,394.36,75699500,-0.040603,0.0
TSLA,2025-01-08,20250108,392.95,402.5,387.4,394.94000244140625,394.94,394.94,73038800,0.001471,0.0
TSLA,2025-01-10,20250110,391.4,399.28,377.29,394.739990234375,394.74,394.74,62287300,-0.000506,0.0
TSLA,2025-01-13,20250113,383.21,403.79,380.07,403.30999755859375,403.31,403.31,67580500,0.02171,0.0
TSLA,2025-01-14,20250114,414.34,422.64,394.54,396.3599853515625,396.36,396.36,84565000,-0.017232,0.0
TSLA,2025-01-15,20250115,409.9,429.8,405.66,428.2200012207031,428.22,428.22,81375500,0.080381,0.0
TSLA,2025-01-16,20250116,423.49,424.0,409.13,413.82000732421875,413.82,413.82,68335200,-0.033628,0.0
TSLA,2025-01-17,20250117,421.5,439.74,419.75,426.5,426.5,426.5,94991400,0.030641,0.0
TSLA,2025-01-21,20250121,432.64,433.2,406.31,424.07000732421875,424.07,424.07,87320900,-0.005698,0.0
TSLA,2025-01-22,20250122,416.81,428.0,414.59,415.1099853515625,415.11,415.11,60963300,-0.021129,0.0
TSLA,2025-01-23,20250123,416.06,420.73,408.95,412.3800048828125,412.38,412.38,50690600,-0.006577,0.0
TSLA,2025-01-24,20250124,414.45,418.88,405.78,406.5799865722656,406.58,406.58,56427100,-0.014065,0.0
TSLA,2025-01-27,20250127,394.8,406.69,389.0,397.1499938964844,397.15,397.15,58125500,-0.023193,0.0
TSLA,2025-01-28,20250128,396.91,400.59,386.5,398.0899963378906,398.09,398.09,48910700,0.002367,0.0
TSLA,2025-01-29,20250129,395.21,398.59,384.48,389.1000061035156,389.1,389.1,68033600,-0.022583,0.0
TSLA,2025-01-30,20250130,410.78,412.5,384.41,400.2799987792969,400.28,400.28,98092900,0.028733,0.0
TSLA,2025-01-31,20250131,401.53,419.99,401.34,404.6000061035156,404.6,404.6,83283600,0.010792,0.0
TSLA,2025-02-03,20250203,386.68,389.17,374.36,383.67999267578125,383.68,383.68,93732100,-0.051705,0.0
TSLA,2025-02-04,20250204,382.63,394.0,381.4,392.2099914550781,392.21,392.21,57072200,0.022232,0.0
TSLA,2025-02-05,20250205,387.51,388.39,375.53,378.1700134277344,378.17,378.17,57223300,-0.035797,0.0
TSLA,2025-02-06,20250206,373.03,375.4,363.18,374.32000732421875,374.32,374.32,77918200,-0.010181,0.0
TSLA,2025-02-07,20250207,370.19,380.55,360.34,361.6199951171875,361.62,361.62,70298300,-0.033928,0.0
TSLA,2025-02-10,20250210,356.21,362.7,350.51,350.7300109863281,350.73,350.73,77514900,-0.030114,0.0
TSLA,2025-02-11,20250211,345.8,349.37,325.1,328.5,328.5,328.5,118543400,-0.063382,0.0
TSLA,2025-02-12,20250212,329.94,346.4,329.12,336.510009765625,336.51,336.51,105382700,0.024384,0.0
TSLA,2025-02-13,20250213,345.0,358.69,342.85,355.94000244140625,355.94,355.94,89441500,0.05774,0.0
TSLA,2025-02-14,20250214,360.62,362.0,347.5,355.8399963378906,355.84,355.84,68277300,-0.000281,0.0
TSLA,2025-02-18,20250218,355.01,359.1,350.02,354.1099853515625,354.11,354.11,51631700,-0.004862,0.0
TSLA,2025-02-19,20250219,354.0,367.34,353.67,360.55999755859375,360.56,360.56,67094400,0.018215,0.0
TSLA,2025-02-20,20250220,361.51,362.3,348.0,354.3999938964844,354.4,354.4,45965400,-0.017085,0.0
TSLA,2025-02-21,20250221,353.44,354.98,334.42,337.79998779296875,337.8,337.8,74058600,-0.04684,0.0
TSLA,2025-02-24,20250224,338.14,342.4,324.7,330.5299987792969,330.53,330.53,76052300,-0.021522,0.0
TSLA,2025-02-25,20250225,327.02,328.89,297.25,302.79998779296875,302.8,302.8,134228800,-0.083896,0.0
TSLA,2025-02-26,20250226,303.71,309.0,288.04,290.79998779296875,290.8,290.8,100118300,-0.03963,0.0
TSLA,2025-02-27,20250227,291.16,297.23,280.88,281.95001220703125,281.95,281.95,101748200,-0.030433,0.0
TSLA,2025-02-28,20250228,279.5,293.88,273.6,292.9800109863281,292.98,292.98,115697000,0.03912,0.0
TSLA,2025-03-03,20250303,300.34,303.94,277.3,284.6499938964844,284.65,284.65,115551400,-0.028432,0.0
TSLA,2025-03-04,20250304,270.93,284.35,261.84,272.0400085449219,272.04,272.04,126706600,-0.0443,0.0
TSLA,2025-03-05,20250305,272.92,279.55,267.71,279.1000061035156,279.1,279.1,94042900,0.025952,0.0
TSLA,2025-03-06,20250306,272.06,272.65,260.02,263.45001220703125,263.45,263.45,98451600,-0.056073,0.0
TSLA,2025-03-07,20250307,259.32,266.25,250.73,262.6700134277344,262.67,262.67,102369600,-0.002961,0.0
TSLA,2025-03-10,20250310,252.54,253.37,220.0,222.14999389648438,222.15,222.15,189076900,-0.154262,0.0
TSLA,2025-03-11,20250311,225.31,237.06,217.02,230.5800018310547,230.58,230.58,174896400,0.037947,0.0
TSLA,2025-03-12,20250312,247.22,251.84,241.1,248.08999633789062,248.09,248.09,142215700,0.075939,0.0
TSLA,2025-03-13,20250313,248.13,248.29,232.6,240.67999267578125,240.68,240.68,114813500,-0.029868,0.0
TSLA,2025-03-14,20250314,247.31,251.58,240.73,249.97999572753906,249.98,249.98,100242300,0.038641,0.0
TSLA,2025-03-17,20250317,245.06,245.4,232.8,238.00999450683594,238.01,238.01,111900600,-0.047884,0.0
TSLA,2025-03-18,20250318,228.16,230.1,222.28,225.30999755859375,225.31,225.31,111477600,-0.053359,0.0
TSLA,2025-03-19,20250319,231.61,241.41,229.2,235.86000061035156,235.86,235.86,111993800,0.046824,0.0
TSLA,2025-03-20,20250320,233.35,238.0,230.05,236.25999450683594,236.26,236.26,99028300,0.001696,0.0
TSLA,2025-03-21,20250321,234.99,249.52,234.55,248.7100067138672,248.71,248.71,132728700,0.052696,0.0
TSLA,2025-03-24,20250324,258.08,278.64,256.33,278.3900146484375,278.39,278.39,169079900,0.119336,0.0
TSLA,2025-03-25,20250325,283.6,288.2,271.28,288.1400146484375,288.14,288.14,150361500,0.035023,0.0
TSLA,2025-03-26,20250326,282.66,284.9,266.51,272.05999755859375,272.06,272.06,153629800,-0.055806,0.0
TSLA,2025-03-27,20250327,272.48,291.85,271.82,273.1300048828125,273.13,273.13,162572100,0.003933,0.0
TSLA,2025-03-28,20250328,275.58,276.1,260.57,263.54998779296875,263.55,263.55,123809400,-0.035075,0.0
TSLA,2025-03-31,20250331,249.31,260.56,243.36,259.1600036621094,259.16,259.16,134008900,-0.016657,0.0
TSLA,2025-04-01,20250401,263.8,277.45,259.25,268.4599914550781,268.46,268.46,146486900,0.035885,0.0
TSLA,2025-04-02,20250402,254.6,284.99,251.27,282.760009765625,282.76,282.76,212787800,0.053267,0.0
TSLA,2025-04-03,20250403,265.29,276.3,261.51,267.2799987792969,267.28,267.28,136174300,-0.054746,0.0
TSLA,2025-04-04,20250404,255.38,261.0,236.0,239.42999267578125,239.43,239.43,181229400,-0.104198,0.0
TSLA,2025-04-07,20250407,223.78,252.0,214.25,233.2899932861328,233.29,233.29,183453800,-0.025644,0.0
TSLA,2025-04-08,20250408,245.0,250.44,217.8,221.86000061035156,221.86,221.86,171603500,-0.048995,0.0
TSLA,2025-04-09,20250409,224.69,274.69,223.88,272.20001220703125,272.2,272.2,219433400,0.2269,0.0
TSLA,2025-04-10,20250410,260.0,262.49,239.33,252.39999389648438,252.4,252.4,181722600,-0.072741,0.0
TSLA,2025-04-11,20250411,251.84,257.74,241.36,252.30999755859375,252.31,252.31,128948100,-0.000357,0.0
TSLA,2025-04-14,20250414,258.36,261.8,245.93,252.35000610351562,252.35,252.35,100135200,0.000159,0.0
TSLA,2025-04-15,20250415,249.91,258.75,247.54,254.11000061035156,254.11,254.11,79594300,0.006974,0.0
TSLA,2025-04-16,20250416,247.61,251.97,233.89,241.5500030517578,241.55,241.55,112378700,-0.049427,0.0
TSLA,2025-04-17,20250417,243.47,244.34,237.68,241.3699951171875,241.37,241.37,83404800,-0.000745,0.0
TSLA,2025-04-21,20250421,230.26,232.21,222.79,227.5,227.5,227.5,97768000,-0.057464,0.0
TSLA,2025-04-22,20250422,230.96,242.79,229.85,237.97000122070312,237.97,237.97,120858500,0.046022,0.0
TSLA,2025-04-23,20250423,254.86,259.45,244.43,250.74000549316406,250.74,250.74,150381900,0.053662,0.0
TSLA,2025-04-24,20250424,250.5,259.54,249.2,259.510009765625,259.51,259.51,94464200,0.034976,0.0
TSLA,2025-04-25,20250425,261.69,286.85,259.63,284.95001220703125,284.95,284.95,167560700,0.098031,0.0
TSLA,2025-04-28,20250428,288.98,294.86,272.42,285.8800048828125,285.88,285.88,151731800,0.003264,0.0
TSLA,2025-04-29,20250429,285.5,293.32,279.47,292.0299987792969,292.03,292.03,108906600,0.021513,0.0
TSLA,2025-04-30,20250430,279.9,284.45,270.78,282.1600036621094,282.16,282.16,128961100,-0.033798,0.0
TSLA,2025-05-01,20250501,280.01,290.87,279.81,280.5199890136719,280.52,280.52,99659000,-0.005812,0.0
TSLA,2025-05-02,20250502,284.9,294.78,279.81,287.2099914550781,287.21,287.21,114454700,0.023849,0.0
TSLA,2025-05-05,20250505,284.57,284.85,274.4,280.260009765625,280.26,280.26,94618900,-0.024198,0.0
TSLA,2025-05-06,20250506,273.11,277.73,271.35,275.3500061035156,275.35,275.35,76715800,-0.017519,0.0
TSLA,2025-05-07,20250507,276.88,277.92,271.0,276.2200012207031,276.22,276.22,71592600,0.00316,0.0
TSLA,2025-05-08,20250508,279.63,289.8,279.41,284.82000732421875,284.82,284.82,97539400,0.031135,0.0
TSLA,2025-05-09,20250509,290.21,307.04,290.0,298.260009765625,298.26,298.26,132387800,0.047188,0.0
TSLA,2025-05-12,20250512,321.99,322.21,311.5,318.3800048828125,318.38,318.38,112826700,0.067458,0.0
TSLA,2025-05-13,20250513,320.0,337.59,316.8,334.07000732421875,334.07,334.07,136992600,0.049281,0.0
TSLA,2025-05-14,20250514,342.5,350.0,337.0,347.67999267578125,347.68,347.68,136997300,0.04074,0.0
TSLA,2025-05-15,20250515,340.34,346.14,334.72,342.82000732421875,342.82,342.82,97882600,-0.013978,0.0
TSLA,2025-05-16,20250516,346.24,351.62,342.33,349.9800109863281,349.98,349.98,95895700,0.020886,0.0
TSLA,2025-05-19,20250519,336.3,343.0,333.37,342.0899963378906,342.09,342.09,88869900,-0.022544,0.0
TSLA,2025-05-20,20250520,347.87,354.99,341.63,343.82000732421875,343.82,343.82,131715500,0.005057,0.0
TSLA,2025-05-21,20250521,344.43,347.35,332.2,334.6199951171875,334.62,334.62,102354800,-0.026758,0.0
TSLA,2025-05-22,20250522,331.9,347.27,331.39,341.0400085449219,341.04,341.04,97113400,0.019186,0.0
TSLA,2025-05-23,20250523,337.92,343.18,333.21,339.3399963378906,339.34,339.34,84654800,-0.004985,0.0
TSLA,2025-05-27,20250527,347.35,363.79,347.32,362.8900146484375,362.89,362.89,120146400,0.069399,0.0
TSLA,2025-05-28,20250528,364.84,365.0,355.91,356.8999938964844,356.9,356.9,91404300,-0.016506,0.0
TSLA,2025-05-29,20250529,365.29,367.71,356.0,358.42999267578125,358.43,358.43,88087800,0.004287,0.0
TSLA,2025-05-30,20250530,355.52,363.68,345.29,346.4599914550781,346.46,346.46,123474900,-0.033396,0.0
TSLA,2025-06-02,20250602,343.5,348.02,333.33,342.69000244140625,342.69,342.69,81873800,-0.010881,0.0
TSLA,2025-06-03,20250603,346.6,355.4,343.04,344.2699890136719,344.27,344.27,99324500,0.004611,0.0
TSLA,2025-06-04,20250604,345.1,345.6,327.33,332.04998779296875,332.05,332.05,98912100,-0.035495,0.0
TSLA,2025-06-05,20250605,322.49,324.55,273.21,284.70001220703125,284.7,284.7,287499800,-0.142599,0.0
TSLA,2025-06-06,20250606,298.83,305.5,291.14,295.1400146484375,295.14,295.14,164747700,0.03667,0.0
TSLA,2025-06-09,20250609,285.96,309.83,281.85,308.5799865722656,308.58,308.58,140908900,0.045538,0.0
TSLA,2025-06-10,20250610,314.94,327.83,310.67,326.0899963378906,326.09,326.09,151256500,0.056744,0.0
TSLA,2025-06-11,20250611,334.4,335.5,322.5,326.42999267578125,326.43,326.43,122611400,0.001043,0.0
TSLA,2025-06-12,20250612,323.08,332.56,316.86,319.1099853515625,319.11,319.11,105127500,-0.022424,0.0
TSLA,2025-06-13,20250613,313.97,332.99,313.3,325.30999755859375,325.31,325.31,128964300,0.019429,0.0
TSLA,2025-06-16,20250616,331.29,332.05,326.41,329.1300048828125,329.13,329.13,83925900,0.011743,0.0
TSLA,2025-06-17,20250617,326.09,327.26,314.74,316.3500061035156,316.35,316.35,88282700,-0.03883,0.0
TSLA,2025-06-18,20250618,317.31,329.32,315.45,322.04998779296875,322.05,322.05,95137700,0.018018,0.0
TSLA,2025-06-20,20250620,327.95,332.36,317.78,322.1600036621094,322.16,322.16,108688000,0.000342,0.0
TSLA,2025-06-23,20250623,327.54,357.54,327.48,348.67999267578125,348.68,348.68,190716800,0.082319,0.0
TSLA,2025-06-24,20250624,356.17,356.26,340.44,340.4700012207031,340.47,340.47,114736200,-0.023546,0.0
TSLA,2025-06-25,20250625,342.7,343.0,320.4,327.54998779296875,327.55,327.55,119845100,-0.037948,0.0
TSLA,2025-06-26,20250626,324.61,331.05,323.61,325.7799987792969,325.78,325.78,80440900,-0.005404,0.0
TSLA,2025-06-27,20250627,324.51,329.34,317.5,323.6300048828125,323.63,323.63,89067000,-0.0066,0.0
TSLA,2025-06-30,20250630,319.9,325.58,316.6,317.6600036621094,317.66,317.66,76695100,-0.018447,0.0
TSLA,2025-07-01,20250701,298.46,305.89,293.21,300.7099914550781,300.71,300.71,145085700,-0.053359,0.0
TSLA,2025-07-02,20250702,312.63,316.83,303.82,315.6499938964844,315.65,315.65,119483700,0.049682,0.0
TSLA,2025-07-03,20250703,317.99,318.45,312.76,315.3500061035156,315.35,315.35,58042300,-0.00095,0.0
TSLA,2025-07-07,20250707,291.37,296.15,288.77,293.94000244140625,293.94,293.94,131177900,-0.067893,0.0
TSLA,2025-07-08,20250708,297.0,304.05,294.35,297.80999755859375,297.81,297.81,103246700,0.013166,0.0
TSLA,2025-07-09,20250709,297.55,300.15,293.55,295.8800048828125,295.88,295.88,75586800,-0.006481,0.0
TSLA,2025-07-10,20250710,300.05,310.48,300.0,309.8699951171875,309.87,309.87,104365300,0.047283,0.0
TSLA,2025-07-11,20250711,307.89,314.09,305.65,313.510009765625,313.51,313.51,79236400,0.011747,0.0
TSLA,2025-07-14,20250714,317.73,322.6,312.67,316.8999938964844,316.9,316.9,78043400,0.010813,0.0
TSLA,2025-07-15,20250715,319.68,321.2,310.5,310.7799987792969,310.78,310.78,77556300,-0.019312,0.0
TSLA,2025-07-16,20250716,312.8,323.5,312.62,321.6700134277344,321.67,321.67,97284800,0.035041,0.0
TSLA,2025-07-17,20250717,323.15,324.34,317.06,319.4100036621094,319.41,319.41,73922900,-0.007026,0.0
TSLA,2025-07-18,20250718,321.66,330.9,321.42,329.6499938964844,329.65,329.65,94255000,0.032059,0.0
TSLA,2025-07-21,20250721,334.4,338.0,326.88,328.489990234375,328.49,328.49,75768800,-0.003519,0.0
TSLA,2025-07-22,20250722,329.74,335.41,321.55,332.1099853515625,332.11,332.11,77370400,0.01102,0.0
TSLA,2025-07-23,20250723,330.9,336.2,328.67,332.55999755859375,332.56,332.56,92553800,0.001355,0.0
TSLA,2025-07-24,20250724,310.0,310.15,300.41,305.29998779296875,305.3,305.3,156966000,-0.08197,0.0
TSLA,2025-07-25,20250725,308.74,323.63,308.01,316.05999755859375,316.06,316.06,148227000,0.035244,0.0
TSLA,2025-07-28,20250728,318.45,330.49,315.69,325.5899963378906,325.59,325.59,112673800,0.030153,0.0
TSLA,2025-07-29,20250729,325.55,326.25,318.25,321.20001220703125,321.2,321.2,87358900,-0.013483,0.0
TSLA,2025-07-30,20250730,322.18,324.45,311.62,319.0400085449219,319.04,319.04,83931900,-0.006725,0.0
TSLA,2025-07-31,20250731,319.61,321.37,306.1,308.2699890136719,308.27,308.27,85270900,-0.033758,0.0
TSLA,2025-08-01,20250801,306.21,309.31,297.82,302.6300048828125,302.63,302.63,89121400,-0.018296,0.0
TSLA,2025-08-04,20250804,309.08,312.12,303.0,309.260009765625,309.26,309.26,78683900,0.021908,0.0
TSLA,2025-08-05,20250805,308.95,312.45,305.5,308.7200012207031,308.72,308.72,57961300,-0.001746,0.0
TSLA,2025-08-06,20250806,307.89,320.47,306.93,319.9100036621094,319.91,319.91,78523600,0.036246,0.0
TSLA,2025-08-07,20250807,319.79,322.4,316.16,322.2699890136719,322.27,322.27,66658700,0.007377,0.0
TSLA,2025-08-08,20250808,321.43,335.15,320.98,329.6499938964844,329.65,329.65,91200300,0.0229,0.0
TSLA,2025-08-11,20250811,335.0,346.64,334.15,339.0299987792969,339.03,339.03,105320200,0.028454,0.0
TSLA,2025-08-12,20250812,345.0,345.26,332.94,340.8399963378906,340.84,340.84,80522100,0.005339,0.0
TSLA,2025-08-13,20250813,341.5,348.98,338.2,339.3800048828125,339.38,339.38,67838900,-0.004284,0.0
TSLA,2025-08-14,20250814,335.76,340.47,330.4,335.5799865722656,335.58,335.58,75000700,-0.011197,0.0
TSLA,2025-08-15,20250815,337.66,339.3,327.02,330.55999755859375,330.56,330.56,74319800,-0.014959,0.0
TSLA,2025-08-18,20250818,329.62,336.27,329.59,335.1600036621094,335.16,335.16,56956600,0.013916,0.0
TSLA,2025-08-19,20250819,335.79,340.55,327.85,329.30999755859375,329.31,329.31,75956000,-0.017454,0.0
TSLA,2025-08-20,20250820,329.22,331.37,314.6,323.8999938964844,323.9,323.9,77481800,-0.016428,0.0
TSLA,2025-08-21,20250821,322.08,324.9,318.68,320.1099853515625,320.11,320.11,55744400,-0.011701,0.0
TSLA,2025-08-22,20250822,321.66,340.25,319.69,340.010009765625,340.01,340.01,94016300,0.062166,0.0
TSLA,2025-08-25,20250825,338.9,349.53,335.03,346.6000061035156,346.6,346.6,86670000,0.019382,0.0
TSLA,2025-08-26,20250826,344.93,351.9,343.72,351.6700134277344,351.67,351.67,76651600,0.014628,0.0
TSLA,2025-08-27,20250827,351.94,355.39,349.16,349.6000061035156,349.6,349.6,65519000,-0.005886,0.0
TSLA,2025-08-28,20250828,350.91,353.55,340.26,345.9800109863281,345.98,345.98,67903200,-0.010355,0.0
TSLA,2025-08-29,20250829,347.23,348.75,331.7,333.8699951171875,333.87,333.87,81145700,-0.035002,0.0
TSLA,2025-09-02,20250902,328.23,333.33,325.6,329.3599853515625,329.36,329.36,58392000,-0.013508,0.0
TSLA,2025-09-03,20250903,335.2,343.33,328.51,334.0899963378906,334.09,334.09,88733300,0.014361,0.0
TSLA,2025-09-04,20250904,336.15,338.89,331.48,338.5299987792969,338.53,338.53,60711000,0.01329,0.0
TSLA,2025-09-05,20250905,348.0,355.87,344.68,350.8399963378906,350.84,350.84,108989800,0.036363,0.0
TSLA,2025-09-08,20250908,354.64,358.44,344.84,346.3999938964844,346.4,346.4,75208300,-0.012655,0.0
TSLA,2025-09-09,20250909,348.44,350.77,343.82,346.9700012207031,346.97,346.97,53816000,0.001645,0.0
TSLA,2025-09-10,20250910,350.55,356.33,346.07,347.7900085449219,347.79,347.79,72121700,0.002363,0.0
TSLA,2025-09-11,20250911,350.17,368.99,347.6,368.80999755859375,368.81,368.81,103756000,0.060439,0.0
TSLA,2025-09-12,20250912,370.94,396.69,370.24,395.94000244140625,395.94,395.94,168156400,0.073561,0.0
TSLA,2025-09-15,20250915,423.13,425.7,402.43,410.0400085449219,410.04,410.04,163823700,0.035611,0.0
TSLA,2025-09-16,20250916,414.5,423.25,411.43,421.6199951171875,421.62,421.62,104285700,0.028241,0.0
TSLA,2025-09-17,20250917,415.75,428.31,409.67,425.8599853515625,425.86,425.86,106133500,0.010056,0.0
TSLA,2025-09-18,20250918,428.87,432.22,416.56,416.8500061035156,416.85,416.85,90454500,-0.021157,0.0
TSLA,2025-09-19,20250919,421.82,429.47,421.72,426.07000732421875,426.07,426.07,93131000,0.022118,0.0
TSLA,2025-09-22,20250922,431.11,444.98,429.13,434.2099914550781,434.21,434.21,97108800,0.019105,0.0
TSLA,2025-09-23,20250923,439.88,440.97,423.72,425.8500061035156,425.85,425.85,83422700,-0.019253,0.0
TSLA,2025-09-24,20250924,429.83,444.21,429.03,442.7900085449219,442.79,442.79,93133600,0.039779,0.0
TSLA,2025-09-25,20250925,435.24,435.35,419.08,423.3900146484375,423.39,423.39,96746400,-0.043813,0.0
TSLA,2025-09-26,20250926,428.3,440.47,421.02,440.3999938964844,440.4,440.4,101628200,0.040176,0.0
TSLA,2025-09-29,20250929,444.35,450.98,439.5,443.2099914550781,443.21,443.21,79491500,0.006381,0.0
TSLA,2025-09-30,20250930,441.52,445.0,433.12,444.7200012207031,444.72,444.72,74358000,0.003407,0.0
TSLA,2025-10-01,20251001,443.8,462.29,440.75,459.4599914550781,459.46,459.46,98122300,0.033144,0.0
TSLA,2025-10-02,20251002,470.54,470.75,435.57,436.0,436.0,436.0,137009000,-0.05106,0.0
TSLA,2025-10-03,20251003,443.29,446.77,416.58,429.8299865722656,429.83,429.83,133188200,-0.014151,0.0
TSLA,2025-10-06,20251006,440.75,453.55,436.69,453.25,453.25,453.25,85324900,0.054487,0.0
TSLA,2025-10-07,20251007,447.82,452.68,432.45,433.0899963378906,433.09,433.09,102296100,-0.044479,0.0
TSLA,2025-10-08,20251008,437.57,441.33,425.23,438.69000244140625,438.69,438.69,71192100,0.01293,0.0
TSLA,2025-10-09,20251009,431.81,436.35,426.18,435.5400085449219,435.54,435.54,69339900,-0.00718,0.0
TSLA,2025-10-10,20251010,436.54,443.13,411.45,413.489990234375,413.49,413.49,112107900,-0.050627,0.0
TSLA,2025-10-13,20251013,423.53,436.89,419.7,435.8999938964844,435.9,435.9,79552800,0.054197,0.0
TSLA,2025-10-14,20251014,426.79,434.2,417.86,429.239990234375,429.24,429.24,72669400,-0.015279,0.0
TSLA,2025-10-15,20251015,434.9,440.51,426.33,435.1499938964844,435.15,435.15,71558200,0.013769,0.0
TSLA,2025-10-16,20251016,434.73,439.35,421.31,428.75,428.75,428.75,77189900,-0.014708,0.0
TSLA,2025-10-17,20251017,425.5,441.46,423.6,439.30999755859375,439.31,439.31,89331600,0.02463,0.0
TSLA,2025-10-20,20251020,443.87,449.8,440.61,447.42999267578125,447.43,447.43,63719000,0.018484,0.0
TSLA,2025-10-21,20251021,445.76,449.3,442.05,442.6000061035156,442.6,442.6,54412200,-0.010795,0.0
TSLA,2025-10-22,20251022,443.45,445.54,429.0,438.9700012207031,438.97,438.97,84023500,-0.008202,0.0
TSLA,2025-10-23,20251023,420.0,449.4,413.9,448.9800109863281,448.98,448.98,126709800,0.022803,0.0
TSLA,2025-10-24,20251024,446.83,451.68,430.17,433.7200012207031,433.72,433.72,94727800,-0.033988,0.0
TSLA,2025-10-27,20251027,439.98,460.16,438.69,452.4200134277344,452.42,452.42,105867500,0.043115,0.0
TSLA,2025-10-28,20251028,454.78,467.0,451.6,460.54998779296875,460.55,460.55,80185700,0.01797,0.0
TSLA,2025-10-29,20251029,462.5,465.7,452.65,461.510009765625,461.51,461.51,67983500,0.002084,0.0
TSLA,2025-10-30,20251030,451.05,455.06,439.61,440.1000061035156,440.1,440.1,72447900,-0.046391,0.0
TSLA,2025-10-31,20251031,446.75,458.0,443.69,456.55999755859375,456.56,456.56,83135800,0.037401,0.0
TSLA,2025-11-03,20251103,455.99,474.07,453.8,468.3699951171875,468.37,468.37,84595200,0.025867,0.0
TSLA,2025-11-04,20251104,454.46,460.22,443.6,444.260009765625,444.26,444.26,87756600,-0.051476,0.0
TSLA,2025-11-05,20251105,452.05,466.33,440.71,462.07000732421875,462.07,462.07,85573000,0.040089,0.0
TSLA,2025-11-06,20251106,461.96,467.45,435.09,445.9100036621094,445.91,445.91,109622900,-0.034973,0.0
TSLA,2025-11-07,20251107,437.92,439.36,421.88,429.5199890136719,429.52,429.52,103471500,-0.036756,0.0
TSLA,2025-11-10,20251110,439.6,449.67,433.36,445.2300109863281,445.23,445.23,76515900,0.036576,0.0
TSLA,2025-11-11,20251111,439.4,442.49,432.36,439.6199951171875,439.62,439.62,60533200,-0.0126,0.0
TSLA,2025-11-12,20251112,442.15,442.33,426.56,430.6000061035156,430.6,430.6,58513500,-0.020518,0.0
TSLA,2025-11-13,20251113,423.13,424.5,396.34,401.989990234375,401.99,401.99,118948000,-0.066442,0.0
TSLA,2025-11-14,20251114,386.3,412.19,382.78,404.3500061035156,404.35,404.35,105506700,0.005871,0.0
TSLA,2025-11-17,20251117,398.74,423.96,398.74,408.9200134277344,408.92,408.92,102214300,0.011302,0.0
TSLA,2025-11-18,20251118,405.38,408.9,393.71,401.25,401.25,401.25,80688600,-0.018757,0.0
TSLA,2025-11-19,20251119,406.18,411.78,398.5,403.989990234375,403.99,403.99,72047700,0.006829,0.0
TSLA,2025-11-20,20251120,414.63,428.94,394.74,395.2300109863281,395.23,395.23,113548800,-0.021684,0.0
TSLA,2025-11-21,20251121,402.32,402.8,383.76,391.0899963378906,391.09,391.09,100460600,-0.010475,0.0
TSLA,2025-11-24,20251124,402.17,421.72,401.09,417.7799987792969,417.78,417.78,96806400,0.068245,0.0
TSLA,2025-11-25,20251125,414.42,420.48,405.95,419.3999938964844,419.4,419.4,71915600,0.003878,0.0
TSLA,2025-11-26,20251126,423.95,426.94,416.89,426.5799865722656,426.58,426.58,63463000,0.01712,0.0
TSLA,2025-11-28,20251128,426.59,432.93,426.2,430.1700134277344,430.17,430.17,36252900,0.008416,0.0
TSLA,2025-12-01,20251201,425.32,433.66,425.29,430.1400146484375,430.14,430.14,57463600,-7e-05,0.0
TSLA,2025-12-02,20251202,430.81,436.8,422.12,429.239990234375,429.24,429.24,69336600,-0.002092,0.0
TSLA,2025-12-03,20251203,432.1,447.92,431.11,446.739990234375,446.74,446.74,87483000,0.04077,0.0
TSLA,2025-12-04,20251204,449.94,454.63,445.39,454.5299987792969,454.53,454.53,71906500,0.017437,0.0
TSLA,2025-12-05,20251205,453.03,458.87,451.66,455.0,455.0,455.0,56427500,0.001034,0.0
TSLA,2025-12-08,20251208,447.45,449.75,435.25,439.5799865722656,439.58,439.58,69165800,-0.03389,0.0
TSLA,2025-12-09,20251209,437.54,452.39,435.7,445.1700134277344,445.17,445.17,62367400,0.012717,0.0
TSLA,2025-12-10,20251210,446.07,456.88,443.61,451.45001220703125,451.45,451.45,63257500,0.014107,0.0
TSLA,2025-12-11,20251211,448.95,449.27,440.33,446.8900146484375,446.89,446.89,55979500,-0.010101,0.0
TSLA,2025-12-12,20251212,448.09,463.01,441.67,458.9599914550781,458.96,458.96,95656700,0.027009,0.0
TSLA,2025-12-15,20251215,469.44,481.77,467.66,475.30999755859375,475.31,475.31,114542200,0.035624,0.0
TSLA,2025-12-16,20251216,472.21,491.5,465.83,489.8800048828125,489.88,489.88,107608100,0.030654,0.0
TSLA,2025-12-17,20251217,488.22,495.28,466.2,467.260009765625,467.26,467.26,106490400,-0.046175,0.0
TSLA,2025-12-18,20251218,478.16,490.86,473.12,483.3699951171875,483.37,483.37,95168400,0.034478,0.0
TSLA,2025-12-19,20251219,488.12,490.49,474.72,481.20001220703125,481.2,481.2,103305400,-0.004489,0.0
TSLA,2025-12-22,20251222,489.88,498.83,485.33,488.7300109863281,488.73,488.73,86916100,0.015648,0.0
TSLA,2025-12-23,20251223,489.4,491.97,482.84,485.55999755859375,485.56,485.56,58223600,-0.006486,0.0
TSLA,2025-12-24,20251224,488.48,490.9,476.8,485.3999938964844,485.4,485.4,41285400,-0.00033,0.0
TSLA,2025-12-26,20251226,485.23,489.09,473.82,475.19000244140625,475.19,475.19,58780700,-0.021034,0.0
TSLA,2025-12-29,20251229,469.0,469.4,459.0,459.6400146484375,459.64,459.64,66263000,-0.032724,0.0
TSLA,2025-12-30,20251230,461.09,463.12,453.83,454.42999267578125,454.43,454.43,59238500,-0.011335,0.0
TSLA,2025-12-31,20251231,456.1,456.55,449.3,449.7200012207031,449.72,449.72,49078000,-0.010365,0.0
TSLA,2026-01-02,20260102,457.8,458.34,435.3,438.07000732421875,438.07,438.07,85535400,-0.025905,0.0
TSLA,2026-01-05,20260105,447.99,457.55,444.57,451.6700134277344,451.67,451.67,67940800,0.031045,0.0
TSLA,2026-01-06,20260106,446.38,448.25,428.78,432.9599914550781,432.96,432.96,89093800,-0.041424,0.0
TSLA,2026-01-07,20260107,435.9,438.37,431.29,431.4100036621094,431.41,431.41,59828800,-0.00358,0.0
TSLA,2026-01-08,20260108,427.89,436.89,424.37,435.79998779296875,435.8,435.8,57041100,0.010176,0.0
TSLA,2026-01-09,20260109,435.95,449.05,430.39,445.010009765625,445.01,445.01,67331500,0.021134,0.0
TSLA,2026-01-12,20260112,441.23,454.3,438.0,448.9599914550781,448.96,448.96,61649600,0.008876,0.0
TSLA,2026-01-13,20260113,450.2,451.81,443.95,447.20001220703125,447.2,447.2,53719200,-0.00392,0.0
TSLA,2026-01-14,20260114,442.81,443.91,434.22,439.20001220703125,439.2,439.2,57259500,-0.017889,0.0
TSLA,2026-01-15,20260115,441.13,445.36,437.65,438.57000732421875,438.57,438.57,49465800,-0.001434,0.0
TSLA,2026-01-16,20260116,439.5,447.25,435.26,437.5,437.5,437.5,60220600,-0.00244,0.0
TSLA,2026-01-20,20260120,429.36,430.73,417.44,419.25,419.25,419.25,63187300,-0.041714,0.0
TSLA,2026-01-21,20260121,421.66,438.2,419.62,431.44000244140625,431.44,431.44,68124000,0.029076,0.0
TSLA,2026-01-22,20260122,435.16,449.5,432.63,449.3599853515625,449.36,449.36,71546700,0.041535,0.0
TSLA,2026-01-23,20260123,447.43,452.43,444.04,449.05999755859375,449.06,449.06,56771400,-0.000668,0.0
TSLA,2026-01-26,20260126,445.0,445.04,434.28,435.20001220703125,435.2,435.2,49397400,-0.030864,0.0
TSLA,2026-01-27,20260127,437.41,437.52,430.69,430.8999938964844,430.9,430.9,37733100,-0.009881,0.0
TSLA,2026-01-28,20260128,431.91,438.26,430.1,431.4599914550781,431.46,431.46,54857400,0.0013,0.0
TSLA,2026-01-29,20260129,437.8,440.23,414.62,416.55999755859375,416.56,416.56,81686100,-0.034534,0.0
TSLA,2026-01-30,20260130,425.35,439.88,422.7,430.4100036621094,430.41,430.41,82626100,0.033249,0.0
TSLA,2026-02-02,20260202,421.29,427.15,414.5,421.80999755859375,421.81,421.81,58739500,-0.019981,0.0
TSLA,2026-02-03,20260203,424.27,428.56,413.69,421.9599914550781,421.96,421.96,56886500,0.000356,0.0
TSLA,2026-02-04,20260204,420.46,423.9,399.18,406.010009765625,406.01,406.01,74606900,-0.0378,0.0
TSLA,2026-02-05,20260205,397.02,402.1,387.53,397.2099914550781,397.21,397.21,72819800,-0.021674,0.0
TSLA,2026-02-06,20260206,400.87,414.55,397.75,411.1099853515625,411.11,411.11,62677100,0.034994,0.0
TSLA,2026-02-09,20260209,409.91,421.25,407.29,417.32000732421875,417.32,417.32,54484300,0.015105,0.0
TSLA,2026-02-10,20260210,418.08,427.25,417.0,425.2099914550781,425.21,425.21,64450200,0.018906,0.0
TSLA,2026-02-11,20260211,427.96,436.35,420.03,428.2699890136719,428.27,428.27,57362000,0.007196,0.0
TSLA,2026-02-12,20260212,430.3,436.23,414.0,417.07000732421875,417.07,417.07,61933400,-0.026152,0.0
TSLA,2026-02-13,20260213,414.31,424.06,410.88,417.44000244140625,417.44,417.44,51434100,0.000887,0.0
TSLA,2026-02-17,20260217,412.36,413.72,400.51,410.6300048828125,410.63,410.63,59678800,-0.016314,0.0
TSLA,2026-02-18,20260218,411.11,416.9,409.58,411.32000732421875,411.32,411.32,45921400,0.00168,0.0
TSLA,2026-02-19,20260219,407.25,415.25,404.11,411.7099914550781,411.71,411.71,51019600,0.000948,0.0
TSLA,2026-02-20,20260220,408.3,414.7,405.5,411.82000732421875,411.82,411.82,57912200,0.000267,0.0
TSLA,2026-02-23,20260223,407.29,407.7,394.04,399.8299865722656,399.83,399.83,69680000,-0.029115,0.0
TSLA,2026-02-24,20260224,399.5,410.82,397.64,409.3800048828125,409.38,409.38,58579500,0.023885,0.0
TSLA,2026-02-25,20260225,412.15,420.34,412.15,417.3999938964844,417.4,417.4,54809700,0.019591,0.0
TSLA,2026-02-26,20260226,414.42,416.81,403.66,408.5799865722656,408.58,408.58,53602500,-0.021131,0.0
TSLA,2026-02-27,20260227,402.94,407.12,398.11,402.510009765625,402.51,402.51,56890100,-0.014856,0.0
TSLA,2026-03-02,20260302,390.6,404.54,388.25,403.32000732421875,403.32,403.32,55088300,0.002012,0.0
TSLA,2026-03-03,20260303,395.09,396.34,385.39,392.42999267578125,392.43,392.43,62617300,-0.027001,0.0
TSLA,2026-03-04,20260304,397.85,408.33,394.58,405.94000244140625,405.94,405.94,68305500,0.034427,0.0
TSLA,2026-03-05,20260305,401.57,408.62,399.42,405.54998779296875,405.55,405.55,51925900,-0.000961,0.0
TSLA,2026-03-06,20260306,398.09,402.35,394.21,396.7300109863281,396.73,396.73,64054600,-0.021748,0.0
TSLA,2026-03-09,20260309,390.05,401.59,381.4,398.67999267578125,398.68,398.68,67018900,0.004915,0.0
TSLA,2026-03-10,20260310,402.22,406.59,398.19,399.239990234375,399.24,399.24,59258700,0.001405,0.0
TSLA,2026-03-11,20260311,402.28,416.38,402.15,407.82000732421875,407.82,407.82,62559900,0.021491,0.0
TSLA,2026-03-12,20260312,405.18,406.5,394.65,395.010009765625,395.01,395.01,60973800,-0.031411,0.0
TSLA,2026-03-13,20260313,399.17,400.2,389.95,391.20001220703125,391.2,391.2,58504100,-0.009645,0.0
TSLA,2026-03-16,20260316,396.22,403.73,394.42,395.55999755859375,395.56,395.56,58068300,0.011145,0.0
TSLA,2026-03-17,20260317,395.69,400.12,393.0,399.2699890136719,399.27,399.27,46890500,0.009379,0.0
TSLA,2026-03-18,20260318,399.0,403.07,392.31,392.7799987792969,392.78,392.78,50853100,-0.016255,0.0
TSLA,2026-03-19,20260319,387.27,387.27,378.73,380.29998779296875,380.3,380.3,67078300,-0.031774,0.0
TSLA,2026-03-20,20260320,379.85,379.89,364.46,367.9599914550781,367.96,367.96,78628600,-0.032448,0.0
TSLA,2026-03-23,20260323,373.09,385.33,372.73,380.8500061035156,380.85,380.85,74606000,0.035031,0.0
TSLA,2026-03-24,20260324,376.56,387.48,376.31,383.0299987792969,383.03,383.03,60004900,0.005724,0.0
TSLA,2026-03-25,20260325,389.99,396.23,385.01,385.95001220703125,385.95,385.95,55157300,0.007623,0.0
TSLA,2026-03-26,20260326,381.6,384.44,371.87,372.1099853515625,372.11,372.11,55522900,-0.03586,0.0
TSLA,2026-03-27,20260327,369.69,369.86,359.47,361.8299865722656,361.83,361.83,62065700,-0.027626,0.0
TSLA,2026-03-30,20260330,365.86,367.29,352.14,355.2799987792969,355.28,355.28,67954400,-0.018102,0.0
TSLA,2026-03-31,20260331,361.51,373.33,361.0,371.75,371.75,371.75,75534900,0.046358,0.0
TSLA,2026-04-01,20260401,378.63,383.14,374.08,381.260009765625,381.26,381.26,58683800,0.025582,0.0
TSLA,2026-04-02,20260402,364.2,370.28,359.03,360.5899963378906,360.59,360.59,83031200,-0.054215,0.0
TSLA,2026-04-06,20260406,362.59,367.72,346.64,352.82000732421875,352.82,352.82,77697600,-0.021548,0.0
TSLA,2026-04-07,20260407,346.44,348.02,337.24,346.6499938964844,346.65,346.65,74515400,-0.017488,0.0
TSLA,2026-04-08,20260408,363.79,364.5,339.67,343.25,343.25,343.25,78838600,-0.009808,0.0
TSLA,2026-04-09,20260409,343.15,348.88,337.25,345.6199951171875,345.62,345.62,62164000,0.006905,0.0
TSLA,2026-04-10,20260410,346.29,350.36,342.74,348.95001220703125,348.95,348.95,51336000,0.009635,0.0
TSLA,2026-04-13,20260413,350.07,356.35,348.57,352.4200134277344,352.42,352.42,53617500,0.009944,0.0
TSLA,2026-04-14,20260414,357.67,367.63,354.77,364.20001220703125,364.2,364.2,59979600,0.033426,0.0
TSLA,2026-04-15,20260415,366.83,394.65,362.5,391.95001220703125,391.95,391.95,113810400,0.076194,0.0
TSLA,2026-04-16,20260416,393.81,394.06,381.8,388.8999938964844,388.9,388.9,63515100,-0.007782,0.0
TSLA,2026-04-17,20260417,395.92,409.28,391.65,400.6199951171875,400.62,400.62,90640000,0.030136,0.0
TSLA,2026-04-20,20260420,402.58,406.8,388.33,392.5,392.5,392.5,64603900,-0.020269,0.0
TSLA,2026-04-21,20260421,393.0,393.95,385.22,386.4200134277344,386.42,386.42,50530600,-0.01549,0.0
TSLA,2026-04-22,20260422,387.57,393.01,385.3,387.510009765625,387.51,387.51,62362800,0.002821,0.0
TSLA,2026-04-23,20260423,375.28,386.0,368.39,373.7200012207031,373.72,373.72,93969500,-0.035586,0.0
TSLA,2026-04-24,20260424,373.5,382.76,370.73,376.29998779296875,376.3,376.3,62893300,0.006904,0.0
TSLA,2026-04-27,20260427,372.09,380.78,364.02,378.6700134277344,378.67,378.67,66735800,0.006298,0.0
TSLA,2026-04-28,20260428,374.68,382.29,372.54,376.0199890136719,376.02,376.02,50864400,-0.006998,0.0
TSLA,2026-04-29,20260429,375.4,376.4,370.04,372.79998779296875,372.8,372.8,45384800,-0.008563,0.0
TSLA,2026-04-30,20260430,372.75,384.75,368.17,381.6300048828125,381.63,381.63,51076000,0.023686,0.0
TSLA,2026-05-01,20260501,382.49,397.82,378.8,390.82000732421875,390.82,390.82,65338300,0.024081,0.0
TSLA,2026-05-04,20260504,390.23,394.64,384.8,392.510009765625,392.51,392.51,48765100,0.004324,0.0
TSLA,2026-05-05,20260505,395.19,402.12,389.0,389.3699951171875,389.37,389.37,47780600,-0.008,0.0
TSLA,2026-05-06,20260506,386.25,401.68,384.02,398.7300109863281,398.73,398.73,53465400,0.024039,0.0
TSLA,2026-05-07,20260507,407.48,415.83,402.12,411.7900085449219,411.79,411.79,64294200,0.032754,0.0
TSLA,2026-05-08,20260508,416.48,431.2,416.39,428.3500061035156,428.35,428.35,65050000,0.040215,0.0
TSLA,2026-05-11,20260511,422.16,449.16,416.8,445.0,445.0,445.0,78376100,0.03887,0.0
TSLA,2026-05-12,20260512,441.41,447.8,422.26,433.45001220703125,433.45,433.45,60569300,-0.025955,0.0
TSLA,2026-05-13,20260513,436.67,453.4,430.21,445.2699890136719,445.27,445.27,68283200,0.02727,0.0
TSLA,2026-05-14,20260514,446.49,451.98,441.16,443.29998779296875,443.3,443.3,46070400,-0.004424,0.0
TSLA,2026-05-15,20260515,433.98,434.66,422.0,422.239990234375,422.24,422.24,52688700,-0.047507,0.0
TSLA,2026-05-18,20260518,419.27,421.13,405.33,409.989990234375,409.99,409.99,52474200,-0.029012,0.0
TSLA,2026-05-19,20260519,403.16,405.63,393.63,404.1099853515625,404.11,404.11,46500600,-0.014342,0.0
TSLA,2026-05-20,20260520,407.6,417.46,406.39,417.260009765625,417.26,417.26,45294700,0.032541,0.0
TSLA,2026-05-21,20260521,422.18,426.95,412.9,417.8500061035156,417.85,417.85,42636900,0.001414,0.0
TSLA,2026-05-22,20260522,422.67,431.51,420.51,426.010009765625,426.01,426.01,46104700,0.019529,0.0
TSLA,2026-05-26,20260526,430.26,435.2,426.12,433.5899963378906,433.59,433.59,45658900,0.017793,0.0
TSLA,2026-05-27,20260527,442.89,445.6,435.52,440.3599853515625,440.36,440.36,44656500,0.015614,0.0
TSLA,2026-05-28,20260528,437.62,443.96,436.3,442.1000061035156,442.1,442.1,32435000,0.003951,0.0
TSLA,2026-05-29,20260529,439.85,441.07,428.14,435.7900085449219,435.79,435.79,45176800,-0.014273,0.0
TSLA,2026-06-01,20260601,427.49,429.6,415.43,415.8800048828125,415.88,415.88,44937900,-0.045687,0.0
TSLA,2026-06-02,20260602,418.22,424.42,413.65,423.739990234375,423.74,423.74,37596000,0.0189,0.0
TSLA,2026-06-03,20260603,418.7,433.6,416.0,423.70001220703125,423.7,423.7,44500700,-9.4e-05,0.0
TSLA,2026-06-04,20260604,419.84,426.35,417.16,418.45001220703125,418.45,418.45,35323300,-0.012391,0.0
TSLA,2026-06-05,20260605,420.5,424.68,388.59,391.0,391.0,391.0,63420200,-0.065599,0.0
TSLA,2026-06-08,20260608,396.33,412.94,394.72,408.95001220703125,408.95,408.95,50328800,0.045908,0.0
TSLA,2026-06-09,20260609,411.03,418.5,384.24,396.67999267578125,396.68,396.68,59940200,-0.030004,0.0
TSLA,2026-06-10,20260610,391.54,397.09,380.15,381.5899963378906,381.59,381.59,49695600,-0.038041,0.0
TSLA,2026-06-11,20260611,388.28,399.54,380.66,399.1499938964844,399.15,399.15,45324300,0.046018,0.0
TSLA,2026-06-12,20260612,399.49,406.68,386.76,406.42999267578125,406.43,406.43,63514500,0.018239,0.0
TSLA,2026-06-15,20260615,412.37,416.0,407.1,411.1499938964844,411.15,411.15,45620500,0.011613,0.0
TSLA,2026-06-16,20260616,404.11,412.42,400.54,404.6600036621094,404.66,404.66,40255500,-0.015785,0.0
TSLA,2026-06-17,20260617,401.53,405.94,393.76,396.3800048828125,396.38,396.38,43534300,-0.020462,0.0
TSLA,2026-06-18,20260618,398.1,402.52,384.7,400.489990234375,400.49,400.49,58384700,0.010369,0.0
TSLA,2026-06-22,20260622,394.85,414.75,394.4,405.04998779296875,405.05,405.05,47819500,0.011386,0.0
TSLA,2026-06-23,20260623,392.61,392.87,379.06,381.6099853515625,381.61,381.61,50420200,-0.057869,0.0
TSLA,2026-06-24,20260624,380.08,384.58,373.05,375.5299987792969,375.53,375.53,37081400,-0.015932,0.0
TSLA,2026-06-25,20260625,375.27,379.12,371.22,375.1199951171875,375.12,375.12,30138800,-0.001092,0.0
TSLA,2026-06-26,20260626,370.15,387.8,368.6,379.7099914550781,379.71,379.71,53434100,0.012236,0.0
TSLA,2026-06-29,20260629,381.79,413.27,379.3,411.8399963378906,411.84,411.84,57645800,0.084617,0.0
TSLA,2026-06-30,20260630,406.0,424.54,406.0,420.6000061035156,420.6,420.6,43385600,0.02127,0.0
TSLA,2026-07-01,20260701,421.46,432.86,418.09,425.29998779296875,425.3,425.3,40127900,0.011175,0.0
TSLA,2026-07-02,20260702,428.01,432.35,389.3,393.45001220703125,393.45,393.45,73717700,-0.074888,0.0
TSLA,2026-07-06,20260706,397.5,420.0,390.5,419.7699890136719,419.77,419.77,54727900,0.066895,0.0
TSLA,2026-07-07,20260707,416.96,419.56,401.88,402.8999938964844,402.9,402.9,38149900,-0.040189,0.0
TSLA,2026-07-08,20260708,399.38,399.63,390.51,394.05999755859375,394.06,394.06,33844900,-0.021941,0.0
TSLA,2026-07-09,20260709,393.99,407.86,390.86,406.54998779296875,406.55,406.55,37835000,0.031696,0.0
TSLA,2026-07-10,20260710,410.49,413.16,402.81,407.760009765625,407.76,407.76,33410000,0.002976,0.0
TSLA,2026-07-13,20260713,404.61,405.57,391.37,394.760009765625,394.76,394.76,32809200,-0.031881,0.0
TSLA,2026-07-14,20260714,399.05,402.22,394.76,396.17999267578125,396.18,396.18,23385000,0.003597,0.0
TSLA,2026-07-15,20260715,399.4,406.59,390.66,394.4599914550781,394.46,394.46,31549800,-0.004341,0.0
TSLA,2026-07-16,20260716,392.35,395.31,385.32,391.05999755859375,391.06,391.06,29269100,-0.008619,0.0
TSLA,2026-07-17,20260717,381.78,385.69,377.22,380.8399963378906,380.84,380.84,31394600,-0.026134,0.0
TSLA,2026-07-20,20260720,386.05,386.61,369.43,369.57000732421875,369.57,369.57,33901500,-0.029592,0.0
TSLA,2026-07-21,20260721,371.17,384.07,369.98,378.92999267578125,378.93,378.93,32735300,0.025327,0.0
TSLA,2026-07-22,20260722,375.53,380.17,372.9,374.010009765625,374.01,374.01,30646100,-0.012984,0.0
TSLA,2026-07-23,20260723,341.0,342.11,315.74,319.69000244140625,319.69,319.69,115606400,-0.145237,0.0
TSLA,2026-07-24,20260724,320.72,322.96,306.51,313.0299987792969,313.03,313.03,62760000,-0.020833,0.0
TSLA,2026-07-27,20260727,313.24,317.0,304.28,309.2200012207031,309.22,309.22,44919400,-0.012171,0.0
TSLA,2026-07-28,20260728,305.93,311.16,300.69,307.44000244140625,307.44,307.44,39802400,-0.005756,0.0
TSLA,2026-07-29,20260729,307.14,309.06,297.38,298.32000732421875,298.32,298.32,39478000,-0.029664,0.0
TSLA,2026-07-30,20260730,302.7,310.87,301.33,308.8500061035156,308.85,308.85,38005400,0.035298,0.0
TSLA,2026-07-31,20260731,309.69,315.5,301.97,311.2099914550781,311.21,311.21,36630600,0.007641,0.0
TSLA,2026-08-03,20260803,310.96,324.65,310.43,322.0799865722656,322.08,322.08,38281400,0.034928,0.0
TSLA,2026-08-04,20260804,324.0,329.57,320.79,327.3500061035156,327.35,327.35,33318300,0.016362,0.0
TSLA,2026-08-05,20260805,323.42,327.14,320.28,321.54998779296875,321.55,321.55,27820800,-0.017718,0.0
TSLA,2026-08-06,20260806,317.05,323.0,315.52,319.5299987792969,319.53,319.53,26033800,-0.006282,0.0
TSLA,2026-08-07,20260807,322.34,333.73,321.25,328.5799865722656,328.58,328.58,39492300,0.028323,0.0
TSLA,2026-08-10,20260810,326.6,332.05,326.15,330.8800048828125,330.88,330.88,25003800,0.007,0.0
TSLA,2026-08-11,20260811,332.8,336.2,329.53,332.80999755859375,332.81,332.81,23345200,0.005833,0.0
TSLA,2026-08-12,20260812,335.0,335.5,323.64,327.510009765625,327.51,327.51,28698900,-0.015925,0.0
TSLA,2026-08-13,20260813,327.2,341.64,325.24,339.9599914550781,339.96,339.96,34708300,0.038014,0.0
TSLA,2026-08-14,20260814,342.33,351.26,335.33,342.2699890136719,342.27,342.27,45437100,0.006795,0.0
TSLA,2026-08-17,20260817,340.69,345.45,337.48,339.29998779296875,339.3,339.3,26037100,-0.008677,0.0
TSLA,2026-08-18,20260818,333.22,340.53,331.12,336.8699951171875,336.87,336.87,27994500,-0.007162,0.0
TSLA,2026-08-19,20260819,338.89,351.62,335.7,351.1199951171875,351.12,351.12,36735400,0.042301,0.0
TSLA,2026-08-20,20260820,346.2,347.5,338.96,345.1300048828125,345.13,345.13,30766400,-0.01706,0.0
TSLA,2026-08-21,20260821,349.88,366.5,346.9,362.8599853515625,362.86,362.86,59224000,0.051372,0.0
TSLA,2026-08-24,20260824,361.41,363.24,348.26,348.95001220703125,348.95,348.95,39190500,-0.038334,0.0
TSLA,2026-08-25,20260825,349.58,357.0,349.2,350.25,350.25,350.25,29816700,0.003725,0.0
TSLA,2026-08-26,20260826,345.27,351.93,342.53,345.82000732421875,345.82,345.82,28573000,-0.012648,0.0
TSLA,2026-08-27,20260827,346.16,355.74,345.45,354.80999755859375,354.81,354.81,30136200,0.025996,0.0
TSLA,2026-08-28,20260828,357.1,358.8,345.2,348.75,348.75,348.75,32972200,-0.01708,0.0
TSLA,2026-08-31,20260831,347.21,368.92,347.15,367.95001220703125,367.95,367.95,61732300,0.055054,0.0
TSLA,2026-09-01,20260901,360.9,362.7,352.96,356.0899963378906,356.09,356.09,36193900,-0.032233,0.0
TSLA,2026-09-02,20260902,360.41,360.62,349.92,357.010009765625,357.01,357.01,33951900,0.002584,0.0
TSLA,2026-09-03,20260903,365.82,384.04,365.82,376.3699951171875,376.37,376.37,63601000,0.054228,0.0
TSLA,2026-09-04,20260904,362.07,364.69,351.32,354.0799865722656,354.08,354.08,65018200,-0.059224,0.0
TSLA,2026-09-08,20260908,357.1,370.0,355.75,368.1600036621094,368.16,368.16,51078800,0.039765,0.0
TSLA,2026-09-09,20260909,368.25,375.44,366.0,367.80999755859375,367.81,367.81,32494900,-0.000951,0.0
TSLA,2026-09-10,20260910,360.4,369.21,357.68,368.0899963378906,368.09,368.09,11149871,0.000761,0.0
